ISO-10303-21;
HEADER;
FILE_DESCRIPTION(('ViewDefinition [ReferenceView_V1.2]','RevitIdentifiers [ContentGUID: 842468bd-2a2b-4981-86ee-cd6f1c8f992a, VersionGUID: 15e48402-6940-456c-ab29-219cf7ac9889, NumberOfSaves: 38]','Options [Excluded Entities: IfcGroup;IfcAsset;IfcInventory;IfcStructuralLoadGroup;IfcStructuralLoadCase;IfcStructuralResultGroup;IfcSystem;IfcBuildingSystem;IfcDistributionSystem;IfcDistributionCircuit;IfcStructuralAnalysisModel;]','CoordinateReference [CoordinateBase: Project Base Point, ProjectSite: Internal]','ExchangeRequirement [Architecture]'),'2;1');
FILE_NAME('MiniGIM_voorbeeld_Nijevoert.ifc','2026-07-09T15:14:38+02:00',(''),('MiniGIM consortium'),'IfcOpenShell 0.8.2','Bonsai 0.8.2','');
FILE_SCHEMA(('IFC4'));
ENDSEC;
DATA;
#1=IFCORGANIZATION($,'Autodesk Revit 2025 (ENU)',$,$,$);
#2=IFCAPPLICATION(#1,'2025','Autodesk Revit 2025 (ENU)','Revit');
#3=IFCCARTESIANPOINT((0.,0.,0.));
#4=IFCCARTESIANPOINT((0.,0.));
#5=IFCDIRECTION((1.,0.,0.));
#6=IFCDIRECTION((-1.,0.,0.));
#7=IFCDIRECTION((0.,1.,0.));
#8=IFCDIRECTION((0.,-1.,0.));
#9=IFCDIRECTION((0.,0.,1.));
#10=IFCDIRECTION((0.,0.,-1.));
#11=IFCDIRECTION((1.,0.));
#12=IFCDIRECTION((-1.,0.));
#13=IFCDIRECTION((0.,1.));
#14=IFCDIRECTION((0.,-1.));
#15=IFCPERSON($,'','MODELLEUR',$,$,$,$,$);
#16=IFCORGANIZATION($,'MiniGIM Consortium.','',$,$);
#17=IFCPERSONANDORGANIZATION(#15,#16,$);
#18=IFCOWNERHISTORY(#17,#2,$,.NOCHANGE.,$,$,$,1754899095);
#19=IFCSIUNIT(*,.LENGTHUNIT.,$,.METRE.);
#20=IFCAXIS2PLACEMENT3D(#3,$,$);
#21=IFCDIRECTION((6.12323399573677E-17,1.));
#22=IFCGEOMETRICREPRESENTATIONCONTEXT($,'Model',3,1.E-05,#20,#21);
#23=IFCGEOMETRICREPRESENTATIONSUBCONTEXT('Axis','Model',*,*,*,*,#22,$,.GRAPH_VIEW.,$);
#24=IFCGEOMETRICREPRESENTATIONSUBCONTEXT('Body','Model',*,*,*,*,#22,$,.MODEL_VIEW.,$);
#25=IFCGEOMETRICREPRESENTATIONSUBCONTEXT('Box','Model',*,*,*,*,#22,$,.MODEL_VIEW.,$);
#26=IFCGEOMETRICREPRESENTATIONSUBCONTEXT('FootPrint','Model',*,*,*,*,#22,$,.MODEL_VIEW.,$);
#27=IFCSIUNIT(*,.LENGTHUNIT.,$,.METRE.);
#28=IFCPROJECTEDCRS('EPSG:28992','Netherlands, Amersfoort datum, New System','Amersfoort/b',$,$,$,#27);
#29=IFCMAPCONVERSION(#22,#28,146572.002,523311.148,0.5,1.,6.12323399573677E-17,$);
#30=IFCPROJECT('2496YzAYj9WORkpM$ZS6RQ',#18,'0000',$,$,'PROJECTNAAM','PROJECTFASE',(#22),#10613);
#31=IFCAXIS2PLACEMENT3D(#3,$,$);
#32=IFCLOCALPLACEMENT(#87,#31);
#33=IFCPOSTALADDRESS(.USERDEFINED.,'DESCRIPTION','USERDEFINEDPURPOSE','INTERNALLOCATION',('ADRESSLINE1','ADRESSLINE2'),'POBOX','CITY','STATE','POSTALCODE','COUNTRY');
#34=IFCBUILDING('2496YzAYj9WORkpM$ZS6RR',#18,'BOUWWERK',$,$,#32,$,'BOUWWERK',.ELEMENT.,$,$,#33);
#35=IFCCARTESIANPOINT((0.,0.,-3.));
#36=IFCAXIS2PLACEMENT3D(#35,$,$);
#37=IFCLOCALPLACEMENT(#32,#36);
#38=IFCBUILDINGSTOREY('12aRDchw57BQEC$_UCLpCO',#18,'-1 kelder',$,'Level:PD_level bouwniveau (PBP)',#37,$,'-1 kelder',.ELEMENT.,-3.);
#39=IFCCARTESIANPOINT((0.,0.,-0.5));
#40=IFCAXIS2PLACEMENT3D(#39,$,$);
#41=IFCLOCALPLACEMENT(#32,#40);
#42=IFCBUILDINGSTOREY('1oNviq8sDDUfmq0ONy65n8',#18,'PEIL',$,'Level:PD_level referentieniveau (SP)',#41,$,'PEIL',.ELEMENT.,-0.5);
#43=IFCAXIS2PLACEMENT3D(#3,$,$);
#44=IFCLOCALPLACEMENT(#32,#43);
#45=IFCBUILDINGSTOREY('1nR_ye5Ir23BMRElVJLC7Q',#18,'00 begane grond',$,'Level:PD_level bouwniveau (PBP)',#44,$,'begane grond',.ELEMENT.,0.);
#46=IFCCARTESIANPOINT((0.,0.,3.));
#47=IFCAXIS2PLACEMENT3D(#46,$,$);
#48=IFCLOCALPLACEMENT(#32,#47);
#49=IFCBUILDINGSTOREY('12aRDchw57BQEC$_UCLpCM',#18,'01 eerste verdieping',$,'Level:PD_level bouwniveau (PBP)',#48,$,'begane grond',.ELEMENT.,3.);
#50=IFCCARTESIANPOINT((0.,0.,6.));
#51=IFCAXIS2PLACEMENT3D(#50,$,$);
#52=IFCLOCALPLACEMENT(#32,#51);
#53=IFCBUILDINGSTOREY('12aRDchw57BQEC$_UCLpCN',#18,'02 tweede verdieping',$,'Level:PD_level bouwniveau (PBP)',#52,$,'begane grond',.ELEMENT.,6.);
#54=IFCCARTESIANPOINT((0.,0.,9.));
#55=IFCAXIS2PLACEMENT3D(#54,$,$);
#56=IFCLOCALPLACEMENT(#32,#55);
#57=IFCBUILDINGSTOREY('12aRDchw57BQEC$_UCLpCP',#18,'03 derde verdieping',$,'Level:PD_level bouwniveau (PBP)',#56,$,'begane grond',.ELEMENT.,9.);
#58=IFCCARTESIANPOINT((0.,0.,12.));
#59=IFCAXIS2PLACEMENT3D(#58,$,$);
#60=IFCLOCALPLACEMENT(#32,#59);
#61=IFCBUILDINGSTOREY('12aRDchw57BQEC$_UCLpCQ',#18,'04 vierde verdieping',$,'Level:PD_level bouwniveau (PBP)',#60,$,'begane grond',.ELEMENT.,12.);
#62=IFCCARTESIANPOINT((0.,0.,15.));
#63=IFCAXIS2PLACEMENT3D(#62,$,$);
#64=IFCLOCALPLACEMENT(#32,#63);
#65=IFCBUILDINGSTOREY('12aRDchw57BQEC$_UCLpCR',#18,'05 vijfde verdieping',$,'Level:PD_level bouwniveau (PBP)',#64,$,'begane grond',.ELEMENT.,15.);
#66=IFCCARTESIANPOINT((0.,0.,18.));
#67=IFCAXIS2PLACEMENT3D(#66,$,$);
#68=IFCLOCALPLACEMENT(#32,#67);
#69=IFCBUILDINGSTOREY('12aRDchw57BQEC$_UCLpCS',#18,'06 zesde verdieping',$,'Level:PD_level bouwniveau (PBP)',#68,$,'begane grond',.ELEMENT.,18.);
#70=IFCCARTESIANPOINT((0.,0.,21.));
#71=IFCAXIS2PLACEMENT3D(#70,$,$);
#72=IFCLOCALPLACEMENT(#32,#71);
#73=IFCBUILDINGSTOREY('12aRDchw57BQEC$_UCLpCT',#18,'07 zevende verdieping',$,'Level:PD_level bouwniveau (PBP)',#72,$,'begane grond',.ELEMENT.,21.);
#74=IFCCARTESIANPOINT((0.,0.,24.));
#75=IFCAXIS2PLACEMENT3D(#74,$,$);
#76=IFCLOCALPLACEMENT(#32,#75);
#77=IFCBUILDINGSTOREY('12aRDchw57BQEC$_UCLpCU',#18,'08 achtste verdieping',$,'Level:PD_level bouwniveau (PBP)',#76,$,'begane grond',.ELEMENT.,24.);
#78=IFCCARTESIANPOINT((0.,0.,27.));
#79=IFCAXIS2PLACEMENT3D(#78,$,$);
#80=IFCLOCALPLACEMENT(#32,#79);
#81=IFCBUILDINGSTOREY('12aRDchw57BQEC$_UCLpCV',#18,'09 negende verdieping',$,'Level:PD_level bouwniveau (PBP)',#80,$,'begane grond',.ELEMENT.,27.);
#82=IFCCARTESIANPOINT((0.,0.,30.));
#83=IFCAXIS2PLACEMENT3D(#82,$,$);
#84=IFCLOCALPLACEMENT(#32,#83);
#85=IFCBUILDINGSTOREY('12aRDchw57BQEC$_UCLpC0',#18,'10 tiende verdieping',$,'Level:PD_level bouwniveau (PBP)',#84,$,'begane grond',.ELEMENT.,30.);
#86=IFCAXIS2PLACEMENT3D(#3,$,$);
#87=IFCLOCALPLACEMENT($,#86);
#88=IFCSITE('2496YzAYj9WORkpM$ZS6RO',#18,'LOCATIE',$,$,#87,$,$,.ELEMENT.,(52,41,53,527247),(5,15,46,614729),0.,$,$);
#89=IFCPROPERTYSINGLEVALUE('Reference',$,IFCIDENTIFIER('Project Information'),$);
#90=IFCPROPERTYSET('0XeeT1CX_KnCPyRLRXh65a',#18,'Pset_SiteCommon',$,(#89));
#91=IFCRELDEFINESBYPROPERTIES('2cklsjBkWMUIKcHuB15bIW',#18,$,$,(#88),#90);
#92=IFCSIUNIT(*,.AREAUNIT.,$,.SQUARE_METRE.);
#99=IFCAXIS2PLACEMENT3D(#3,$,$);
#101=IFCCOLOURRGBLIST(((1.,1.,1.)));
#102=IFCINDEXEDPOLYGONALFACE((1,2,3));
#103=IFCINDEXEDPOLYGONALFACE((2,1,4));
#104=IFCINDEXEDPOLYGONALFACE((3,2,4));
#105=IFCINDEXEDPOLYGONALFACE((1,3,4));
#106=IFCCARTESIANPOINTLIST3D(((3.04105185477966E-14,-0.999999999999948,2.84208529516655E-45),(2.73423950147844E-14,3.1673863531978E-14,0.),(-0.999999999999949,4.31351547073672E-14,0.),(2.40823657312224E-14,2.83801426803621E-14,-0.999999999999967)));
#107=IFCPOLYGONALFACESET(#106,.T.,(#102,#103,#104,#105),$);
#108=IFCINDEXEDCOLOURMAP(#107,1.,#101,(1,1,1,1));
#109=IFCCOLOURRGB($,1.,1.,1.);
#110=IFCSURFACESTYLERENDERING(#109,0.,$,$,$,$,IFCNORMALISEDRATIOMEASURE(0.5),IFCSPECULAREXPONENT(64.),.NOTDEFINED.);
#111=IFCSURFACESTYLE('Wit',.BOTH.,(#110));
#112=IFCSTYLEDITEM(#107,(#111),$);
#113=IFCCOLOURRGBLIST(((0.,0.501960784313725,0.752941176470588)));
#114=IFCINDEXEDPOLYGONALFACE((1,2,3));
#115=IFCINDEXEDPOLYGONALFACE((4,5,6,7));
#116=IFCINDEXEDPOLYGONALFACE((4,7,1));
#117=IFCINDEXEDPOLYGONALFACE((2,1,7,6));
#118=IFCINDEXEDPOLYGONALFACE((3,2,6,5));
#119=IFCINDEXEDPOLYGONALFACE((5,4,3));
#120=IFCINDEXEDPOLYGONALFACE((1,3,4));
#121=IFCCARTESIANPOINTLIST3D(((-0.999999999999991,3.71950576628079E-14,-1.35358391162299E-16),(-0.999999999999998,-0.999999999999963,0.),(8.79829542554956E-16,-0.999999999999967,0.),(1.18811047683543E-14,3.57346152668469E-14,-0.99999999999999),(0.,-0.999999999999969,-1.),(-0.999999999999998,-0.999999999999963,-1.),(-0.999999999999991,3.73636623527645E-14,-1.)));
#122=IFCPOLYGONALFACESET(#121,.T.,(#114,#115,#116,#117,#118,#119,#120),$);
#123=IFCINDEXEDCOLOURMAP(#122,1.,#113,(1,1,1,1,1,1,1));
#124=IFCCOLOURRGB($,0.,0.501960784313725,0.752941176470588);
#125=IFCSURFACESTYLERENDERING(#124,0.,$,$,$,$,IFCNORMALISEDRATIOMEASURE(0.5),IFCSPECULAREXPONENT(64.),.NOTDEFINED.);
#126=IFCSURFACESTYLE('Blauw',.BOTH.,(#125));
#127=IFCSTYLEDITEM(#122,(#126),$);
#128=IFCCOLOURRGBLIST(((0.,0.501960784313725,0.752941176470588)));
#129=IFCINDEXEDPOLYGONALFACE((1,2,3,4,5,6,7,8,9,10,11));
#130=IFCINDEXEDPOLYGONALFACE((12,13,14,15,16,17,18,19,20,21,22));
#131=IFCINDEXEDPOLYGONALFACE((2,1,12,22));
#132=IFCINDEXEDPOLYGONALFACE((3,2,22,21));
#133=IFCINDEXEDPOLYGONALFACE((4,3,21,20));
#134=IFCINDEXEDPOLYGONALFACE((5,4,20,19));
#135=IFCINDEXEDPOLYGONALFACE((6,5,19,18));
#136=IFCINDEXEDPOLYGONALFACE((7,6,18,17));
#137=IFCINDEXEDPOLYGONALFACE((8,7,17,16));
#138=IFCINDEXEDPOLYGONALFACE((9,8,16,15));
#139=IFCINDEXEDPOLYGONALFACE((10,9,15,14));
#140=IFCINDEXEDPOLYGONALFACE((11,10,14,13));
#141=IFCINDEXEDPOLYGONALFACE((1,11,13,12));
#142=IFCCARTESIANPOINTLIST3D(((0.0200000000000022,-0.0924055669195021,-0.16),(0.0200000000000026,-0.0735700087664504,-0.16),(0.0200000000000026,-0.0735700087664504,-0.0961724738368266),(0.0200000000000037,-0.0147088895381637,-0.00931553477558601),(0.0200000000000033,-0.0369289620468419,-0.00931553477558601),(0.0200000000000028,-0.0654398166730433,-0.0540131971895662),(0.0200000000000024,-0.0815898362613045,-0.0793970548567649),(0.0200000000000021,-0.0976662794505303,-0.0557054543673795),(0.0200000000000015,-0.129083401838628,-0.00931553477558601),(0.0200000000000011,-0.151266686147789,-0.00931553477558601),(0.0200000000000022,-0.0924055669195021,-0.0961724738368266),(2.22082759676766E-15,-0.0924055669195018,-0.16),(2.22082759676766E-15,-0.0924055669195018,-0.0961724738368266),(1.06651361956006E-15,-0.151266686147789,-0.00931553477558601),(1.50170520407435E-15,-0.129083401838628,-0.00931553477558601),(2.11822389711172E-15,-0.0976662794505299,-0.0557054543673795),(2.4327019053238E-15,-0.0815898362613041,-0.0793970548567649),(2.74955163246758E-15,-0.0654398166730429,-0.0540131971895662),(3.30834200035534E-15,-0.0369289620468415,-0.00931553477558601),(3.74401445271484E-15,-0.0147088895381633,-0.00931553477558601),(2.58970047550724E-15,-0.07357000876645,-0.0961724738368266),(2.58970047550724E-15,-0.07357000876645,-0.16)));
#143=IFCPOLYGONALFACESET(#142,.T.,(#129,#130,#131,#132,#133,#134,#135,#136,#137,#138,#139,#140,#141),$);
#144=IFCINDEXEDCOLOURMAP(#143,1.,#128,(1,1,1,1,1,1,1,1,1,1,1,1,1));
#145=IFCSTYLEDITEM(#143,(#126),$);
#146=IFCCOLOURRGBLIST(((0.,0.501960784313725,0.752941176470588)));
#147=IFCINDEXEDPOLYGONALFACE((1,2,3,4,5,6,7,8,9,10,11,12,13,14,15,16));
#148=IFCINDEXEDPOLYGONALFACE((17,18,19,20,21,22,23,24,25,26,27,28,29,30,31,32));
#149=IFCINDEXEDPOLYGONALFACE((2,1,17,32));
#150=IFCINDEXEDPOLYGONALFACE((3,2,32,31));
#151=IFCINDEXEDPOLYGONALFACE((4,3,31,30));
#152=IFCINDEXEDPOLYGONALFACE((5,4,30,29));
#153=IFCINDEXEDPOLYGONALFACE((6,5,29,28));
#154=IFCINDEXEDPOLYGONALFACE((7,6,28,27));
#155=IFCINDEXEDPOLYGONALFACE((8,7,27,26));
#156=IFCINDEXEDPOLYGONALFACE((9,8,26,25));
#157=IFCINDEXEDPOLYGONALFACE((10,9,25,24));
#158=IFCINDEXEDPOLYGONALFACE((11,10,24,23));
#159=IFCINDEXEDPOLYGONALFACE((12,11,23,22));
#160=IFCINDEXEDPOLYGONALFACE((13,12,22,21));
#161=IFCINDEXEDPOLYGONALFACE((14,13,21,20));
#162=IFCINDEXEDPOLYGONALFACE((15,14,20,19));
#163=IFCINDEXEDPOLYGONALFACE((16,15,19,18));
#164=IFCINDEXEDPOLYGONALFACE((1,16,18,17));
#165=IFCCARTESIANPOINTLIST3D(((-0.00999999999999355,0.0200000000000506,-0.159999999999995),(-0.0329558364990254,0.020000000000051,-0.159999999999995),(-0.0707373174036819,0.0200000000000518,-0.106546746100807),(-0.0795296970884073,0.0200000000000519,-0.0941491228633494),(-0.087586312782779,0.0200000000000521,-0.105443100115277),(-0.126324286874895,0.0200000000000528,-0.159999999999995),(-0.14891224137875,0.0200000000000533,-0.159999999999995),(-0.0908236743403348,0.0200000000000521,-0.0781462560731589),(-0.139494462302224,0.0200000000000531,-0.00931553477558114),(-0.116538625803193,0.0200000000000526,-0.00931553477558114),(-0.089425722758663,0.0200000000000521,-0.0476120504734852),(-0.0786099921004653,0.0200000000000519,-0.0629895178718751),(-0.0693761540215278,0.0200000000000517,-0.0479431442691443),(-0.0419689453808568,0.0200000000000512,-0.00931553477558114),(-0.0194177790765194,0.0200000000000507,-0.00931553477558114),(-0.0680517788388913,0.0200000000000517,-0.0778887386765352),(-0.00999999999999394,5.055776908236E-14,-0.159999999999995),(-0.0680517788388917,5.16972740172491E-14,-0.0778887386765352),(-0.0194177790765198,5.07429105133504E-14,-0.00931553477558114),(-0.0419689453808572,5.11857307427994E-14,-0.00931553477558114),(-0.0693761540215282,5.17230451591244E-14,-0.0479431442691443),(-0.0786099921004657,5.19043722676475E-14,-0.0629895178718751),(-0.0894257227586634,5.21162465762036E-14,-0.0476120504734852),(-0.116538625803193,5.26468940832844E-14,-0.00931553477558114),(-0.139494462302225,5.30978238255132E-14,-0.00931553477558114),(-0.0908236743403352,5.21429794537693E-14,-0.0781462560731589),(-0.148912241378751,5.32815552732624E-14,-0.159999999999995),(-0.126324286874896,5.28396641592095E-14,-0.159999999999995),(-0.0875863127827794,5.20795133347715E-14,-0.105443100115277),(-0.0795296970884076,5.19220338967429E-14,-0.0941491228633494),(-0.0707373174036823,5.17492971688449E-14,-0.106546746100807),(-0.0329558364990258,5.10086988245888E-14,-0.159999999999995)));
#166=IFCPOLYGONALFACESET(#165,.T.,(#147,#148,#149,#150,#151,#152,#153,#154,#155,#156,#157,#158,#159,#160,#161,#162,#163,#164),$);
#167=IFCINDEXEDCOLOURMAP(#166,1.,#146,(1,1,1,1,1,1,1,1,1,1,1,1,1,1,1,1,1,1));
#168=IFCSTYLEDITEM(#166,(#126),$);
#169=IFCCOLOURRGBLIST(((0.,0.501960784313725,0.752941176470588)));
#170=IFCINDEXEDPOLYGONALFACE((1,2,3,4,5,6,7,8,9,10,11,12));
#171=IFCINDEXEDPOLYGONALFACE((13,14,15,16,17,18,19,20,21,22,23,24));
#172=IFCINDEXEDPOLYGONALFACE((2,1,13,24));
#173=IFCINDEXEDPOLYGONALFACE((3,2,24,23));
#174=IFCINDEXEDPOLYGONALFACE((4,3,23,22));
#175=IFCINDEXEDPOLYGONALFACE((5,4,22,21));
#176=IFCINDEXEDPOLYGONALFACE((6,5,21,20));
#177=IFCINDEXEDPOLYGONALFACE((7,6,20,19));
#178=IFCINDEXEDPOLYGONALFACE((8,7,19,18));
#179=IFCINDEXEDPOLYGONALFACE((9,8,18,17));
#180=IFCINDEXEDPOLYGONALFACE((10,9,17,16));
#181=IFCINDEXEDPOLYGONALFACE((11,10,16,15));
#182=IFCINDEXEDPOLYGONALFACE((12,11,15,14));
#183=IFCINDEXEDPOLYGONALFACE((1,12,14,13));
#184=IFCCARTESIANPOINTLIST3D(((-0.132431127994831,-0.1599999999999,0.02),(-0.014708889538257,-0.1599999999999,0.02),(-0.014708889538257,-0.141164441846849,0.02),(-0.109328138697728,-0.141164441846849,0.02),(-0.101381887601909,-0.131452357174181,0.02),(-0.0170633343073885,-0.0281510929285382,0.02),(-0.0170633343073885,-0.00931553477548642,0.02),(-0.123013348918305,-0.00931553477548642,0.02),(-0.123013348918305,-0.0281510929285382,0.02),(-0.0407549347967739,-0.0281510929285382,0.02),(-0.0553966382048103,-0.0460669460936479,0.02),(-0.132431127994831,-0.140465466056013,0.02),(-0.132431127994831,-0.1599999999999,0.),(-0.132431127994831,-0.140465466056013,0.),(-0.0553966382048103,-0.0460669460936479,0.),(-0.0407549347967739,-0.0281510929285382,0.),(-0.123013348918305,-0.0281510929285382,0.),(-0.123013348918305,-0.00931553477548642,0.),(-0.0170633343073885,-0.00931553477548642,0.),(-0.0170633343073885,-0.0281510929285382,0.),(-0.101381887601909,-0.131452357174181,0.),(-0.109328138697728,-0.141164441846849,0.),(-0.014708889538257,-0.141164441846849,0.),(-0.014708889538257,-0.1599999999999,0.)));
#185=IFCPOLYGONALFACESET(#184,.T.,(#170,#171,#172,#173,#174,#175,#176,#177,#178,#179,#180,#181,#182,#183),$);
#186=IFCINDEXEDCOLOURMAP(#185,1.,#169,(1,1,1,1,1,1,1,1,1,1,1,1,1,1));
#187=IFCSTYLEDITEM(#185,(#126),$);
#188=IFCSHAPEREPRESENTATION(#24,'Body','Tessellation',(#107,#122,#143,#166,#185));
#189=IFCAXIS2PLACEMENT3D(#3,$,$);
#190=IFCREPRESENTATIONMAP(#189,#188);
#191=IFCCARTESIANTRANSFORMATIONOPERATOR3D($,$,#3,1.,$);
#192=IFCMAPPEDITEM(#190,#191);
#193=IFCSHAPEREPRESENTATION(#24,'Body','MappedRepresentation',(#192));
#194=IFCPRODUCTDEFINITIONSHAPE($,$,(#193));
#195=IFCAXIS2PLACEMENT3D(#3,$,$);
#196=IFCLOCALPLACEMENT(#44,#195);
#197=IFCSITE('20gCMjl9z5sBFd3zBd_94N',#18,'{$this("Description")}',$,'VORM_nulpunt:VORM_nulpunt',#196,#194,$,$,$,$,$,$,$);
#198=IFCMATERIAL('Wit',$,$);
#199=IFCMATERIAL('Blauw',$,$);
#200=IFCMATERIALCONSTITUENT('Nulpunt',$,#198,$,'');
#201=IFCSHAPEREPRESENTATION(#24,'Body','Tessellation',(#107));
#202=IFCSHAPEASPECT((#201),'Nulpunt',$,.F.,#194);
#203=IFCMATERIALCONSTITUENT('Nulpunt',$,#199,$,'');
#204=IFCSHAPEREPRESENTATION(#24,'Body','Tessellation',(#122,#143,#166,#185));
#205=IFCSHAPEASPECT((#204),'Nulpunt',$,.F.,#194);
#206=IFCMATERIALCONSTITUENTSET($,$,(#200,#203));
#207=IFCPROPERTYSINGLEVALUE('Reference',$,IFCIDENTIFIER('VORM_nulpunt'),$);
#208=IFCPROPERTYSET('3JElc9YX2SHt5zATEuUETP',#18,'Pset_SiteCommon',$,(#207));
#209=IFCRELDEFINESBYPROPERTIES('3lQ_h42MXpuEajkBj0w0Es',#18,$,$,(#197),#208);
#210=IFCQUANTITYAREA('GrossArea','',$,3.90500992346693,$);
#211=IFCELEMENTQUANTITY('0MzthNgylfEIVm_t$TGV1$',#18,'Qto_SiteBaseQuantities',$,$,(#210));
#212=IFCRELDEFINESBYPROPERTIES('1cbKFduUXPRLeQeLTo0PNq',#18,$,$,(#197),#211);
#213=IFCAXIS2PLACEMENT3D(#3,$,$);
#214=IFCLOCALPLACEMENT(#41,#213);
#215=IFCCARTESIANPOINTLIST2D(((14.3999028582581,-95.9895321040743),(73.3159306046107,-95.9895321040744),(73.3128077501449,59.8493867714762),(69.9947161504932,83.8371854071711),(78.5981666549487,85.1733333220691),(78.56645034265,91.028281767825),(-87.9116740894318,67.1204956513716),(-87.8355141525974,61.2719294263682),(5.62584634996578,74.6075249413744),(8.90782445906047,51.1854503951513),(8.90789835332061,-16.3423682251494),(-41.5210161251371,-16.3427562930121),(-41.5208349583096,-13.8456561880831),(-52.5051736078367,-13.8459890205255),(-52.5057615256952,-24.8306361309898),(-41.5204934588611,-24.8310583918544),(-41.5201767566253,-21.3355990369942),(10.4055891710388,-21.3362865469044),(10.4054034830753,-114.692340720662),(14.4001084969277,-114.691832920483),(14.3999028582581,-95.9895321040743)));
#216=IFCINDEXEDPOLYCURVE(#215,$,.F.);
#217=IFCCARTESIANPOINTLIST2D(((69.3177415026482,59.4525029825426),(69.3215073034918,-91.9950146405517),(14.4004954161177,-91.9959669418877),(14.4033370606659,51.9356336182195),(11.0576008696069,75.4237723696962),(66.0244374725384,83.261102458447),(69.3177415026482,59.4525029825426)));
#218=IFCINDEXEDPOLYCURVE(#217,$,.F.);
#219=IFCARBITRARYPROFILEDEFWITHVOIDS(.AREA.,'Rijbaan',#216,(#218));
#220=IFCCARTESIANPOINT((92.5339268057607,103.3384449546,-1.5));
#221=IFCDIRECTION((-0.999853294002461,-0.0171286447925376,0.));
#222=IFCAXIS2PLACEMENT3D(#220,#9,#221);
#223=IFCEXTRUDEDAREASOLID(#219,#222,#9,1.5);
#224=IFCSIUNIT(*,.PLANEANGLEUNIT.,$,.RADIAN.);
#225=IFCDIMENSIONALEXPONENTS(0,0,0,0,0,0,0);
#226=IFCMEASUREWITHUNIT(IFCPLANEANGLEMEASURE(0.0174532925199433),#224);
#227=IFCCONVERSIONBASEDUNIT(#225,.PLANEANGLEUNIT.,'DEGREE',#226);
#228=IFCCOLOURRGB($,0.537254901960784,0.329411764705882,0.329411764705882);
#229=IFCSURFACESTYLERENDERING(#228,0.,$,$,$,$,IFCNORMALISEDRATIOMEASURE(0.5),IFCSPECULAREXPONENT(64.),.NOTDEFINED.);
#230=IFCSURFACESTYLE('steenachtig_ntb_ntb',.BOTH.,(#229));
#231=IFCSTYLEDITEM(#223,(#230),$);
#232=IFCSHAPEREPRESENTATION(#24,'Body','SweptSolid',(#223));
#233=IFCPRODUCTDEFINITIONSHAPE($,$,(#232));
#234=IFCSPACE('06DqmL9u9FrxmAarpW6uZQ',#18,'{$this("Description")}',$,'Rijbaan',#214,#233,$,$,.USERDEFINED.,$);
#235=IFCSPACETYPE('06DqmL9u9FrxmAarpW6uZ4',#18,'Toposolid:Rijbaan',$,$,$,$,'1418960',$,.USERDEFINED.,$);
#236=IFCMATERIAL('steenachtig_ntb_ntb',$,'Miscellaneous');
#237=IFCPROPERTYSINGLEVALUE('Reference',$,IFCIDENTIFIER('Rijbaan'),$);
#238=IFCPROPERTYSINGLEVALUE('IsExternal',$,IFCBOOLEAN(.F.),$);
#239=IFCPROPERTYSET('2$lC$UodJVLzgkRhjgIAac',#18,'Pset_SpaceCommon',$,(#237,#238));
#240=IFCPROPERTYSET('3_WsJhQUKdSkITbVUDZMvz',#18,'Pset_SpaceHeaterTypeCommon',$,(#237));
#241=IFCPROPERTYSINGLEVALUE('Afnemer',$,IFCTEXT('Gemeente'),$);
#242=IFCPROPERTYSET('1DLGzM_HazLSQ$XSuZAmxs',#18,'MiniGIM_ILS','',(#241));
#243=IFCRELDEFINESBYPROPERTIES('2GflpR7ML3PA2tI9boFTLe',#18,$,$,(#234),#239);
#244=IFCRELDEFINESBYPROPERTIES('2r1Ivd5ON$ZSbXtp5BtobN',#18,$,$,(#234),#240);
#245=IFCRELDEFINESBYPROPERTIES('11k5TVoYDcpjKxkgDX5SVS',#18,$,$,(#234),#242);
#246=IFCQUANTITYAREA('GrossFloorArea','',$,12635.0659971274,$);
#247=IFCQUANTITYAREA('GrossCeilingArea','',$,3199.55179467079,$);
#248=IFCSIUNIT(*,.VOLUMEUNIT.,$,.CUBIC_METRE.);
#249=IFCQUANTITYVOLUME('GrossVolume','',$,18952.598995691,$);
#250=IFCQUANTITYVOLUME('NetVolume','',$,4799.3276920062,$);
#251=IFCELEMENTQUANTITY('02GxO01kBjOdWoGKY_bEEM',#18,'Qto_SpaceBaseQuantities',$,$,(#246,#247,#249,#250));
#252=IFCRELDEFINESBYPROPERTIES('0cKxtl6Xhplq9LBvGk$Bev',#18,$,$,(#234),#251);
#253=IFCAXIS2PLACEMENT3D(#3,$,$);
#254=IFCLOCALPLACEMENT(#41,#253);
#255=IFCCARTESIANPOINTLIST2D(((-1.2466446412869,-29.4579747751599),(1.25038780793606,-29.4579747751599),(1.24616627745049,29.4580779238448),(-1.24990944409965,29.4578716264749),(-1.2466446412869,-29.4579747751599)));
#256=IFCINDEXEDPOLYCURVE(#255,$,.F.);
#257=IFCARBITRARYCLOSEDPROFILEDEF(.AREA.,'Voetpad',#256);
#258=IFCCARTESIANPOINT((47.0169177136462,199.81076248868,-1.5));
#259=IFCDIRECTION((0.0170570019456716,-0.999854518759917,0.));
#260=IFCAXIS2PLACEMENT3D(#258,#9,#259);
#261=IFCEXTRUDEDAREASOLID(#257,#260,#9,1.5);
#262=IFCCOLOURRGB($,0.752941176470588,0.752941176470588,0.752941176470588);
#263=IFCSURFACESTYLERENDERING(#262,0.,$,$,$,$,IFCNORMALISEDRATIOMEASURE(0.5),IFCSPECULAREXPONENT(64.),.NOTDEFINED.);
#264=IFCSURFACESTYLE('beton_ntb_tegel',.BOTH.,(#263));
#265=IFCSTYLEDITEM(#261,(#264),$);
#266=IFCSHAPEREPRESENTATION(#24,'Body','SweptSolid',(#261));
#267=IFCPRODUCTDEFINITIONSHAPE($,$,(#266));
#268=IFCSPACE('06DqmL9u9FrxmAarpW6ubl',#18,'{$this("Description")}',$,'Voetpad',#254,#267,$,$,.USERDEFINED.,$);
#269=IFCSPACETYPE('06DqmL9u9FrxmAarpW6ubf',#18,'Toposolid:Voetpad',$,$,$,$,'1419133',$,.USERDEFINED.,$);
#270=IFCMATERIAL('beton_ntb_tegel',$,'Miscellaneous');
#271=IFCPROPERTYSINGLEVALUE('Reference',$,IFCIDENTIFIER('Voetpad'),$);
#272=IFCPROPERTYSET('389nm0HrBjZmKN_45G2oKq',#18,'Pset_SpaceCommon',$,(#238,#271));
#273=IFCPROPERTYSET('08sEzmaPwaewuDTZwJx6kO',#18,'Pset_SpaceHeaterTypeCommon',$,(#271));
#274=IFCPROPERTYSINGLEVALUE('Afnemer',$,IFCTEXT('Gemeente'),$);
#275=IFCPROPERTYSET('3bb52_BdVY6kGN$jwPPYLQ',#18,'MiniGIM_ILS','',(#274));
#276=IFCRELDEFINESBYPROPERTIES('192VRil49jmQdZtJ$PZzSD',#18,$,$,(#268),#272);
#277=IFCRELDEFINESBYPROPERTIES('2GZz6JAe6tV2YnsQswTGlv',#18,$,$,(#268),#273);
#278=IFCRELDEFINESBYPROPERTIES('11fkffC2EVdlkzWz5222kj',#18,$,$,(#268),#275);
#279=IFCQUANTITYAREA('GrossFloorArea','',$,147.086854930381,$);
#280=IFCQUANTITYAREA('GrossCeilingArea','',$,147.086854930381,$);
#281=IFCQUANTITYVOLUME('GrossVolume','',$,220.630282395572,$);
#282=IFCQUANTITYVOLUME('NetVolume','',$,220.630282395572,$);
#283=IFCELEMENTQUANTITY('0JF4PS_XmSoalmaQbPGvrv',#18,'Qto_SpaceBaseQuantities',$,$,(#279,#280,#281,#282));
#284=IFCRELDEFINESBYPROPERTIES('1Sqp$2iW1Tetq8Ie9ygAvM',#18,$,$,(#268),#283);
#285=IFCAXIS2PLACEMENT3D(#3,$,$);
#286=IFCLOCALPLACEMENT(#41,#285);
#287=IFCCARTESIANPOINTLIST2D(((-25.2145114527055,-1.24828461261963),(25.2144030272453,-1.24828461261963),(25.2144195045169,1.24786867888642),(-25.2143110790567,1.24870054635279),(-25.2145114527055,-1.24828461261963)));
#288=IFCINDEXEDPOLYCURVE(#287,$,.F.);
#289=IFCARBITRARYCLOSEDPROFILEDEF(.AREA.,'Voetpad',#288);
#290=IFCCARTESIANPOINT((108.579504301275,118.709816670514,-1.5));
#291=IFCDIRECTION((-0.999853162162036,-0.0171363390074382,0.));
#292=IFCAXIS2PLACEMENT3D(#290,#9,#291);
#293=IFCEXTRUDEDAREASOLID(#289,#292,#9,1.5);
#294=IFCSTYLEDITEM(#293,(#264),$);
#295=IFCSHAPEREPRESENTATION(#24,'Body','SweptSolid',(#293));
#296=IFCPRODUCTDEFINITIONSHAPE($,$,(#295));
#297=IFCSPACE('06DqmL9u9FrxmAarpW6ucZ',#18,'{$this("Description")}',$,'Voetpad',#286,#296,$,$,.USERDEFINED.,$);
#298=IFCPROPERTYSET('1BEKv7ic09RWKkTEh4NUTJ',#18,'Pset_SpaceCommon',$,(#238,#271));
#299=IFCPROPERTYSET('2cWtXS09VVNOtPw$k4Y9VM',#18,'Pset_SpaceHeaterTypeCommon',$,(#271));
#300=IFCPROPERTYSINGLEVALUE('Afnemer',$,IFCTEXT('Gemeente'),$);
#301=IFCPROPERTYSET('26k15WOQSdNLy6AfT6o0qT',#18,'MiniGIM_ILS','',(#300));
#302=IFCRELDEFINESBYPROPERTIES('3qxOqsoCekXIwA_koseo2K',#18,$,$,(#297),#298);
#303=IFCRELDEFINESBYPROPERTIES('0MV0aDcfE5pHC6xC3oLh0x',#18,$,$,(#297),#299);
#304=IFCRELDEFINESBYPROPERTIES('0w4djX6Kqs$rlqKr1SxyI7',#18,$,$,(#297),#301);
#305=IFCQUANTITYAREA('GrossFloorArea','',$,125.899046442947,$);
#306=IFCQUANTITYAREA('GrossCeilingArea','',$,125.899046442947,$);
#307=IFCQUANTITYVOLUME('GrossVolume','',$,188.84856966442,$);
#308=IFCQUANTITYVOLUME('NetVolume','',$,188.84856966442,$);
#309=IFCELEMENTQUANTITY('1lDWlj055y7F9NlGFcn1SX',#18,'Qto_SpaceBaseQuantities',$,$,(#305,#306,#307,#308));
#310=IFCRELDEFINESBYPROPERTIES('0_Y0QsQBkP8$pF7pgKZkoD',#18,$,$,(#297),#309);
#311=IFCAXIS2PLACEMENT3D(#3,$,$);
#312=IFCLOCALPLACEMENT(#41,#311);
#313=IFCCARTESIANPOINTLIST2D(((-15.9475381877097,-34.0722998202614),(9.42327914395207,-34.0722998202614),(9.42349488577623,-31.5758989966598),(-13.4511334897037,-31.5751705474537),(-13.4502419632209,5.47496849679428),(14.0932443381567,5.47229974858603),(14.094493114082,30.5113378560165),(11.7596769318594,46.890861839775),(-15.9452747731925,42.9462012434645),(-15.9475381877097,-34.0722998202614)));
#314=IFCINDEXEDPOLYCURVE(#313,$,.F.);
#315=IFCCARTESIANPOINTLIST2D(((-13.450193917373,7.47166223353573),(-13.4493925164674,40.7763543050879),(9.65063489671773,44.0653608653818),(11.0226136652386,34.4322880064664),(11.5650855687915,34.4322633665536),(11.5640005995559,7.47057002889328),(-13.450193917373,7.47166223353573)));
#316=IFCINDEXEDPOLYCURVE(#315,$,.F.);
#317=IFCARBITRARYPROFILEDEFWITHVOIDS(.AREA.,'Voetpad',#314,(#316));
#318=IFCCARTESIANPOINT((154.75823268146,86.6722180199681,-1.5));
#319=IFCDIRECTION((-0.999852729939765,-0.0171615393248918,0.));
#320=IFCAXIS2PLACEMENT3D(#318,#9,#319);
#321=IFCEXTRUDEDAREASOLID(#317,#320,#9,1.5);
#322=IFCSTYLEDITEM(#321,(#264),$);
#323=IFCSHAPEREPRESENTATION(#24,'Body','SweptSolid',(#321));
#324=IFCPRODUCTDEFINITIONSHAPE($,$,(#323));
#325=IFCSPACE('06DqmL9u9FrxmAarpW6ud4',#18,'{$this("Description")}',$,'Voetpad',#312,#324,$,$,.USERDEFINED.,$);
#326=IFCPROPERTYSET('2TYhxK8fIujW$HSjC_U_yP',#18,'Pset_SpaceCommon',$,(#238,#271));
#327=IFCPROPERTYSET('1r2CezYBcatWFuxpa7iake',#18,'Pset_SpaceHeaterTypeCommon',$,(#271));
#328=IFCPROPERTYSINGLEVALUE('Afnemer',$,IFCTEXT('Gemeente'),$);
#329=IFCPROPERTYSET('3gzRXBQv$FrV$u7x_V4nHt',#18,'MiniGIM_ILS','',(#328));
#330=IFCRELDEFINESBYPROPERTIES('3kVuN3Dt9BjJmkmEg7kl3w',#18,$,$,(#325),#326);
#331=IFCRELDEFINESBYPROPERTIES('3t9iXNporOn$QaIklssHgV',#18,$,$,(#325),#327);
#332=IFCRELDEFINESBYPROPERTIES('2gJTFkm70N_S9hhuJtguWb',#18,$,$,(#325),#329);
#333=IFCQUANTITYAREA('GrossFloorArea','',$,1326.23249683189,$);
#334=IFCQUANTITYAREA('GrossCeilingArea','',$,460.669778576579,$);
#335=IFCQUANTITYVOLUME('GrossVolume','',$,1989.34874524783,$);
#336=IFCQUANTITYVOLUME('NetVolume','',$,691.004667864869,$);
#337=IFCELEMENTQUANTITY('04AVYlamCfsvUveexd3jPj',#18,'Qto_SpaceBaseQuantities',$,$,(#333,#334,#335,#336));
#338=IFCRELDEFINESBYPROPERTIES('0DjaH8Ai4IMBZrkfHWLdkd',#18,$,$,(#325),#337);
#339=IFCAXIS2PLACEMENT3D(#3,$,$);
#340=IFCLOCALPLACEMENT(#41,#339);
#341=IFCCARTESIANPOINTLIST2D(((-25.9573841998682,-1.24815921291276),(25.6319860203157,-1.24815921291276),(25.9272763365497,1.24864015234011),(-25.6018781569972,1.24767827348536),(-25.9573841998682,-1.24815921291276)));
#342=IFCINDEXEDPOLYCURVE(#341,$,.F.);
#343=IFCARBITRARYCLOSEDPROFILEDEF(.AREA.,'Voetpad',#342);
#344=IFCCARTESIANPOINT((109.886118675005,60.3992282364982,-1.5));
#345=IFCDIRECTION((0.987446455804068,0.157954097509326,0.));
#346=IFCAXIS2PLACEMENT3D(#344,#9,#345);
#347=IFCEXTRUDEDAREASOLID(#343,#346,#9,1.5);
#348=IFCSTYLEDITEM(#347,(#264),$);
#349=IFCSHAPEREPRESENTATION(#24,'Body','SweptSolid',(#347));
#350=IFCPRODUCTDEFINITIONSHAPE($,$,(#349));
#351=IFCSPACE('06DqmL9u9FrxmAarpW6uO2',#18,'{$this("Description")}',$,'Voetpad',#340,#350,$,$,.USERDEFINED.,$);
#352=IFCPROPERTYSET('0mPlO1QO2YXXdsaYK1jwBU',#18,'Pset_SpaceCommon',$,(#238,#271));
#353=IFCPROPERTYSET('3bbMAAvX8PfzHDbDphcNy0',#18,'Pset_SpaceHeaterTypeCommon',$,(#271));
#354=IFCPROPERTYSINGLEVALUE('Afnemer',$,IFCTEXT('Gemeente'),$);
#355=IFCPROPERTYSET('3AIgj5jmL3T2EC28TpQ45R',#18,'MiniGIM_ILS','',(#354));
#356=IFCRELDEFINESBYPROPERTIES('24QWRwECu6m1atqqYA1f0g',#18,$,$,(#351),#352);
#357=IFCRELDEFINESBYPROPERTIES('05SZOapBhiad2sZVpAI$Ew',#18,$,$,(#351),#353);
#358=IFCRELDEFINESBYPROPERTIES('2MbAc4lgudIrPQMdvDMM7h',#18,$,$,(#351),#355);
#359=IFCQUANTITYAREA('GrossFloorArea','',$,128.7081801466,$);
#360=IFCQUANTITYAREA('GrossCeilingArea','',$,128.708180146599,$);
#361=IFCQUANTITYVOLUME('GrossVolume','',$,193.062270219899,$);
#362=IFCQUANTITYVOLUME('NetVolume','',$,193.062270219899,$);
#363=IFCELEMENTQUANTITY('2hSEiiMXmEol_RAC8yFxjB',#18,'Qto_SpaceBaseQuantities',$,$,(#359,#360,#361,#362));
#364=IFCRELDEFINESBYPROPERTIES('1qFgtvK5WdIBhUk95kClLG',#18,$,$,(#351),#363);
#365=IFCAXIS2PLACEMENT3D(#3,$,$);
#366=IFCLOCALPLACEMENT(#41,#365);
#367=IFCCARTESIANPOINTLIST2D(((-25.2194634006628,4.82177935047282),(-25.2190979006301,14.8576529174422),(-24.4782945512858,20.0536625285315),(-26.9718280278426,20.4089712355751),(-27.7152174864708,15.0347413220215),(-27.7171537939051,-60.7601243442542),(27.2004833449105,-60.7609193235701),(27.1991818342686,7.51783454460892),(27.9212757423931,12.5871401233862),(25.4931355260004,12.9331308104648),(24.8001502215772,8.48435148484847),(24.7068284916473,4.82177935047282),(-25.2194634006628,4.82177935047282)));
#368=IFCINDEXEDPOLYCURVE(#367,$,.F.);
#369=IFCCARTESIANPOINTLIST2D(((24.7068362193281,2.32474686807456),(24.7067198224384,-58.2637564001328),(-25.2230583948553,-58.2640172235571),(-25.220676184311,2.3244061989394),(24.7068362193281,2.32474686807456)));
#370=IFCINDEXEDPOLYCURVE(#369,$,.F.);
#371=IFCARBITRARYPROFILEDEFWITHVOIDS(.AREA.,'Voetpad',#368,(#370));
#372=IFCCARTESIANPOINT((51.6983327563952,58.2145860856527,-1.5));
#373=IFCDIRECTION((0.999853305671945,0.0171279635941828,0.));
#374=IFCAXIS2PLACEMENT3D(#372,#10,#373);
#375=IFCEXTRUDEDAREASOLID(#371,#374,#10,1.5);
#376=IFCSTYLEDITEM(#375,(#264),$);
#377=IFCSHAPEREPRESENTATION(#24,'Body','SweptSolid',(#375));
#378=IFCPRODUCTDEFINITIONSHAPE($,$,(#377));
#379=IFCSPACE('06DqmL9u9FrxmAarpW6uOa',#18,'{$this("Description")}',$,'Voetpad',#366,#378,$,$,.USERDEFINED.,$);
#380=IFCPROPERTYSET('2IMW6FaPKIkS5sAP0f_AKQ',#18,'Pset_SpaceCommon',$,(#238,#271));
#381=IFCPROPERTYSET('2QZzvotDpbWnlJovhwjq6g',#18,'Pset_SpaceHeaterTypeCommon',$,(#271));
#382=IFCPROPERTYSINGLEVALUE('Afnemer',$,IFCTEXT('Gemeente'),$);
#383=IFCPROPERTYSET('25Vib2AXGtikvE9dSNDvfR',#18,'MiniGIM_ILS','',(#382));
#384=IFCRELDEFINESBYPROPERTIES('3FmhInDygWU46w7DBq0Ji2',#18,$,$,(#379),#380);
#385=IFCRELDEFINESBYPROPERTIES('2DpksJ5STDI_IxSJLRiupr',#18,$,$,(#379),#381);
#386=IFCRELDEFINESBYPROPERTIES('0b6XVXzPrVT9pNDiNgP2sv',#18,$,$,(#379),#383);
#387=IFCQUANTITYAREA('GrossFloorArea','',$,3659.93227130086,$);
#388=IFCQUANTITYAREA('GrossCeilingArea','',$,634.832375400316,$);
#389=IFCQUANTITYVOLUME('GrossVolume','',$,5489.8984069513,$);
#390=IFCQUANTITYVOLUME('NetVolume','',$,952.248563100473,$);
#391=IFCELEMENTQUANTITY('3kucDd7cbQBM4oIqrGPYyH',#18,'Qto_SpaceBaseQuantities',$,$,(#387,#388,#389,#390));
#392=IFCRELDEFINESBYPROPERTIES('1NePahLJaBz47ARjyYhYwL',#18,$,$,(#379),#391);
#393=IFCAXIS2PLACEMENT3D(#3,$,$);
#394=IFCLOCALPLACEMENT(#41,#393);
#395=IFCCARTESIANPOINTLIST2D(((-4.68573912151409,-25.2309609364436),(-4.68508767994824,-27.7338777734825),(5.96320534333199,-27.7245457770926),(5.91475159302332,27.7900948579586),(-4.69952548663194,27.7379117665264),(-4.69886285215608,25.1919904232013),(3.42667521336314,25.200348375776),(3.46458299053191,-25.2309609364436),(-4.68573912151409,-25.2309609364436)));
#396=IFCINDEXEDPOLYCURVE(#395,$,.F.);
#397=IFCARBITRARYCLOSEDPROFILEDEF(.AREA.,'Voetpad',#396);
#398=IFCCARTESIANPOINT((54.1346774612789,31.192533600441,-1.5));
#399=IFCDIRECTION((0.158822276256471,-0.987307188551118,0.));
#400=IFCAXIS2PLACEMENT3D(#398,#10,#399);
#401=IFCEXTRUDEDAREASOLID(#397,#400,#10,1.5);
#402=IFCSTYLEDITEM(#401,(#264),$);
#403=IFCSHAPEREPRESENTATION(#24,'Body','SweptSolid',(#401));
#404=IFCPRODUCTDEFINITIONSHAPE($,$,(#403));
#405=IFCSPACE('06DqmL9u9FrxmAarpW6uQH',#18,'{$this("Description")}',$,'Voetpad',#394,#404,$,$,.USERDEFINED.,$);
#406=IFCPROPERTYSET('3t_ZnRZTogyOrtlOZBaLHq',#18,'Pset_SpaceCommon',$,(#238,#271));
#407=IFCPROPERTYSET('2eAvGWNU2oHEze5c4OBIRX',#18,'Pset_SpaceHeaterTypeCommon',$,(#271));
#408=IFCPROPERTYSINGLEVALUE('Afnemer',$,IFCTEXT('Gemeente'),$);
#409=IFCPROPERTYSET('3dviSarJo5TdHp_62Jj0k5',#18,'MiniGIM_ILS','',(#408));
#410=IFCRELDEFINESBYPROPERTIES('1X7JZCz7yNMFZGCPg1XEJk',#18,$,$,(#405),#406);
#411=IFCRELDEFINESBYPROPERTIES('3l9AwifrHzfme9mVES1p_5',#18,$,$,(#405),#407);
#412=IFCRELDEFINESBYPROPERTIES('1NJBnzXWTT4fr1MuU3Dm7s',#18,$,$,(#405),#409);
#413=IFCQUANTITYAREA('GrossFloorArea','',$,179.59258733138,$);
#414=IFCQUANTITYAREA('GrossCeilingArea','',$,179.592587331379,$);
#415=IFCQUANTITYVOLUME('GrossVolume','',$,269.388880997069,$);
#416=IFCQUANTITYVOLUME('NetVolume','',$,269.388880997069,$);
#417=IFCELEMENTQUANTITY('3cQ8gG7O9MtmcsRMe82_Zq',#18,'Qto_SpaceBaseQuantities',$,$,(#413,#414,#415,#416));
#418=IFCRELDEFINESBYPROPERTIES('2YKs7jnZXubu6aXLZAi9gB',#18,$,$,(#405),#417);
#419=IFCAXIS2PLACEMENT3D(#3,$,$);
#420=IFCLOCALPLACEMENT(#41,#419);
#421=IFCCARTESIANPOINTLIST2D(((-22.38467877393,-37.344887284209),(-22.384376658459,-40.8407384635189),(6.48079375570904,-40.8396557224965),(6.47812705745784,37.6613544096272),(12.8972055357492,36.7469309720419),(12.9429746778322,40.2705942915417),(2.98381584790892,41.6912890812227),(2.98613855773178,-37.344887284209),(-22.38467877393,-37.344887284209)));
#422=IFCINDEXEDPOLYCURVE(#421,$,.F.);
#423=IFCARBITRARYCLOSEDPROFILEDEF(.AREA.,'Fietspad',#422);
#424=IFCCARTESIANPOINT((167.77388612379,83.622550079629,-1.5));
#425=IFCDIRECTION((0.999852729939765,0.0171615393248912,0.));
#426=IFCAXIS2PLACEMENT3D(#424,#10,#425);
#427=IFCEXTRUDEDAREASOLID(#423,#426,#10,1.5);
#428=IFCCOLOURRGB($,0.662745098039216,0.262745098039216,0.262745098039216);
#429=IFCSURFACESTYLERENDERING(#428,0.,$,$,$,$,IFCNORMALISEDRATIOMEASURE(0.5),IFCSPECULAREXPONENT(64.),.NOTDEFINED.);
#430=IFCSURFACESTYLE('bitumen_asfalt_ntb',.BOTH.,(#429));
#431=IFCSTYLEDITEM(#427,(#430),$);
#432=IFCSHAPEREPRESENTATION(#24,'Body','SweptSolid',(#427));
#433=IFCPRODUCTDEFINITIONSHAPE($,$,(#432));
#434=IFCSPACE('06DqmL9u9FrxmAarpW6uQc',#18,'{$this("Description")}',$,'Toposolid:Fietspad',#420,#433,$,$,.USERDEFINED.,$);
#435=IFCSPACETYPE('06DqmL9u9FrxmAarpW6uQW',#18,'Toposolid:Fietspad',$,$,$,$,'1419444',$,.USERDEFINED.,$);
#436=IFCMATERIAL('bitumen_asfalt_ntb',$,'Miscellaneous');
#437=IFCPROPERTYSINGLEVALUE('Reference',$,IFCIDENTIFIER('Fietspad'),$);
#438=IFCPROPERTYSET('292HHJGIdwDUdty1jip8_V',#18,'Pset_SpaceCommon',$,(#238,#437));
#439=IFCPROPERTYSET('0LPoxfe9yxat0Pjcmtskg5',#18,'Pset_SpaceHeaterTypeCommon',$,(#437));
#440=IFCPROPERTYSINGLEVALUE('Afnemer',$,IFCTEXT('Gemeente'),$);
#441=IFCPROPERTYSET('021eAOcV1iNeZnwIHu75hb',#18,'MiniGIM_ILS','',(#440));
#442=IFCRELDEFINESBYPROPERTIES('1pXsqS$598R_vB4HBCglEl',#18,$,$,(#434),#438);
#443=IFCRELDEFINESBYPROPERTIES('2mu5pcSo3Eja3F3BezhDnF',#18,$,$,(#434),#439);
#444=IFCRELDEFINESBYPROPERTIES('1lbMHaGO06988VtFpECfUQ',#18,$,$,(#434),#441);
#445=IFCQUANTITYAREA('GrossFloorArea','',$,398.94834289809,$);
#446=IFCQUANTITYAREA('GrossCeilingArea','',$,398.94834289809,$);
#447=IFCQUANTITYVOLUME('GrossVolume','',$,598.422514347134,$);
#448=IFCQUANTITYVOLUME('NetVolume','',$,598.422514347134,$);
#449=IFCELEMENTQUANTITY('3z007GUr8RxaDrFmWl0y7E',#18,'Qto_SpaceBaseQuantities',$,$,(#445,#446,#447,#448));
#450=IFCRELDEFINESBYPROPERTIES('1APN5z$7IANvk2kUt4DEWJ',#18,$,$,(#434),#449);
#451=IFCAXIS2PLACEMENT3D(#3,$,$);
#452=IFCLOCALPLACEMENT(#41,#451);
#453=IFCCARTESIANPOINTLIST2D(((-27.4588381978432,-1.74765790552938),(27.4587989467264,-1.74765790552938),(27.458916151505,1.74707295743598),(-27.4588769003883,1.74824285362275),(-27.4588381978432,-1.74765790552938)));
#454=IFCINDEXEDPOLYCURVE(#453,$,.F.);
#455=IFCARBITRARYCLOSEDPROFILEDEF(.AREA.,'Fietspad',#454);
#456=IFCCARTESIANPOINT((50.3693919288546,120.709171376279,-1.5));
#457=IFCDIRECTION((0.999853057625404,0.0171424373159185,0.));
#458=IFCAXIS2PLACEMENT3D(#456,#9,#457);
#459=IFCEXTRUDEDAREASOLID(#455,#458,#9,1.5);
#460=IFCSTYLEDITEM(#459,(#430),$);
#461=IFCSHAPEREPRESENTATION(#24,'Body','SweptSolid',(#459));
#462=IFCPRODUCTDEFINITIONSHAPE($,$,(#461));
#463=IFCSPACE('06DqmL9u9FrxmAarpW6uSZ',#18,'{$this("Description")}',$,'Toposolid:Fietspad',#452,#462,$,$,.USERDEFINED.,$);
#464=IFCPROPERTYSET('2vPlDg8XEqCCn99ekizdlw',#18,'Pset_SpaceCommon',$,(#238,#437));
#465=IFCPROPERTYSET('1DG$cVXG6M1YSUXdngik71',#18,'Pset_SpaceHeaterTypeCommon',$,(#437));
#466=IFCPROPERTYSINGLEVALUE('Afnemer',$,IFCTEXT('Gemeente'),$);
#467=IFCPROPERTYSET('0XAta1X4fciNo8ZA5QbQDL',#18,'MiniGIM_ILS','',(#466));
#468=IFCRELDEFINESBYPROPERTIES('0jnMA6qeJsoZSiLUeLqVwx',#18,$,$,(#463),#464);
#469=IFCRELDEFINESBYPROPERTIES('3Tw6DgddbHi3lvN0gxylvZ',#18,$,$,(#463),#465);
#470=IFCRELDEFINESBYPROPERTIES('111Ynh1JVl10oh2EqM5_ht',#18,$,$,(#463),#467);
#471=IFCQUANTITYAREA('GrossFloorArea','',$,191.954757913028,$);
#472=IFCQUANTITYAREA('GrossCeilingArea','',$,191.954757913029,$);
#473=IFCQUANTITYVOLUME('GrossVolume','',$,287.932136869542,$);
#474=IFCQUANTITYVOLUME('NetVolume','',$,287.932136869543,$);
#475=IFCELEMENTQUANTITY('2LBg2R2IBFKyGrtThaUxB3',#18,'Qto_SpaceBaseQuantities',$,$,(#471,#472,#473,#474));
#476=IFCRELDEFINESBYPROPERTIES('0Tvk1HhkPpia8lrvPbd8WD',#18,$,$,(#463),#475);
#477=IFCAXIS2PLACEMENT3D(#3,$,$);
#478=IFCLOCALPLACEMENT(#41,#477);
#479=IFCCARTESIANPOINTLIST2D(((-2.89168249289132,-1.79315442919449),(2.96292862607247,-1.79315442919449),(2.88159466402145,1.81363151359721),(-2.95284079720259,1.77267734479177),(-2.89168249289132,-1.79315442919449)));
#480=IFCINDEXEDPOLYCURVE(#479,$,.F.);
#481=IFCARBITRARYCLOSEDPROFILEDEF(.AREA.,'Fietspad',#480);
#482=IFCCARTESIANPOINT((15.9968923336493,120.235673644504,-1.5));
#483=IFCAXIS2PLACEMENT3D(#482,#9,#6);
#484=IFCEXTRUDEDAREASOLID(#481,#483,#9,1.5);
#485=IFCSTYLEDITEM(#484,(#430),$);
#486=IFCSHAPEREPRESENTATION(#24,'Body','SweptSolid',(#484));
#487=IFCPRODUCTDEFINITIONSHAPE($,$,(#486));
#488=IFCSPACE('06DqmL9u9FrxmAarpW6uT4',#18,'{$this("Description")}',$,'Toposolid:Fietspad',#478,#487,$,$,.USERDEFINED.,$);
#489=IFCPROPERTYSET('0cT9KLHYQ2wtJV_U4Zr_nc',#18,'Pset_SpaceCommon',$,(#238,#437));
#490=IFCPROPERTYSET('02pim6dIGMqLlcCH6sojPZ',#18,'Pset_SpaceHeaterTypeCommon',$,(#437));
#491=IFCPROPERTYSINGLEVALUE('Afnemer',$,IFCTEXT('Gemeente'),$);
#492=IFCPROPERTYSET('0ORj_KRXJpMemaG3_bUITJ',#18,'MiniGIM_ILS','',(#491));
#493=IFCRELDEFINESBYPROPERTIES('3uR8nBXvtfHd5hB5_YY0V1',#18,$,$,(#488),#489);
#494=IFCRELDEFINESBYPROPERTIES('3dmH3oRfUmi0jn8bD4p_q$',#18,$,$,(#488),#490);
#495=IFCRELDEFINESBYPROPERTIES('0zwCi_F3knENvrgYefy0lL',#18,$,$,(#488),#492);
#496=IFCQUANTITYAREA('GrossFloorArea','',$,20.961724561407,$);
#497=IFCQUANTITYAREA('GrossCeilingArea','',$,20.961724561407,$);
#498=IFCQUANTITYVOLUME('GrossVolume','',$,31.4425868421106,$);
#499=IFCQUANTITYVOLUME('NetVolume','',$,31.4425868421105,$);
#500=IFCELEMENTQUANTITY('04omhM7fEBdaWE3RgmK0Ew',#18,'Qto_SpaceBaseQuantities',$,$,(#496,#497,#498,#499));
#501=IFCRELDEFINESBYPROPERTIES('21HMs0kQIYf9uCprcL_Dfl',#18,$,$,(#488),#500);
#502=IFCAXIS2PLACEMENT3D(#3,$,$);
#503=IFCLOCALPLACEMENT(#41,#502);
#504=IFCCARTESIANPOINTLIST2D(((-7.14278279778595,-18.3739468483738),(6.83782026060052,-18.3739468483738),(6.83679286614631,10.9071188923471),(0.611673265239812,11.9499910799664),(-7.14350359420069,13.890783724434),(-7.14278279778595,-18.3739468483738)));
#505=IFCINDEXEDPOLYCURVE(#504,$,.F.);
#506=IFCARBITRARYCLOSEDPROFILEDEF(.AREA.,'Kavel',#505);
#507=IFCCARTESIANPOINT((30.8584676728823,219.159309550977,-1.5));
#508=IFCDIRECTION((0.999853572016433,0.0171124085382362,0.));
#509=IFCAXIS2PLACEMENT3D(#507,#9,#508);
#510=IFCEXTRUDEDAREASOLID(#506,#509,#9,1.5);
#511=IFCCOLOURRGB($,0.286274509803922,0.686274509803922,0.337254901960784);
#512=IFCSURFACESTYLERENDERING(#511,0.,$,$,$,$,IFCNORMALISEDRATIOMEASURE(0.5),IFCSPECULAREXPONENT(64.),.NOTDEFINED.);
#513=IFCSURFACESTYLE('ntb_aarde_ntb',.BOTH.,(#512));
#514=IFCSTYLEDITEM(#510,(#513),$);
#515=IFCSHAPEREPRESENTATION(#24,'Body','SweptSolid',(#510));
#516=IFCPRODUCTDEFINITIONSHAPE($,$,(#515));
#517=IFCSPACE('00cLEFM_H6_A2yhNR7fEkL',#18,'{$this("Description")}',$,'Kavel',#503,#516,$,$,.USERDEFINED.,$);
#518=IFCSPACETYPE('00cLEFM_H6_A2yhNR7fEkN',#18,'Toposolid:Kavel',$,$,$,$,'1419627',$,.USERDEFINED.,$);
#519=IFCMATERIAL('ntb_aarde_ntb',$,'Miscellaneous');
#520=IFCPROPERTYSINGLEVALUE('Reference',$,IFCIDENTIFIER('Kavel'),$);
#521=IFCPROPERTYSET('0y4WmQvdcDmwdQSBm0zQkQ',#18,'Pset_SpaceCommon',$,(#238,#520));
#522=IFCPROPERTYSET('21QMLMM1aIta4gCfXI$kBO',#18,'Pset_SpaceHeaterTypeCommon',$,(#520));
#523=IFCPROPERTYSINGLEVALUE('Afnemer',$,IFCTEXT('Particulier'),$);
#524=IFCPROPERTYSINGLEVALUE('Bepalingsmethode',$,IFCTEXT('NVO'),$);
#525=IFCPROPERTYSINGLEVALUE('EenheidNummer',$,IFCTEXT('01.00.01'),$);
#526=IFCPROPERTYSINGLEVALUE('TerreinType',$,IFCTEXT('Kadastraal perceel'),$);
#527=IFCPROPERTYSET('2nlK4XBTD9IXbOPEginAxk',#18,'MiniGIM_ILS','',(#523,#524,#525,#526));
#528=IFCRELDEFINESBYPROPERTIES('165tSuCyGqpqvf1cMSORFE',#18,$,$,(#517),#521);
#529=IFCRELDEFINESBYPROPERTIES('2EVmUoFSBN_Y2SwVzF7hz9',#18,$,$,(#517),#522);
#530=IFCRELDEFINESBYPROPERTIES('3NLZ_VGr9rMfTYAAkKus5e',#18,$,$,(#517),#527);
#531=IFCQUANTITYAREA('GrossFloorArea','',$,428.220648589053,$);
#532=IFCQUANTITYAREA('GrossCeilingArea','',$,428.220648589054,$);
#533=IFCQUANTITYVOLUME('GrossVolume','',$,642.33097288358,$);
#534=IFCQUANTITYVOLUME('NetVolume','',$,642.33097288358,$);
#535=IFCELEMENTQUANTITY('1SQqt8HFC195TVgnBgtdsA',#18,'Qto_SpaceBaseQuantities',$,$,(#531,#532,#533,#534));
#536=IFCRELDEFINESBYPROPERTIES('2SAGTP7kvEsYpfEPALkqY6',#18,$,$,(#517),#535);
#537=IFCAXIS2PLACEMENT3D(#3,$,$);
#538=IFCLOCALPLACEMENT(#41,#537);
#539=IFCCARTESIANPOINTLIST2D(((-14.796259221802,-5.49219724789111),(14.4848044957233,-5.4921972478911),(14.4851899001503,5.49195038453329),(-14.1737351740715,5.49244411124892),(-14.796259221802,-5.49219724789111)));
#540=IFCINDEXEDPOLYCURVE(#539,$,.F.);
#541=IFCARBITRARYCLOSEDPROFILEDEF(.AREA.,'Kavel',#540);
#542=IFCCARTESIANPOINT((43.2527208549597,215.481916946749,-1.5));
#543=IFCDIRECTION((0.0171474907212049,-0.999852970972216,0.));
#544=IFCAXIS2PLACEMENT3D(#542,#9,#543);
#545=IFCEXTRUDEDAREASOLID(#541,#544,#9,1.5);
#546=IFCSTYLEDITEM(#545,(#513),$);
#547=IFCSHAPEREPRESENTATION(#24,'Body','SweptSolid',(#545));
#548=IFCPRODUCTDEFINITIONSHAPE($,$,(#547));
#549=IFCSPACE('00cLEFM_H6_A2yhNR7fEjL',#18,'{$this("Description")}',$,'Kavel',#538,#548,$,$,.USERDEFINED.,$);
#550=IFCPROPERTYSET('37tzLDczVZR5uH119e6ssf',#18,'Pset_SpaceCommon',$,(#238,#520));
#551=IFCPROPERTYSET('1bJIIdg6pqFQmNfHqksvdR',#18,'Pset_SpaceHeaterTypeCommon',$,(#520));
#552=IFCPROPERTYSINGLEVALUE('Afnemer',$,IFCTEXT('Particulier'),$);
#553=IFCPROPERTYSINGLEVALUE('Bepalingsmethode',$,IFCTEXT('NVO'),$);
#554=IFCPROPERTYSINGLEVALUE('EenheidNummer',$,IFCTEXT('01.00.02'),$);
#555=IFCPROPERTYSINGLEVALUE('TerreinType',$,IFCTEXT('Kadastraal perceel'),$);
#556=IFCPROPERTYSET('3pfhm9L$iBPkIG8X7WEEfo',#18,'MiniGIM_ILS','',(#552,#553,#554,#555));
#557=IFCRELDEFINESBYPROPERTIES('1gTkVx6ffLa8nBPGWKi45T',#18,$,$,(#549),#550);
#558=IFCRELDEFINESBYPROPERTIES('1Z3TyTdoJz7lbNiDtznuBd',#18,$,$,(#549),#551);
#559=IFCRELDEFINESBYPROPERTIES('2A8i78c_hFnrkNfnCGjOlg',#18,$,$,(#549),#556);
#560=IFCQUANTITYAREA('GrossFloorArea','',$,318.217923871635,$);
#561=IFCQUANTITYAREA('GrossCeilingArea','',$,318.217923871635,$);
#562=IFCQUANTITYVOLUME('GrossVolume','',$,477.326885807452,$);
#563=IFCQUANTITYVOLUME('NetVolume','',$,477.326885807452,$);
#564=IFCELEMENTQUANTITY('0kEfz_R_va4LTeaP6vETvI',#18,'Qto_SpaceBaseQuantities',$,$,(#560,#561,#562,#563));
#565=IFCRELDEFINESBYPROPERTIES('0dg4mjnPYJCxKxfkn_ky_q',#18,$,$,(#549),#564);
#566=IFCAXIS2PLACEMENT3D(#3,$,$);
#567=IFCLOCALPLACEMENT(#41,#566);
#568=IFCCARTESIANPOINTLIST2D(((-14.4391967226266,-5.49222631933291),(14.2197274115215,-5.49222631933291),(14.2199235884604,5.49213766811366),(-14.0004542773552,5.49231497055216),(-14.4391967226266,-5.49222631933291)));
#569=IFCINDEXEDPOLYCURVE(#568,$,.F.);
#570=IFCARBITRARYCLOSEDPROFILEDEF(.AREA.,'Kavel',#569);
#571=IFCCARTESIANPOINT((54.2400811401108,215.404754151076,-1.5));
#572=IFCDIRECTION((0.017130265574238,-0.999853266235279,0.));
#573=IFCAXIS2PLACEMENT3D(#571,#9,#572);
#574=IFCEXTRUDEDAREASOLID(#570,#573,#9,1.5);
#575=IFCSTYLEDITEM(#574,(#513),$);
#576=IFCSHAPEREPRESENTATION(#24,'Body','SweptSolid',(#574));
#577=IFCPRODUCTDEFINITIONSHAPE($,$,(#576));
#578=IFCSPACE('00cLEFM_H6_A2yhNR7fEi_',#18,'{$this("Description")}',$,'Kavel',#567,#577,$,$,.USERDEFINED.,$);
#579=IFCPROPERTYSET('3J3dYZJdByC3_5fw2INJc8',#18,'Pset_SpaceCommon',$,(#238,#520));
#580=IFCPROPERTYSET('1F3Q9Rnhz6GjpJfV1oH6rV',#18,'Pset_SpaceHeaterTypeCommon',$,(#520));
#581=IFCPROPERTYSINGLEVALUE('Afnemer',$,IFCTEXT('Particulier'),$);
#582=IFCPROPERTYSINGLEVALUE('Bepalingsmethode',$,IFCTEXT('NVO'),$);
#583=IFCPROPERTYSINGLEVALUE('EenheidNummer',$,IFCTEXT('01.00.03'),$);
#584=IFCPROPERTYSINGLEVALUE('TerreinType',$,IFCTEXT('Kadastraal perceel'),$);
#585=IFCPROPERTYSET('2e8jVoILN_650JEr3RKaa9',#18,'MiniGIM_ILS','',(#581,#582,#583,#584));
#586=IFCRELDEFINESBYPROPERTIES('1DTWp6ZN1K4vS5M4TfOKdO',#18,$,$,(#578),#579);
#587=IFCRELDEFINESBYPROPERTIES('2bI43YgiuVSkjhkOvZXhMl',#18,$,$,(#578),#580);
#588=IFCRELDEFINESBYPROPERTIES('3oilKQZbAs_N$nsM6Ls0H3',#18,$,$,(#578),#585);
#589=IFCQUANTITYAREA('GrossFloorArea','',$,312.394018925708,$);
#590=IFCQUANTITYAREA('GrossCeilingArea','',$,312.394018925708,$);
#591=IFCQUANTITYVOLUME('GrossVolume','',$,468.591028388562,$);
#592=IFCQUANTITYVOLUME('NetVolume','',$,468.591028388562,$);
#593=IFCELEMENTQUANTITY('1dsUS6hbr1bQge6pqirTgC',#18,'Qto_SpaceBaseQuantities',$,$,(#589,#590,#591,#592));
#594=IFCRELDEFINESBYPROPERTIES('2Iv0i6jqrutCYYK3PEXTNV',#18,$,$,(#578),#593);
#595=IFCAXIS2PLACEMENT3D(#3,$,$);
#596=IFCLOCALPLACEMENT(#41,#595);
#597=IFCCARTESIANPOINTLIST2D(((-13.9131014035523,-6.99004321685016),(14.3072764628204,-6.99004321685016),(14.3074383143878,6.99055080384697),(-14.7016133736559,6.98953562985332),(-13.9131014035523,-6.99004321685016)));
#598=IFCINDEXEDPOLYCURVE(#597,$,.F.);
#599=IFCARBITRARYCLOSEDPROFILEDEF(.AREA.,'Kavel',#598);
#600=IFCCARTESIANPOINT((66.7190247182073,215.705874910408,-1.5));
#601=IFCDIRECTION((0.0171239837153407,-0.999853373841243,0.));
#602=IFCAXIS2PLACEMENT3D(#600,#9,#601);
#603=IFCEXTRUDEDAREASOLID(#599,#602,#9,1.5);
#604=IFCSTYLEDITEM(#603,(#513),$);
#605=IFCSHAPEREPRESENTATION(#24,'Body','SweptSolid',(#603));
#606=IFCPRODUCTDEFINITIONSHAPE($,$,(#605));
#607=IFCSPACE('00cLEFM_H6_A2yhNR7fEid',#18,'{$this("Description")}',$,'Kavel',#596,#606,$,$,.USERDEFINED.,$);
#608=IFCPROPERTYSET('0s_rYBETPI91TZa3r81XB5',#18,'Pset_SpaceCommon',$,(#238,#520));
#609=IFCPROPERTYSET('0OuKR6njUNukDcNvPOGyr1',#18,'Pset_SpaceHeaterTypeCommon',$,(#520));
#610=IFCPROPERTYSINGLEVALUE('Afnemer',$,IFCTEXT('Particulier'),$);
#611=IFCPROPERTYSINGLEVALUE('Bepalingsmethode',$,IFCTEXT('NVO'),$);
#612=IFCPROPERTYSINGLEVALUE('EenheidNummer',$,IFCTEXT('01.00.04'),$);
#613=IFCPROPERTYSINGLEVALUE('TerreinType',$,IFCTEXT('Kadastraal perceel'),$);
#614=IFCPROPERTYSET('2MZZ_94mpaypsGNMBEXuId',#18,'MiniGIM_ILS','',(#610,#611,#612,#613));
#615=IFCRELDEFINESBYPROPERTIES('0C2_rXmGDZOP8xa2NEJ1jx',#18,$,$,(#607),#608);
#616=IFCRELDEFINESBYPROPERTIES('0ega5fOKz1G$gALbZjZsjE',#18,$,$,(#607),#609);
#617=IFCRELDEFINESBYPROPERTIES('3KynxcFPqihsb3aTQSoA8g',#18,$,$,(#607),#614);
#618=IFCQUANTITYAREA('GrossFloorArea','',$,400.036385939186,$);
#619=IFCQUANTITYAREA('GrossCeilingArea','',$,400.036385939187,$);
#620=IFCQUANTITYVOLUME('GrossVolume','',$,600.054578908779,$);
#621=IFCQUANTITYVOLUME('NetVolume','',$,600.05457890878,$);
#622=IFCELEMENTQUANTITY('1ekI5X12fTNyxPTe$$iwjv',#18,'Qto_SpaceBaseQuantities',$,$,(#618,#619,#620,#621));
#623=IFCRELDEFINESBYPROPERTIES('1R8j7SLEam5BvoJg81QRPK',#18,$,$,(#607),#622);
#624=IFCAXIS2PLACEMENT3D(#3,$,$);
#625=IFCLOCALPLACEMENT(#41,#624);
#626=IFCCARTESIANPOINTLIST2D(((-7.20714453286679,-7.41936744733094),(19.3410191255018,-7.41936744733094),(19.3402498548277,4.2772804256343),(-4.14023449556441,4.27641614091477),(-5.44352067935557,3.7091657183225),(-6.91939162589378,2.31554382206431),(-7.29025764368483,1.39172631269026),(-7.68072000296416,-1.13139752496416),(-7.20714453286679,-7.41936744733094)));
#627=IFCINDEXEDPOLYCURVE(#626,$,.F.);
#628=IFCARBITRARYCLOSEDPROFILEDEF(.AREA.,'Kavel',#627);
#629=IFCCARTESIANPOINT((90.9632919239536,224.753759147374,-1.5));
#630=IFCDIRECTION((0.0171198383554182,-0.999853444828133,0.));
#631=IFCAXIS2PLACEMENT3D(#629,#9,#630);
#632=IFCEXTRUDEDAREASOLID(#628,#631,#9,1.5);
#633=IFCSTYLEDITEM(#632,(#513),$);
#634=IFCSHAPEREPRESENTATION(#24,'Body','SweptSolid',(#632));
#635=IFCPRODUCTDEFINITIONSHAPE($,$,(#634));
#636=IFCSPACE('00cLEFM_H6_A2yhNR7fEi8',#18,'{$this("Description")}',$,'Kavel',#625,#635,$,$,.USERDEFINED.,$);
#637=IFCPROPERTYSET('2_vVigVWt6QAZN_5sdy$Ss',#18,'Pset_SpaceCommon',$,(#238,#520));
#638=IFCPROPERTYSET('2vXqKIMN4SyVjT2REBSu3H',#18,'Pset_SpaceHeaterTypeCommon',$,(#520));
#639=IFCPROPERTYSINGLEVALUE('Afnemer',$,IFCTEXT('Particulier'),$);
#640=IFCPROPERTYSINGLEVALUE('Bepalingsmethode',$,IFCTEXT('NVO'),$);
#641=IFCPROPERTYSINGLEVALUE('EenheidNummer',$,IFCTEXT('03.00.01'),$);
#642=IFCPROPERTYSINGLEVALUE('TerreinType',$,IFCTEXT('Kadastraal perceel'),$);
#643=IFCPROPERTYSET('1bTMH3tWznqZ54b70m00ZU',#18,'MiniGIM_ILS','',(#639,#640,#641,#642));
#644=IFCRELDEFINESBYPROPERTIES('3jNJH6I0m8XinKaQBcZP4T',#18,$,$,(#636),#637);
#645=IFCRELDEFINESBYPROPERTIES('1CsWYjM2N6c8EcaZoUmVk_',#18,$,$,(#636),#638);
#646=IFCRELDEFINESBYPROPERTIES('05rRnAOTCjoWGFl0Ouk9JI',#18,$,$,(#636),#643);
#647=IFCQUANTITYAREA('GrossFloorArea','',$,309.804428822297,$);
#648=IFCQUANTITYAREA('GrossCeilingArea','',$,309.804428822297,$);
#649=IFCQUANTITYVOLUME('GrossVolume','',$,464.706643233445,$);
#650=IFCQUANTITYVOLUME('NetVolume','',$,464.706643233445,$);
#651=IFCELEMENTQUANTITY('1av5UiiDsHnAV7VejludFF',#18,'Qto_SpaceBaseQuantities',$,$,(#647,#648,#649,#650));
#652=IFCRELDEFINESBYPROPERTIES('2rsi2ECx_snAS2uWPKiGi$',#18,$,$,(#636),#651);
#653=IFCAXIS2PLACEMENT3D(#3,$,$);
#654=IFCLOCALPLACEMENT(#41,#653);
#655=IFCCARTESIANPOINTLIST2D(((-5.84894829909688,-13.4809872069589),(5.84769959916524,-13.4809872069589),(5.84941616989464,13.4804734870709),(-5.84816746996302,13.4815009268469),(-5.84894829909688,-13.4809872069589)));
#656=IFCINDEXEDPOLYCURVE(#655,$,.F.);
#657=IFCARBITRARYCLOSEDPROFILEDEF(.AREA.,'Kavel',#656);
#658=IFCCARTESIANPOINT((89.9546417514223,191.910056095887,-1.5));
#659=IFCDIRECTION((-0.999852316720073,-0.0171855971529018,0.));
#660=IFCAXIS2PLACEMENT3D(#658,#9,#659);
#661=IFCEXTRUDEDAREASOLID(#657,#660,#9,1.5);
#662=IFCSTYLEDITEM(#661,(#513),$);
#663=IFCSHAPEREPRESENTATION(#24,'Body','SweptSolid',(#661));
#664=IFCPRODUCTDEFINITIONSHAPE($,$,(#663));
#665=IFCSPACE('00cLEFM_H6_A2yhNR7fEZR',#18,'{$this("Description")}',$,'Kavel',#654,#664,$,$,.USERDEFINED.,$);
#666=IFCPROPERTYSET('2YrlxNcxqmyV3xEDLkBZ1$',#18,'Pset_SpaceCommon',$,(#238,#520));
#667=IFCPROPERTYSET('1jhHIH4sy3ZqeLv8DgMaOx',#18,'Pset_SpaceHeaterTypeCommon',$,(#520));
#668=IFCPROPERTYSINGLEVALUE('Afnemer',$,IFCTEXT('Particulier'),$);
#669=IFCPROPERTYSINGLEVALUE('Bepalingsmethode',$,IFCTEXT('NVO'),$);
#670=IFCPROPERTYSINGLEVALUE('EenheidNummer',$,IFCTEXT('03.00.02'),$);
#671=IFCPROPERTYSINGLEVALUE('TerreinType',$,IFCTEXT('Kadastraal perceel'),$);
#672=IFCPROPERTYSET('3HW4BAhoAZeo0KnPnyzBqJ',#18,'MiniGIM_ILS','',(#668,#669,#670,#671));
#673=IFCRELDEFINESBYPROPERTIES('0Sf2wfUBgRvzuH834bySw9',#18,$,$,(#665),#666);
#674=IFCRELDEFINESBYPROPERTIES('3sK0Z3WJLDe$oFoCuyH_gf',#18,$,$,(#665),#667);
#675=IFCRELDEFINESBYPROPERTIES('0r0L1A43gAEyqfIPrE1VSz',#18,$,$,(#665),#672);
#676=IFCQUANTITYAREA('GrossFloorArea','',$,315.377336723509,$);
#677=IFCQUANTITYAREA('GrossCeilingArea','',$,315.377336723509,$);
#678=IFCQUANTITYVOLUME('GrossVolume','',$,473.066005085264,$);
#679=IFCQUANTITYVOLUME('NetVolume','',$,473.066005085264,$);
#680=IFCELEMENTQUANTITY('1RmbZ3e39vwAhUGyIyVutZ',#18,'Qto_SpaceBaseQuantities',$,$,(#676,#677,#678,#679));
#681=IFCRELDEFINESBYPROPERTIES('1BhempaA283bRb0PIeN3jO',#18,$,$,(#665),#680);
#682=IFCAXIS2PLACEMENT3D(#3,$,$);
#683=IFCLOCALPLACEMENT(#41,#682);
#684=IFCCARTESIANPOINTLIST2D(((-5.84827464695786,-13.4808836740542),(5.84930903802163,-13.4808836740542),(5.84882757502478,13.4812088372341),(-5.84986196608856,13.4805585108743),(-5.84827464695786,-13.4808836740542)));
#685=IFCINDEXEDPOLYCURVE(#684,$,.F.);
#686=IFCARBITRARYCLOSEDPROFILEDEF(.AREA.,'Kavel',#685);
#687=IFCCARTESIANPOINT((90.4167065657512,164.952144848452,-1.5));
#688=IFCDIRECTION((-0.999853822334516,-0.017097776553076,0.));
#689=IFCAXIS2PLACEMENT3D(#687,#9,#688);
#690=IFCEXTRUDEDAREASOLID(#686,#689,#9,1.5);
#691=IFCSTYLEDITEM(#690,(#513),$);
#692=IFCSHAPEREPRESENTATION(#24,'Body','SweptSolid',(#690));
#693=IFCPRODUCTDEFINITIONSHAPE($,$,(#692));
#694=IFCSPACE('00cLEFM_H6_A2yhNR7fEYy',#18,'{$this("Description")}',$,'Kavel',#683,#693,$,$,.USERDEFINED.,$);
#695=IFCPROPERTYSET('1b7tzuaOWOmSw7jZ0x57$r',#18,'Pset_SpaceCommon',$,(#238,#520));
#696=IFCPROPERTYSET('1pCAdLomsPYDwKqllnp4eS',#18,'Pset_SpaceHeaterTypeCommon',$,(#520));
#697=IFCPROPERTYSINGLEVALUE('Afnemer',$,IFCTEXT('Particulier'),$);
#698=IFCPROPERTYSINGLEVALUE('Bepalingsmethode',$,IFCTEXT('NVO'),$);
#699=IFCPROPERTYSINGLEVALUE('EenheidNummer',$,IFCTEXT('03.00.03'),$);
#700=IFCPROPERTYSINGLEVALUE('TerreinType',$,IFCTEXT('Kadastraal perceel'),$);
#701=IFCPROPERTYSET('0J57DW__NHd84pa_kYYsV9',#18,'MiniGIM_ILS','',(#697,#698,#699,#700));
#702=IFCRELDEFINESBYPROPERTIES('2$6VLsNaG3kMbV9Re2D53G',#18,$,$,(#694),#695);
#703=IFCRELDEFINESBYPROPERTIES('3aIwWWLI9$Bf4nxRY4w4O0',#18,$,$,(#694),#696);
#704=IFCRELDEFINESBYPROPERTIES('3Ensy69FYJjf5ErVMhwC55',#18,$,$,(#694),#701);
#705=IFCQUANTITYAREA('GrossFloorArea','',$,315.402438103693,$);
#706=IFCQUANTITYAREA('GrossCeilingArea','',$,315.402438103693,$);
#707=IFCQUANTITYVOLUME('GrossVolume','',$,473.103657155539,$);
#708=IFCQUANTITYVOLUME('NetVolume','',$,473.103657155539,$);
#709=IFCELEMENTQUANTITY('2O$KbW3V$kVthkx507z0G6',#18,'Qto_SpaceBaseQuantities',$,$,(#705,#706,#707,#708));
#710=IFCRELDEFINESBYPROPERTIES('3oiZbIOKSMaUzHnPQ4we4p',#18,$,$,(#694),#709);
#711=IFCAXIS2PLACEMENT3D(#3,$,$);
#712=IFCLOCALPLACEMENT(#41,#711);
#713=IFCCARTESIANPOINTLIST2D(((-5.84932950621014,-12.1543569000603),(5.84936005297892,-12.1543569000603),(5.84937879017867,12.1540549982353),(-5.84940933694744,12.1546588018852),(-5.84932950621014,-12.1543569000603)));
#714=IFCINDEXEDPOLYCURVE(#713,$,.F.);
#715=IFCARBITRARYCLOSEDPROFILEDEF(.AREA.,'Kavel',#714);
#716=IFCCARTESIANPOINT((90.8562201297109,139.320672249848,-1.5));
#717=IFCDIRECTION((-0.99985287032978,-0.0171533580764797,0.));
#718=IFCAXIS2PLACEMENT3D(#716,#9,#717);
#719=IFCEXTRUDEDAREASOLID(#715,#718,#9,1.5);
#720=IFCSTYLEDITEM(#719,(#513),$);
#721=IFCSHAPEREPRESENTATION(#24,'Body','SweptSolid',(#719));
#722=IFCPRODUCTDEFINITIONSHAPE($,$,(#721));
#723=IFCSPACE('00cLEFM_H6_A2yhNR7fEYb',#18,'{$this("Description")}',$,'Kavel',#712,#722,$,$,.USERDEFINED.,$);
#724=IFCPROPERTYSET('2m5aux$S6K0jkdbTHJLKjo',#18,'Pset_SpaceCommon',$,(#238,#520));
#725=IFCPROPERTYSET('0C2rtrzpZpLwlXeuTkd8W0',#18,'Pset_SpaceHeaterTypeCommon',$,(#520));
#726=IFCPROPERTYSINGLEVALUE('Afnemer',$,IFCTEXT('Particulier'),$);
#727=IFCPROPERTYSINGLEVALUE('Bepalingsmethode',$,IFCTEXT('NVO'),$);
#728=IFCPROPERTYSINGLEVALUE('EenheidNummer',$,IFCTEXT('03.00.04'),$);
#729=IFCPROPERTYSINGLEVALUE('TerreinType',$,IFCTEXT('Kadastraal perceel'),$);
#730=IFCPROPERTYSET('2v$NyOyQzKsUSx8njOettp',#18,'MiniGIM_ILS','',(#726,#727,#728,#729));
#731=IFCRELDEFINESBYPROPERTIES('0dAmyqu0iYGebyU5u8QoWZ',#18,$,$,(#723),#724);
#732=IFCRELDEFINESBYPROPERTIES('0AmtnQojFf$Ql2YrM8h68E',#18,$,$,(#723),#725);
#733=IFCRELDEFINESBYPROPERTIES('2$H1xw8hO1Me27RV9SIeQ6',#18,$,$,(#723),#730);
#734=IFCQUANTITYAREA('GrossFloorArea','',$,284.381294351449,$);
#735=IFCQUANTITYAREA('GrossCeilingArea','',$,284.381294351449,$);
#736=IFCQUANTITYVOLUME('GrossVolume','',$,426.571941527173,$);
#737=IFCQUANTITYVOLUME('NetVolume','',$,426.571941527173,$);
#738=IFCELEMENTQUANTITY('3TpVeH8faa3ewL$y4tE8Fc',#18,'Qto_SpaceBaseQuantities',$,$,(#734,#735,#736,#737));
#739=IFCRELDEFINESBYPROPERTIES('0Nd1vi7vQChjJnXVHPtXAs',#18,$,$,(#723),#738);
#740=IFCAXIS2PLACEMENT3D(#3,$,$);
#741=IFCLOCALPLACEMENT(#41,#740);
#742=IFCCARTESIANPOINTLIST2D(((-8.51713752312601,-12.482049048281),(8.51883389676271,-12.482049048281),(8.51709885975227,12.4825095149999),(-8.51879523338898,12.4815885815622),(-8.51713752312601,-12.482049048281)));
#743=IFCINDEXEDPOLYCURVE(#742,$,.F.);
#744=IFCARBITRARYCLOSEDPROFILEDEF(.AREA.,'Kavel',#743);
#745=IFCCARTESIANPOINT((36.8031729870415,183.875916400811,-1.5));
#746=IFCDIRECTION((0.0170849733022885,-0.999854041191643,0.));
#747=IFCAXIS2PLACEMENT3D(#745,#9,#746);
#748=IFCEXTRUDEDAREASOLID(#744,#747,#9,1.5);
#749=IFCSTYLEDITEM(#748,(#513),$);
#750=IFCSHAPEREPRESENTATION(#24,'Body','SweptSolid',(#748));
#751=IFCPRODUCTDEFINITIONSHAPE($,$,(#750));
#752=IFCSPACE('00cLEFM_H6_A2yhNR7fEYE',#18,'{$this("Description")}',$,'Kavel',#741,#751,$,$,.USERDEFINED.,$);
#753=IFCPROPERTYSET('3jXQb1NuIdNJTNsWnGU1nB',#18,'Pset_SpaceCommon',$,(#238,#520));
#754=IFCPROPERTYSET('0_Wxqg0Qwe5m0scWFLdBBL',#18,'Pset_SpaceHeaterTypeCommon',$,(#520));
#755=IFCPROPERTYSINGLEVALUE('Afnemer',$,IFCTEXT('Particulier'),$);
#756=IFCPROPERTYSINGLEVALUE('Bepalingsmethode',$,IFCTEXT('NVO'),$);
#757=IFCPROPERTYSINGLEVALUE('EenheidNummer',$,IFCTEXT('02.00.01'),$);
#758=IFCPROPERTYSINGLEVALUE('TerreinType',$,IFCTEXT('Kadastraal perceel'),$);
#759=IFCPROPERTYSET('1ZgnKYvZf9r9zeMwUljdBT',#18,'MiniGIM_ILS','',(#755,#756,#757,#758));
#760=IFCRELDEFINESBYPROPERTIES('2skD1f_HXdBiyNTLTloSzF',#18,$,$,(#752),#753);
#761=IFCRELDEFINESBYPROPERTIES('0uNsAz0XmopqJk6k6YDwXj',#18,$,$,(#752),#754);
#762=IFCRELDEFINESBYPROPERTIES('3mbHEOwWGD1eAQz_HFLrEd',#18,$,$,(#752),#759);
#763=IFCQUANTITYAREA('GrossFloorArea','',$,425.286697281198,$);
#764=IFCQUANTITYAREA('GrossCeilingArea','',$,425.286697281198,$);
#765=IFCQUANTITYVOLUME('GrossVolume','',$,637.930045921797,$);
#766=IFCQUANTITYVOLUME('NetVolume','',$,637.930045921797,$);
#767=IFCELEMENTQUANTITY('1GAlPD_fMdFHoAJG2HuzOh',#18,'Qto_SpaceBaseQuantities',$,$,(#763,#764,#765,#766));
#768=IFCRELDEFINESBYPROPERTIES('3jwroS1ruN8NMQy7FAYBSk',#18,$,$,(#752),#767);
#769=IFCAXIS2PLACEMENT3D(#3,$,$);
#770=IFCLOCALPLACEMENT(#41,#769);
#771=IFCCARTESIANPOINTLIST2D(((-7.98930575360771,-12.4824232728076),(7.9884737660978,-12.4824232728076),(7.98930603657303,12.4823697516722),(-7.98847404906305,12.482476793943),(-7.98930575360771,-12.4824232728076)));
#772=IFCINDEXEDPOLYCURVE(#771,$,.F.);
#773=IFCARBITRARYCLOSEDPROFILEDEF(.AREA.,'Kavel',#772);
#774=IFCCARTESIANPOINT((61.7549140268126,184.832582139476,-1.5));
#775=IFCDIRECTION((0.0171390238022346,-0.99985311614412,0.));
#776=IFCAXIS2PLACEMENT3D(#774,#9,#775);
#777=IFCEXTRUDEDAREASOLID(#773,#776,#9,1.5);
#778=IFCSTYLEDITEM(#777,(#513),$);
#779=IFCSHAPEREPRESENTATION(#24,'Body','SweptSolid',(#777));
#780=IFCPRODUCTDEFINITIONSHAPE($,$,(#779));
#781=IFCSPACE('00cLEFM_H6_A2yhNR7fEXt',#18,'{$this("Description")}',$,'Kavel',#770,#780,$,$,.USERDEFINED.,$);
#782=IFCPROPERTYSET('2byH4V9tVl$LoMxMv1QNqx',#18,'Pset_SpaceCommon',$,(#238,#520));
#783=IFCPROPERTYSET('3tIWSiWvhpDLUD8EVqaiva',#18,'Pset_SpaceHeaterTypeCommon',$,(#520));
#784=IFCPROPERTYSINGLEVALUE('Afnemer',$,IFCTEXT('Particulier'),$);
#785=IFCPROPERTYSINGLEVALUE('Bepalingsmethode',$,IFCTEXT('NVO'),$);
#786=IFCPROPERTYSINGLEVALUE('EenheidNummer',$,IFCTEXT('02.00.12'),$);
#787=IFCPROPERTYSINGLEVALUE('TerreinType',$,IFCTEXT('Kadastraal perceel'),$);
#788=IFCPROPERTYSET('16_Gkz$y5qjnFR$OdAoTo9',#18,'MiniGIM_ILS','',(#784,#785,#786,#787));
#789=IFCRELDEFINESBYPROPERTIES('1ErQOqP_iIYIcihXmQQUmh',#18,$,$,(#781),#782);
#790=IFCRELDEFINESBYPROPERTIES('1_vdxiwW4N6ANnh7cf7z4I',#18,$,$,(#781),#783);
#791=IFCRELDEFINESBYPROPERTIES('3MJw2vC3AGv2rS0ugXCHB_',#18,$,$,(#781),#788);
#792=IFCQUANTITYAREA('GrossFloorArea','',$,398.882820957835,$);
#793=IFCQUANTITYAREA('GrossCeilingArea','',$,398.882820957835,$);
#794=IFCQUANTITYVOLUME('GrossVolume','',$,598.324231436752,$);
#795=IFCQUANTITYVOLUME('NetVolume','',$,598.324231436753,$);
#796=IFCELEMENTQUANTITY('2ujWVMtFy0fFdfJ9YhTykS',#18,'Qto_SpaceBaseQuantities',$,$,(#792,#793,#794,#795));
#797=IFCRELDEFINESBYPROPERTIES('0A5BBtovCyalEiu0Or8N1Y',#18,$,$,(#781),#796);
#798=IFCAXIS2PLACEMENT3D(#3,$,$);
#799=IFCLOCALPLACEMENT(#41,#798);
#800=IFCCARTESIANPOINTLIST2D(((-12.4825177022871,-5.49210028929674),(12.4821918688258,-5.49210028929675),(12.4826920983504,5.49215460293373),(-12.4823662648891,5.49204597565972),(-12.4825177022871,-5.49210028929674)));
#801=IFCINDEXEDPOLYCURVE(#800,$,.F.);
#802=IFCARBITRARYCLOSEDPROFILEDEF(.AREA.,'Kavel',#801);
#803=IFCCARTESIANPOINT((61.9856340490273,171.353566422086,-1.5));
#804=IFCDIRECTION((-0.999853686965295,-0.0171056909216205,0.));
#805=IFCAXIS2PLACEMENT3D(#803,#9,#804);
#806=IFCEXTRUDEDAREASOLID(#802,#805,#9,1.5);
#807=IFCSTYLEDITEM(#806,(#513),$);
#808=IFCSHAPEREPRESENTATION(#24,'Body','SweptSolid',(#806));
#809=IFCPRODUCTDEFINITIONSHAPE($,$,(#808));
#810=IFCSPACE('00cLEFM_H6_A2yhNR7fEXO',#18,'{$this("Description")}',$,'Kavel',#799,#809,$,$,.USERDEFINED.,$);
#811=IFCPROPERTYSET('0QHEe9X41SOysqoMR9bznT',#18,'Pset_SpaceCommon',$,(#238,#520));
#812=IFCPROPERTYSET('1aWeibKd377eVSetaVJARQ',#18,'Pset_SpaceHeaterTypeCommon',$,(#520));
#813=IFCPROPERTYSINGLEVALUE('Afnemer',$,IFCTEXT('Particulier'),$);
#814=IFCPROPERTYSINGLEVALUE('Bepalingsmethode',$,IFCTEXT('NVO'),$);
#815=IFCPROPERTYSINGLEVALUE('EenheidNummer',$,IFCTEXT('02.00.11'),$);
#816=IFCPROPERTYSINGLEVALUE('TerreinType',$,IFCTEXT('Kadastraal perceel'),$);
#817=IFCPROPERTYSET('1M6_abQKxmduAJ$RIkVksE',#18,'MiniGIM_ILS','',(#813,#814,#815,#816));
#818=IFCRELDEFINESBYPROPERTIES('3GuEfbX3zZq0vwuP91nFua',#18,$,$,(#810),#811);
#819=IFCRELDEFINESBYPROPERTIES('3nzRPsYCUwmIWhOdx34jLd',#18,$,$,(#810),#812);
#820=IFCRELDEFINESBYPROPERTIES('0qznSSondIOUntfa5vLD0J',#18,$,$,(#810),#817);
#821=IFCQUANTITYAREA('GrossFloorArea','',$,274.219292899078,$);
#822=IFCQUANTITYAREA('GrossCeilingArea','',$,274.219292899078,$);
#823=IFCQUANTITYVOLUME('GrossVolume','',$,411.328939348617,$);
#824=IFCQUANTITYVOLUME('NetVolume','',$,411.328939348617,$);
#825=IFCELEMENTQUANTITY('0PRGsK4nBFI5CbIs$MaLyM',#18,'Qto_SpaceBaseQuantities',$,$,(#821,#822,#823,#824));
#826=IFCRELDEFINESBYPROPERTIES('1CN67uGQVJyiugUJr5HR87',#18,$,$,(#810),#825);
#827=IFCAXIS2PLACEMENT3D(#3,$,$);
#828=IFCLOCALPLACEMENT(#41,#827);
#829=IFCCARTESIANPOINTLIST2D(((-12.4820495683733,-5.4921100216056),(12.4828781327685,-5.4921100216056),(12.4819561392576,5.49205599337153),(-12.4827847036528,5.49216404983973),(-12.4820495683733,-5.4921100216056)));
#830=IFCINDEXEDPOLYCURVE(#829,$,.F.);
#831=IFCARBITRARYCLOSEDPROFILEDEF(.AREA.,'Kavel',#830);
#832=IFCCARTESIANPOINT((62.1738670995055,160.370969072558,-1.5));
#833=IFCDIRECTION((-0.999853612526019,-0.0171100414572691,0.));
#834=IFCAXIS2PLACEMENT3D(#832,#9,#833);
#835=IFCEXTRUDEDAREASOLID(#831,#834,#9,1.5);
#836=IFCSTYLEDITEM(#835,(#513),$);
#837=IFCSHAPEREPRESENTATION(#24,'Body','SweptSolid',(#835));
#838=IFCPRODUCTDEFINITIONSHAPE($,$,(#837));
#839=IFCSPACE('00cLEFM_H6_A2yhNR7fEX1',#18,'{$this("Description")}',$,'Kavel',#828,#838,$,$,.USERDEFINED.,$);
#840=IFCPROPERTYSET('2fgVomLZM7SykhvZjQmYty',#18,'Pset_SpaceCommon',$,(#238,#520));
#841=IFCPROPERTYSET('2yUgXJP0awDWQiuH5S0f47',#18,'Pset_SpaceHeaterTypeCommon',$,(#520));
#842=IFCPROPERTYSINGLEVALUE('Afnemer',$,IFCTEXT('Particulier'),$);
#843=IFCPROPERTYSINGLEVALUE('Bepalingsmethode',$,IFCTEXT('NVO'),$);
#844=IFCPROPERTYSINGLEVALUE('EenheidNummer',$,IFCTEXT('02.00.10'),$);
#845=IFCPROPERTYSINGLEVALUE('TerreinType',$,IFCTEXT('Kadastraal perceel'),$);
#846=IFCPROPERTYSET('32duk1tN_3rF$ynJk1ZjH0',#18,'MiniGIM_ILS','',(#842,#843,#844,#845));
#847=IFCRELDEFINESBYPROPERTIES('0veFZXXpJX5q3zufGh56Vn',#18,$,$,(#839),#840);
#848=IFCRELDEFINESBYPROPERTIES('3GO1prDdSqH1Q2JKHjUeQ_',#18,$,$,(#839),#841);
#849=IFCRELDEFINESBYPROPERTIES('01dxtDQpYS9t$iGaoRkFaE',#18,$,$,(#839),#846);
#850=IFCQUANTITYAREA('GrossFloorArea','',$,274.21923294147,$);
#851=IFCQUANTITYAREA('GrossCeilingArea','',$,274.21923294147,$);
#852=IFCQUANTITYVOLUME('GrossVolume','',$,411.328849412204,$);
#853=IFCQUANTITYVOLUME('NetVolume','',$,411.328849412205,$);
#854=IFCELEMENTQUANTITY('2INu4YRV0jZjOok2Elqt0L',#18,'Qto_SpaceBaseQuantities',$,$,(#850,#851,#852,#853));
#855=IFCRELDEFINESBYPROPERTIES('1E$RTMevenw5EZ8Wa8bnxR',#18,$,$,(#839),#854);
#856=IFCAXIS2PLACEMENT3D(#3,$,$);
#857=IFCLOCALPLACEMENT(#41,#856);
#858=IFCCARTESIANPOINTLIST2D(((-12.4824062872717,-4.19405270588861),(12.4821523363018,-4.19405270588861),(12.4818690302701,4.19360500580203),(-12.4816150793002,4.19450040597519),(-12.4824062872717,-4.19405270588861)));
#859=IFCINDEXEDPOLYCURVE(#858,$,.F.);
#860=IFCARBITRARYCLOSEDPROFILEDEF(.AREA.,'Kavel',#859);
#861=IFCCARTESIANPOINT((37.0207521806426,171.165759493327,-1.5));
#862=IFCDIRECTION((-0.999852851371098,-0.0171544631243423,0.));
#863=IFCAXIS2PLACEMENT3D(#861,#9,#862);
#864=IFCEXTRUDEDAREASOLID(#860,#863,#9,1.5);
#865=IFCSTYLEDITEM(#864,(#513),$);
#866=IFCSHAPEREPRESENTATION(#24,'Body','SweptSolid',(#864));
#867=IFCPRODUCTDEFINITIONSHAPE($,$,(#866));
#868=IFCSPACE('00cLEFM_H6_A2yhNR7fEWg',#18,'{$this("Description")}',$,'Kavel',#857,#867,$,$,.USERDEFINED.,$);
#869=IFCPROPERTYSET('2Ud6iy$X2gthWgQBIMiQHR',#18,'Pset_SpaceCommon',$,(#238,#520));
#870=IFCPROPERTYSET('3TGjGLNyIz8F7HRW_T$Ll6',#18,'Pset_SpaceHeaterTypeCommon',$,(#520));
#871=IFCPROPERTYSINGLEVALUE('Afnemer',$,IFCTEXT('Particulier'),$);
#872=IFCPROPERTYSINGLEVALUE('Bepalingsmethode',$,IFCTEXT('NVO'),$);
#873=IFCPROPERTYSINGLEVALUE('EenheidNummer',$,IFCTEXT('02.00.02'),$);
#874=IFCPROPERTYSINGLEVALUE('TerreinType',$,IFCTEXT('Kadastraal perceel'),$);
#875=IFCPROPERTYSET('2JsLaCGEDFCmKcmgdn9Kez',#18,'MiniGIM_ILS','',(#871,#872,#873,#874));
#876=IFCRELDEFINESBYPROPERTIES('3NwSe5VUVFladRdByM5Ptg',#18,$,$,(#868),#869);
#877=IFCRELDEFINESBYPROPERTIES('2tdLfr4LrN1dnRFboX1okv',#18,$,$,(#868),#870);
#878=IFCRELDEFINESBYPROPERTIES('0qjrigEfdO95LO6AnxMsjZ',#18,$,$,(#868),#875);
#879=IFCQUANTITYAREA('GrossFloorArea','',$,209.400842838358,$);
#880=IFCQUANTITYAREA('GrossCeilingArea','',$,209.400842838358,$);
#881=IFCQUANTITYVOLUME('GrossVolume','',$,314.101264257537,$);
#882=IFCQUANTITYVOLUME('NetVolume','',$,314.101264257537,$);
#883=IFCELEMENTQUANTITY('1l7O9h6XZjP2SImtLOhkmz',#18,'Qto_SpaceBaseQuantities',$,$,(#879,#880,#881,#882));
#884=IFCRELDEFINESBYPROPERTIES('3KUxQQ82IqStgYpap7HGDA',#18,$,$,(#868),#883);
#885=IFCAXIS2PLACEMENT3D(#3,$,$);
#886=IFCLOCALPLACEMENT(#41,#885);
#887=IFCCARTESIANPOINTLIST2D(((-11.7329455235006,-2.54638169488504),(11.7330212689548,-2.54638169488504),(11.7329455226443,2.54643986947384),(-11.7330212680984,2.54632352029626),(-11.7329455235006,-2.54638169488504)));
#888=IFCINDEXEDPOLYCURVE(#887,$,.F.);
#889=IFCARBITRARYCLOSEDPROFILEDEF(.AREA.,'Kavel',#888);
#890=IFCCARTESIANPOINT((36.3875513551628,164.413496143102,-1.5));
#891=IFCDIRECTION((-0.999853466031025,-0.0171185999937307,0.));
#892=IFCAXIS2PLACEMENT3D(#890,#9,#891);
#893=IFCEXTRUDEDAREASOLID(#889,#892,#9,1.5);
#894=IFCSTYLEDITEM(#893,(#513),$);
#895=IFCSHAPEREPRESENTATION(#24,'Body','SweptSolid',(#893));
#896=IFCPRODUCTDEFINITIONSHAPE($,$,(#895));
#897=IFCSPACE('00cLEFM_H6_A2yhNR7fEWJ',#18,'{$this("Description")}',$,'Kavel',#886,#896,$,$,.USERDEFINED.,$);
#898=IFCPROPERTYSET('32X0xfZES7TUm8PDUXNweM',#18,'Pset_SpaceCommon',$,(#238,#520));
#899=IFCPROPERTYSET('1buWXu7HfO3lVjsTi4$_ea',#18,'Pset_SpaceHeaterTypeCommon',$,(#520));
#900=IFCPROPERTYSINGLEVALUE('Afnemer',$,IFCTEXT('Particulier'),$);
#901=IFCPROPERTYSINGLEVALUE('Bepalingsmethode',$,IFCTEXT('NVO'),$);
#902=IFCPROPERTYSINGLEVALUE('EenheidNummer',$,IFCTEXT('02.00.03'),$);
#903=IFCPROPERTYSINGLEVALUE('TerreinType',$,IFCTEXT('Kadastraal perceel'),$);
#904=IFCPROPERTYSET('3$DTqZy08pkGrcfhKFDKtb',#18,'MiniGIM_ILS','',(#900,#901,#902,#903));
#905=IFCRELDEFINESBYPROPERTIES('3Ebwx8e6FYs5XlPEhSFvdm',#18,$,$,(#897),#898);
#906=IFCRELDEFINESBYPROPERTIES('0qHMPwt7LNjsKHVXQAlmbv',#18,$,$,(#897),#899);
#907=IFCRELDEFINESBYPROPERTIES('3jfh9JY5lLuPXfiKcN46XE',#18,$,$,(#897),#904);
#908=IFCQUANTITYAREA('GrossFloorArea','',$,119.506616586223,$);
#909=IFCQUANTITYAREA('GrossCeilingArea','',$,119.506616586223,$);
#910=IFCQUANTITYVOLUME('GrossVolume','',$,179.259924879334,$);
#911=IFCQUANTITYVOLUME('NetVolume','',$,179.259924879334,$);
#912=IFCELEMENTQUANTITY('0updbtqoeph9J6s14GfAvK',#18,'Qto_SpaceBaseQuantities',$,$,(#908,#909,#910,#911));
#913=IFCRELDEFINESBYPROPERTIES('0$9atPGCaHLD_I32Mm7D_J',#18,$,$,(#897),#912);
#914=IFCAXIS2PLACEMENT3D(#3,$,$);
#915=IFCLOCALPLACEMENT(#41,#914);
#916=IFCCARTESIANPOINTLIST2D(((-11.732958148533,-2.54641078610626),(11.7330086424981,-2.54641078610626),(11.7329581485324,2.54641078607082),(-11.7330086424975,2.54641078614178),(-11.732958148533,-2.54641078610626)));
#917=IFCINDEXEDPOLYCURVE(#916,$,.F.);
#918=IFCARBITRARYCLOSEDPROFILEDEF(.AREA.,'Kavel',#917);
#919=IFCCARTESIANPOINT((36.4748085667416,159.321451226016,-1.5));
#920=IFCDIRECTION((-0.999853381141131,-0.0171235574763938,0.));
#921=IFCAXIS2PLACEMENT3D(#919,#9,#920);
#922=IFCEXTRUDEDAREASOLID(#918,#921,#9,1.5);
#923=IFCSTYLEDITEM(#922,(#513),$);
#924=IFCSHAPEREPRESENTATION(#24,'Body','SweptSolid',(#922));
#925=IFCPRODUCTDEFINITIONSHAPE($,$,(#924));
#926=IFCSPACE('00cLEFM_H6_A2yhNR7fEdq',#18,'{$this("Description")}',$,'Kavel',#915,#925,$,$,.USERDEFINED.,$);
#927=IFCPROPERTYSET('1OCs1tPbaVXizbqpfRiuZf',#18,'Pset_SpaceCommon',$,(#238,#520));
#928=IFCPROPERTYSET('1MwnsnCIsHuiOKQ8mQIoBH',#18,'Pset_SpaceHeaterTypeCommon',$,(#520));
#929=IFCPROPERTYSINGLEVALUE('Afnemer',$,IFCTEXT('Particulier'),$);
#930=IFCPROPERTYSINGLEVALUE('Bepalingsmethode',$,IFCTEXT('NVO'),$);
#931=IFCPROPERTYSINGLEVALUE('EenheidNummer',$,IFCTEXT('02.00.04'),$);
#932=IFCPROPERTYSINGLEVALUE('TerreinType',$,IFCTEXT('Kadastraal perceel'),$);
#933=IFCPROPERTYSET('27oc_$ZzrB5SlYDNXz$bHa',#18,'MiniGIM_ILS','',(#929,#930,#931,#932));
#934=IFCRELDEFINESBYPROPERTIES('2Og7CiYmwc7J39zPb9A9g_',#18,$,$,(#926),#927);
#935=IFCRELDEFINESBYPROPERTIES('16ooSS5mcRchTfFVqsCkg0',#18,$,$,(#926),#928);
#936=IFCRELDEFINESBYPROPERTIES('1BDIi15z46e75rivdfKMja',#18,$,$,(#926),#933);
#937=IFCQUANTITYAREA('GrossFloorArea','',$,119.507981886184,$);
#938=IFCQUANTITYAREA('GrossCeilingArea','',$,119.507981886184,$);
#939=IFCQUANTITYVOLUME('GrossVolume','',$,179.261972829276,$);
#940=IFCQUANTITYVOLUME('NetVolume','',$,179.261972829276,$);
#941=IFCELEMENTQUANTITY('0rO56w0BnCnIT_wUyXavF2',#18,'Qto_SpaceBaseQuantities',$,$,(#937,#938,#939,#940));
#942=IFCRELDEFINESBYPROPERTIES('2sro8bz8y7t7Filzl_s1Cw',#18,$,$,(#926),#941);
#943=IFCAXIS2PLACEMENT3D(#3,$,$);
#944=IFCLOCALPLACEMENT(#41,#943);
#945=IFCCARTESIANPOINTLIST2D(((-11.7329582944118,-2.54641933224217),(11.7330084966181,-2.54641933224217),(11.7329582944035,2.54641933227781),(-11.7330084966099,2.54641933220654),(-11.7329582944118,-2.54641933224217)));
#946=IFCINDEXEDPOLYCURVE(#945,$,.F.);
#947=IFCARBITRARYCLOSEDPROFILEDEF(.AREA.,'Kavel',#946);
#948=IFCCARTESIANPOINT((36.5620662766866,154.229368674746,-1.5));
#949=IFCDIRECTION((-0.999853381141183,-0.0171235574733704,0.));
#950=IFCAXIS2PLACEMENT3D(#948,#9,#949);
#951=IFCEXTRUDEDAREASOLID(#947,#950,#9,1.5);
#952=IFCSTYLEDITEM(#951,(#513),$);
#953=IFCSHAPEREPRESENTATION(#24,'Body','SweptSolid',(#951));
#954=IFCPRODUCTDEFINITIONSHAPE($,$,(#953));
#955=IFCSPACE('00cLEFM_H6_A2yhNR7fEdT',#18,'{$this("Description")}',$,'Kavel',#944,#954,$,$,.USERDEFINED.,$);
#956=IFCPROPERTYSET('23X0NMA6d8uJFk_NWEHxeE',#18,'Pset_SpaceCommon',$,(#238,#520));
#957=IFCPROPERTYSET('0hY1bxN9uq92inxFiDjnjS',#18,'Pset_SpaceHeaterTypeCommon',$,(#520));
#958=IFCPROPERTYSINGLEVALUE('Afnemer',$,IFCTEXT('Particulier'),$);
#959=IFCPROPERTYSINGLEVALUE('Bepalingsmethode',$,IFCTEXT('NVO'),$);
#960=IFCPROPERTYSINGLEVALUE('EenheidNummer',$,IFCTEXT('02.00.05'),$);
#961=IFCPROPERTYSINGLEVALUE('TerreinType',$,IFCTEXT('Kadastraal perceel'),$);
#962=IFCPROPERTYSET('3wrJTxgliDH9Iu$$WO5ARk',#18,'MiniGIM_ILS','',(#958,#959,#960,#961));
#963=IFCRELDEFINESBYPROPERTIES('0y8ZVfki3bAJFT1J0HBBfk',#18,$,$,(#955),#956);
#964=IFCRELDEFINESBYPROPERTIES('3Jldm9zDFL3Aww7hqSZekE',#18,$,$,(#955),#957);
#965=IFCRELDEFINESBYPROPERTIES('3k4ZW7UneGUNcPYEzafBZl',#18,$,$,(#955),#962);
#966=IFCQUANTITYAREA('GrossFloorArea','',$,119.508382972821,$);
#967=IFCQUANTITYAREA('GrossCeilingArea','',$,119.508382972821,$);
#968=IFCQUANTITYVOLUME('GrossVolume','',$,179.262574459231,$);
#969=IFCQUANTITYVOLUME('NetVolume','',$,179.262574459231,$);
#970=IFCELEMENTQUANTITY('0XlC72LivXq3QXxP3CBALY',#18,'Qto_SpaceBaseQuantities',$,$,(#966,#967,#968,#969));
#971=IFCRELDEFINESBYPROPERTIES('0F1u98dqH86j3sNz$107f1',#18,$,$,(#955),#970);
#972=IFCAXIS2PLACEMENT3D(#3,$,$);
#973=IFCLOCALPLACEMENT(#41,#972);
#974=IFCCARTESIANPOINTLIST2D(((-11.7329924948303,-2.54641874836883),(11.7329742961831,-2.54641874836883),(11.7329924948385,2.54641874833322),(-11.7329742961914,2.54641874840448),(-11.7329924948303,-2.54641874836883)));
#975=IFCINDEXEDPOLYCURVE(#974,$,.F.);
#976=IFCARBITRARYCLOSEDPROFILEDEF(.AREA.,'Kavel',#975);
#977=IFCCARTESIANPOINT((36.6492897817037,149.137277574251,-1.5));
#978=IFCDIRECTION((-0.999853381141131,-0.0171235574764067,0.));
#979=IFCAXIS2PLACEMENT3D(#977,#9,#978);
#980=IFCEXTRUDEDAREASOLID(#976,#979,#9,1.5);
#981=IFCSTYLEDITEM(#980,(#513),$);
#982=IFCSHAPEREPRESENTATION(#24,'Body','SweptSolid',(#980));
#983=IFCPRODUCTDEFINITIONSHAPE($,$,(#982));
#984=IFCSPACE('00cLEFM_H6_A2yhNR7fEd6',#18,'{$this("Description")}',$,'Kavel',#973,#983,$,$,.USERDEFINED.,$);
#985=IFCPROPERTYSET('0PpP1Fwo0o4Xs11NEC8EPn',#18,'Pset_SpaceCommon',$,(#238,#520));
#986=IFCPROPERTYSET('1V6sQCUi5yJNfWhaMUKtI0',#18,'Pset_SpaceHeaterTypeCommon',$,(#520));
#987=IFCPROPERTYSINGLEVALUE('Afnemer',$,IFCTEXT('Particulier'),$);
#988=IFCPROPERTYSINGLEVALUE('Bepalingsmethode',$,IFCTEXT('NVO'),$);
#989=IFCPROPERTYSINGLEVALUE('EenheidNummer',$,IFCTEXT('02.00.06'),$);
#990=IFCPROPERTYSINGLEVALUE('TerreinType',$,IFCTEXT('Kadastraal perceel'),$);
#991=IFCPROPERTYSET('1W3G4ftRHRK9YvswkzF4RV',#18,'MiniGIM_ILS','',(#987,#988,#989,#990));
#992=IFCRELDEFINESBYPROPERTIES('1YfbudfTW7AYY1Twu$F_xY',#18,$,$,(#984),#985);
#993=IFCRELDEFINESBYPROPERTIES('0y$zI8jSKHkSeefKlTrcBa',#18,$,$,(#984),#986);
#994=IFCRELDEFINESBYPROPERTIES('1MiB2LYnpgxeNMvQKw0kFR',#18,$,$,(#984),#991);
#995=IFCQUANTITYAREA('GrossFloorArea','',$,119.508355570516,$);
#996=IFCQUANTITYAREA('GrossCeilingArea','',$,119.508355570516,$);
#997=IFCQUANTITYVOLUME('GrossVolume','',$,179.262533355774,$);
#998=IFCQUANTITYVOLUME('NetVolume','',$,179.262533355774,$);
#999=IFCELEMENTQUANTITY('3NN24WROY3cnfBFvQCRXYC',#18,'Qto_SpaceBaseQuantities',$,$,(#995,#996,#997,#998));
#1000=IFCRELDEFINESBYPROPERTIES('0f2ZHHvvwWn71mwTVsiYcV',#18,$,$,(#984),#999);
#1001=IFCAXIS2PLACEMENT3D(#3,$,$);
#1002=IFCLOCALPLACEMENT(#41,#1001);
#1003=IFCCARTESIANPOINTLIST2D(((-11.7330326261477,-4.19368696215207),(11.7329341648822,-4.19368696215207),(11.7335376180284,4.1937057504259),(-11.7334391567629,4.19366817387823),(-11.7330326261477,-4.19368696215207)));
#1004=IFCINDEXEDPOLYCURVE(#1003,$,.F.);
#1005=IFCARBITRARYCLOSEDPROFILEDEF(.AREA.,'Kavel',#1004);
#1006=IFCCARTESIANPOINT((36.7646460478181,142.398159091521,-1.5));
#1007=IFCDIRECTION((-0.999853381141183,-0.0171235574733704,0.));
#1008=IFCAXIS2PLACEMENT3D(#1006,#9,#1007);
#1009=IFCEXTRUDEDAREASOLID(#1005,#1008,#9,1.5);
#1010=IFCSTYLEDITEM(#1009,(#513),$);
#1011=IFCSHAPEREPRESENTATION(#24,'Body','SweptSolid',(#1009));
#1012=IFCPRODUCTDEFINITIONSHAPE($,$,(#1011));
#1013=IFCSPACE('00cLEFM_H6_A2yhNR7fEcl',#18,'{$this("Description")}',$,'Kavel',#1002,#1012,$,$,.USERDEFINED.,$);
#1014=IFCPROPERTYSET('1ysUZhI39F2v94sgdHI1I5',#18,'Pset_SpaceCommon',$,(#238,#520));
#1015=IFCPROPERTYSET('0wTXX7jhopxMJ669SjuoWq',#18,'Pset_SpaceHeaterTypeCommon',$,(#520));
#1016=IFCPROPERTYSINGLEVALUE('Afnemer',$,IFCTEXT('Particulier'),$);
#1017=IFCPROPERTYSINGLEVALUE('Bepalingsmethode',$,IFCTEXT('NVO'),$);
#1018=IFCPROPERTYSINGLEVALUE('EenheidNummer',$,IFCTEXT('02.00.07'),$);
#1019=IFCPROPERTYSINGLEVALUE('TerreinType',$,IFCTEXT('Kadastraal perceel'),$);
#1020=IFCPROPERTYSET('38eDesvSHhxEhiK_KJeK0J',#18,'MiniGIM_ILS','',(#1016,#1017,#1018,#1019));
#1021=IFCRELDEFINESBYPROPERTIES('0wHgcgLUpnw8p0rJEyHnl0',#18,$,$,(#1013),#1014);
#1022=IFCRELDEFINESBYPROPERTIES('3W_IwH_O7MvvesfD9MLwL$',#18,$,$,(#1013),#1015);
#1023=IFCRELDEFINESBYPROPERTIES('1ry0lCZQOMtXOmE7BN3y5t',#18,$,$,(#1013),#1020);
#1024=IFCQUANTITYAREA('GrossFloorArea','',$,196.822073525553,$);
#1025=IFCQUANTITYAREA('GrossCeilingArea','',$,196.822073525553,$);
#1026=IFCQUANTITYVOLUME('GrossVolume','',$,295.23311028833,$);
#1027=IFCQUANTITYVOLUME('NetVolume','',$,295.23311028833,$);
#1028=IFCELEMENTQUANTITY('0CZSMM5ufq_S0Toox3SlKF',#18,'Qto_SpaceBaseQuantities',$,$,(#1024,#1025,#1026,#1027));
#1029=IFCRELDEFINESBYPROPERTIES('2wZeQTqOIJuCpwKDAiI9pH',#18,$,$,(#1013),#1028);
#1030=IFCAXIS2PLACEMENT3D(#3,$,$);
#1031=IFCLOCALPLACEMENT(#41,#1030);
#1032=IFCCARTESIANPOINTLIST2D(((-12.4825157175424,-7.98869773569173),(12.4823821539391,-7.98869773569173),(12.4825157176156,7.9886475397914),(-12.4823821540122,7.98874793159206),(-12.4825157175424,-7.98869773569173)));
#1033=IFCINDEXEDPOLYCURVE(#1032,$,.F.);
#1034=IFCARBITRARYCLOSEDPROFILEDEF(.AREA.,'Kavel',#1033);
#1035=IFCCARTESIANPOINT((37.7219993230276,130.230384861514,-1.5));
#1036=IFCDIRECTION((-0.999853353720768,-0.0171251584907525,0.));
#1037=IFCAXIS2PLACEMENT3D(#1035,#9,#1036);
#1038=IFCEXTRUDEDAREASOLID(#1034,#1037,#9,1.5);
#1039=IFCSTYLEDITEM(#1038,(#513),$);
#1040=IFCSHAPEREPRESENTATION(#24,'Body','SweptSolid',(#1038));
#1041=IFCPRODUCTDEFINITIONSHAPE($,$,(#1040));
#1042=IFCSPACE('00cLEFM_H6_A2yhNR7fEcG',#18,'{$this("Description")}',$,'Kavel',#1031,#1041,$,$,.USERDEFINED.,$);
#1043=IFCPROPERTYSET('1LHkWckIfAdY99CurIhuuh',#18,'Pset_SpaceCommon',$,(#238,#520));
#1044=IFCPROPERTYSET('0w8uCP242ROg3bQIBDa9jj',#18,'Pset_SpaceHeaterTypeCommon',$,(#520));
#1045=IFCPROPERTYSINGLEVALUE('Afnemer',$,IFCTEXT('Particulier'),$);
#1046=IFCPROPERTYSINGLEVALUE('Bepalingsmethode',$,IFCTEXT('NVO'),$);
#1047=IFCPROPERTYSINGLEVALUE('EenheidNummer',$,IFCTEXT('02.00.08'),$);
#1048=IFCPROPERTYSINGLEVALUE('TerreinType',$,IFCTEXT('Kadastraal perceel'),$);
#1049=IFCPROPERTYSET('3Q6fD5pF_z5NOfe3uGw2V4',#18,'MiniGIM_ILS','',(#1045,#1046,#1047,#1048));
#1050=IFCRELDEFINESBYPROPERTIES('2mun_$NtD272njOFQ5xxYA',#18,$,$,(#1042),#1043);
#1051=IFCRELDEFINESBYPROPERTIES('1IjW6lZO0R0yUm2r0R0XBZ',#18,$,$,(#1042),#1044);
#1052=IFCRELDEFINESBYPROPERTIES('3NXbTuVBVaEPgb5YUZFZRW',#18,$,$,(#1042),#1049);
#1053=IFCQUANTITYAREA('GrossFloorArea','',$,398.874046203232,$);
#1054=IFCQUANTITYAREA('GrossCeilingArea','',$,398.874046203232,$);
#1055=IFCQUANTITYVOLUME('GrossVolume','',$,598.311069304848,$);
#1056=IFCQUANTITYVOLUME('NetVolume','',$,598.311069304848,$);
#1057=IFCELEMENTQUANTITY('3geyBSW1R8sceDlT73VFy$',#18,'Qto_SpaceBaseQuantities',$,$,(#1053,#1054,#1055,#1056));
#1058=IFCRELDEFINESBYPROPERTIES('2sTFdJ$1Ya2rrr$9VXbhnR',#18,$,$,(#1042),#1057);
#1059=IFCAXIS2PLACEMENT3D(#3,$,$);
#1060=IFCLOCALPLACEMENT(#41,#1059);
#1061=IFCCARTESIANPOINTLIST2D(((-7.98820860621498,-12.4822395060935),(7.98868468822433,-12.4822395060935),(7.98857638888319,12.481958492371),(-7.98905247089248,12.482520519816),(-7.98820860621498,-12.4822395060935)));
#1062=IFCINDEXEDPOLYCURVE(#1061,$,.F.);
#1063=IFCARBITRARYCLOSEDPROFILEDEF(.AREA.,'Kavel',#1062);
#1064=IFCCARTESIANPOINT((62.6830296554593,130.657741543331,-1.5));
#1065=IFCDIRECTION((0.0171168002114691,-0.999853496843673,0.));
#1066=IFCAXIS2PLACEMENT3D(#1064,#9,#1065);
#1067=IFCEXTRUDEDAREASOLID(#1063,#1066,#9,1.5);
#1068=IFCSTYLEDITEM(#1067,(#513),$);
#1069=IFCSHAPEREPRESENTATION(#24,'Body','SweptSolid',(#1067));
#1070=IFCPRODUCTDEFINITIONSHAPE($,$,(#1069));
#1071=IFCSPACE('00cLEFM_H6_A2yhNR7fEbv',#18,'{$this("Description")}',$,'Kavel',#1060,#1070,$,$,.USERDEFINED.,$);
#1072=IFCPROPERTYSET('1Vyzllqw5ESwIfK3UfdmeZ',#18,'Pset_SpaceCommon',$,(#238,#520));
#1073=IFCPROPERTYSET('3h0VGt3Jck1I_EiEglM3CJ',#18,'Pset_SpaceHeaterTypeCommon',$,(#520));
#1074=IFCPROPERTYSINGLEVALUE('Afnemer',$,IFCTEXT('Particulier'),$);
#1075=IFCPROPERTYSINGLEVALUE('Bepalingsmethode',$,IFCTEXT('NVO'),$);
#1076=IFCPROPERTYSINGLEVALUE('EenheidNummer',$,IFCTEXT('02.00.09'),$);
#1077=IFCPROPERTYSINGLEVALUE('TerreinType',$,IFCTEXT('Kadastraal perceel'),$);
#1078=IFCPROPERTYSET('1sjDn_CBZFSgweOYLRSk9C',#18,'MiniGIM_ILS','',(#1074,#1075,#1076,#1077));
#1079=IFCRELDEFINESBYPROPERTIES('37OBhzvOMHVZQIy3Ylxgk6',#18,$,$,(#1071),#1072);
#1080=IFCRELDEFINESBYPROPERTIES('1BuNGEkhHei6Kb_XH$4w1F',#18,$,$,(#1071),#1073);
#1081=IFCRELDEFINESBYPROPERTIES('0H04dK$o0Mrk4DmPy2ls0J',#18,$,$,(#1071),#1078);
#1082=IFCQUANTITYAREA('GrossFloorArea','',$,398.863998697896,$);
#1083=IFCQUANTITYAREA('GrossCeilingArea','',$,398.863998697896,$);
#1084=IFCQUANTITYVOLUME('GrossVolume','',$,598.295998046844,$);
#1085=IFCQUANTITYVOLUME('NetVolume','',$,598.295998046844,$);
#1086=IFCELEMENTQUANTITY('1juMYTDglZG7Gd3jLMiFA7',#18,'Qto_SpaceBaseQuantities',$,$,(#1082,#1083,#1084,#1085));
#1087=IFCRELDEFINESBYPROPERTIES('30iOXofZsqdyaGKNXCPkO$',#18,$,$,(#1071),#1086);
#1088=IFCAXIS2PLACEMENT3D(#3,$,$);
#1089=IFCLOCALPLACEMENT(#41,#1088);
#1090=IFCCARTESIANPOINTLIST2D(((-4.81858995079248,-12.4823519318881),(4.8172640139849,-12.4823519318881),(4.81880391422342,12.4822957630613),(-4.81747797741579,12.4824081007149),(-4.81858995079248,-12.4823519318881)));
#1091=IFCINDEXEDPOLYCURVE(#1090,$,.F.);
#1092=IFCARBITRARYCLOSEDPROFILEDEF(.AREA.,'Kavel',#1091);
#1093=IFCCARTESIANPOINT((38.044264963547,111.434444817554,-1.5));
#1094=IFCDIRECTION((0.0171672757292243,-0.999852631463276,0.));
#1095=IFCAXIS2PLACEMENT3D(#1093,#9,#1094);
#1096=IFCEXTRUDEDAREASOLID(#1092,#1095,#9,1.5);
#1097=IFCSTYLEDITEM(#1096,(#513),$);
#1098=IFCSHAPEREPRESENTATION(#24,'Body','SweptSolid',(#1096));
#1099=IFCPRODUCTDEFINITIONSHAPE($,$,(#1098));
#1100=IFCSPACE('00cLEFM_H6_A2yhNR7fEbY',#18,'{$this("Description")}',$,'Kavel',#1089,#1099,$,$,.USERDEFINED.,$);
#1101=IFCPROPERTYSET('0xs_9TLJjLUdJcsSfjO8Ob',#18,'Pset_SpaceCommon',$,(#238,#520));
#1102=IFCPROPERTYSET('2EzxjsaNNNs1zxCclTTUY1',#18,'Pset_SpaceHeaterTypeCommon',$,(#520));
#1103=IFCPROPERTYSINGLEVALUE('Afnemer',$,IFCTEXT('Particulier'),$);
#1104=IFCPROPERTYSINGLEVALUE('Bepalingsmethode',$,IFCTEXT('NVO'),$);
#1105=IFCPROPERTYSINGLEVALUE('EenheidNummer',$,IFCTEXT('04.00.01'),$);
#1106=IFCPROPERTYSINGLEVALUE('TerreinType',$,IFCTEXT('Kadastraal perceel'),$);
#1107=IFCPROPERTYSET('2lXl$1$NhgFnM_szNMp0Do',#18,'MiniGIM_ILS','',(#1103,#1104,#1105,#1106));
#1108=IFCRELDEFINESBYPROPERTIES('2d2bYFJRW4l1cMIWTTZBXD',#18,$,$,(#1100),#1101);
#1109=IFCRELDEFINESBYPROPERTIES('1JAirBl90KhvSi4H7c6N2s',#18,$,$,(#1100),#1102);
#1110=IFCRELDEFINESBYPROPERTIES('0EtyiDz_ul106WbYomvIsD',#18,$,$,(#1100),#1107);
#1111=IFCQUANTITYAREA('GrossFloorArea','',$,240.561582313428,$);
#1112=IFCQUANTITYAREA('GrossCeilingArea','',$,240.561582313428,$);
#1113=IFCQUANTITYVOLUME('GrossVolume','',$,360.842373470142,$);
#1114=IFCQUANTITYVOLUME('NetVolume','',$,360.842373470142,$);
#1115=IFCELEMENTQUANTITY('37Xekb1Q$TShRTFYFyeUi$',#18,'Qto_SpaceBaseQuantities',$,$,(#1111,#1112,#1113,#1114));
#1116=IFCRELDEFINESBYPROPERTIES('10U1bFUoAFMIekaDZSKr_9',#18,$,$,(#1100),#1115);
#1117=IFCAXIS2PLACEMENT3D(#3,$,$);
#1118=IFCLOCALPLACEMENT(#41,#1117);
#1119=IFCCARTESIANPOINTLIST2D(((-12.4823116390804,-4.8183501357955),(12.482336103362,-4.8183501357955),(12.4817416799052,4.81835996307869),(-12.4817661441869,4.81834030851234),(-12.4823116390804,-4.8183501357955)));
#1120=IFCINDEXEDPOLYCURVE(#1119,$,.F.);
#1121=IFCARBITRARYCLOSEDPROFILEDEF(.AREA.,'Kavel',#1120);
#1122=IFCCARTESIANPOINT((38.2093824087167,101.799475451438,-1.5));
#1123=IFCDIRECTION((-0.999853688494252,-0.017105601551527,0.));
#1124=IFCAXIS2PLACEMENT3D(#1122,#9,#1123);
#1125=IFCEXTRUDEDAREASOLID(#1121,#1124,#9,1.5);
#1126=IFCSTYLEDITEM(#1125,(#513),$);
#1127=IFCSHAPEREPRESENTATION(#24,'Body','SweptSolid',(#1125));
#1128=IFCPRODUCTDEFINITIONSHAPE($,$,(#1127));
#1129=IFCSPACE('00cLEFM_H6_A2yhNR7fEbB',#18,'{$this("Description")}',$,'Kavel',#1118,#1128,$,$,.USERDEFINED.,$);
#1130=IFCPROPERTYSET('3kuILCeYm9oDbSPHYCDu$j',#18,'Pset_SpaceCommon',$,(#238,#520));
#1131=IFCPROPERTYSET('0C_aNshL4spLT9gt0CSnHy',#18,'Pset_SpaceHeaterTypeCommon',$,(#520));
#1132=IFCPROPERTYSINGLEVALUE('Afnemer',$,IFCTEXT('Particulier'),$);
#1133=IFCPROPERTYSINGLEVALUE('Bepalingsmethode',$,IFCTEXT('NVO'),$);
#1134=IFCPROPERTYSINGLEVALUE('EenheidNummer',$,IFCTEXT('04.00.02'),$);
#1135=IFCPROPERTYSINGLEVALUE('TerreinType',$,IFCTEXT('Kadastraal perceel'),$);
#1136=IFCPROPERTYSET('1QxJrDbETpoAT23V6kO9QS',#18,'MiniGIM_ILS','',(#1132,#1133,#1134,#1135));
#1137=IFCRELDEFINESBYPROPERTIES('0I$BJ_zie6zNvGGprgBmHt',#18,$,$,(#1129),#1130);
#1138=IFCRELDEFINESBYPROPERTIES('1GgYa_14hOnyYLTRKKWYgt',#18,$,$,(#1129),#1131);
#1139=IFCRELDEFINESBYPROPERTIES('3suyKEoFO2fGBKhRSymqnC',#18,$,$,(#1129),#1136);
#1140=IFCQUANTITYAREA('GrossFloorArea','',$,240.571335154271,$);
#1141=IFCQUANTITYAREA('GrossCeilingArea','',$,240.571335154271,$);
#1142=IFCQUANTITYVOLUME('GrossVolume','',$,360.857002731407,$);
#1143=IFCQUANTITYVOLUME('NetVolume','',$,360.857002731407,$);
#1144=IFCELEMENTQUANTITY('3wlh9OIPHqHWkH8Eby4kAX',#18,'Qto_SpaceBaseQuantities',$,$,(#1140,#1141,#1142,#1143));
#1145=IFCRELDEFINESBYPROPERTIES('0SmarpnoLFFhxg2x1c7$lZ',#18,$,$,(#1129),#1144);
#1146=IFCAXIS2PLACEMENT3D(#3,$,$);
#1147=IFCLOCALPLACEMENT(#41,#1146);
#1148=IFCCARTESIANPOINTLIST2D(((-12.4815434652733,-4.81810201576487),(12.4820837245335,-4.81810201576487),(12.4814968817206,4.81871721321293),(-12.4820371409807,4.81748681831679),(-12.4815434652733,-4.81810201576487)));
#1149=IFCINDEXEDPOLYCURVE(#1148,$,.F.);
#1150=IFCARBITRARYCLOSEDPROFILEDEF(.AREA.,'Kavel',#1149);
#1151=IFCCARTESIANPOINT((38.3745655070569,92.1644391397317,-1.5));
#1152=IFCDIRECTION((-0.999853675026156,-0.0171063887682377,0.));
#1153=IFCAXIS2PLACEMENT3D(#1151,#9,#1152);
#1154=IFCEXTRUDEDAREASOLID(#1150,#1153,#9,1.5);
#1155=IFCSTYLEDITEM(#1154,(#513),$);
#1156=IFCSHAPEREPRESENTATION(#24,'Body','SweptSolid',(#1154));
#1157=IFCPRODUCTDEFINITIONSHAPE($,$,(#1156));
#1158=IFCSPACE('00cLEFM_H6_A2yhNR7fEai',#18,'{$this("Description")}',$,'Kavel',#1147,#1157,$,$,.USERDEFINED.,$);
#1159=IFCPROPERTYSET('1tauIZE8yQDr1_x84dOpMu',#18,'Pset_SpaceCommon',$,(#238,#520));
#1160=IFCPROPERTYSET('3zFn$oQ94wIXwvHssdxqtq',#18,'Pset_SpaceHeaterTypeCommon',$,(#520));
#1161=IFCPROPERTYSINGLEVALUE('Afnemer',$,IFCTEXT('Particulier'),$);
#1162=IFCPROPERTYSINGLEVALUE('Bepalingsmethode',$,IFCTEXT('NVO'),$);
#1163=IFCPROPERTYSINGLEVALUE('EenheidNummer',$,IFCTEXT('04.00.03'),$);
#1164=IFCPROPERTYSINGLEVALUE('TerreinType',$,IFCTEXT('Kadastraal perceel'),$);
#1165=IFCPROPERTYSET('14BoElmgFf4JKfD0VkjUvq',#18,'MiniGIM_ILS','',(#1161,#1162,#1163,#1164));
#1166=IFCRELDEFINESBYPROPERTIES('0paA46b$3C6zXBnly2mbRu',#18,$,$,(#1158),#1159);
#1167=IFCRELDEFINESBYPROPERTIES('3$ep91ec1RyTdh7VGpPaUo',#18,$,$,(#1158),#1160);
#1168=IFCRELDEFINESBYPROPERTIES('1kzH4WoggJhoBkMemRpVHB',#18,$,$,(#1158),#1165);
#1169=IFCQUANTITYAREA('GrossFloorArea','',$,240.554156411769,$);
#1170=IFCQUANTITYAREA('GrossCeilingArea','',$,240.554156411769,$);
#1171=IFCQUANTITYVOLUME('GrossVolume','',$,360.831234617653,$);
#1172=IFCQUANTITYVOLUME('NetVolume','',$,360.831234617653,$);
#1173=IFCELEMENTQUANTITY('0hWvNrsGCN$h8wsixQy4f$',#18,'Qto_SpaceBaseQuantities',$,$,(#1169,#1170,#1171,#1172));
#1174=IFCRELDEFINESBYPROPERTIES('0ObyYgNy8Zb2ILQytKD5Ur',#18,$,$,(#1158),#1173);
#1175=IFCAXIS2PLACEMENT3D(#3,$,$);
#1176=IFCLOCALPLACEMENT(#41,#1175);
#1177=IFCCARTESIANPOINTLIST2D(((-12.4817164631273,-4.81810758549402),(12.4818175898956,-4.81810758549402),(12.4817057378845,4.81748369328139),(-12.4818068646528,4.81873147770667),(-12.4817164631273,-4.81810758549402)));
#1178=IFCINDEXEDPOLYCURVE(#1177,$,.F.);
#1179=IFCARBITRARYCLOSEDPROFILEDEF(.AREA.,'Kavel',#1178);
#1180=IFCCARTESIANPOINT((38.539964339333,82.5296491131453,-1.5));
#1181=IFCDIRECTION((-0.999852830677331,-0.017155669224175,0.));
#1182=IFCAXIS2PLACEMENT3D(#1180,#9,#1181);
#1183=IFCEXTRUDEDAREASOLID(#1179,#1182,#9,1.5);
#1184=IFCSTYLEDITEM(#1183,(#513),$);
#1185=IFCSHAPEREPRESENTATION(#24,'Body','SweptSolid',(#1183));
#1186=IFCPRODUCTDEFINITIONSHAPE($,$,(#1185));
#1187=IFCSPACE('00cLEFM_H6_A2yhNR7fEaL',#18,'{$this("Description")}',$,'Kavel',#1176,#1186,$,$,.USERDEFINED.,$);
#1188=IFCPROPERTYSET('1gH_x7HTQ7sQBpefsOwEJ7',#18,'Pset_SpaceCommon',$,(#238,#520));
#1189=IFCPROPERTYSET('0RcWc555DFcc95G42fw1zp',#18,'Pset_SpaceHeaterTypeCommon',$,(#520));
#1190=IFCPROPERTYSINGLEVALUE('Afnemer',$,IFCTEXT('Particulier'),$);
#1191=IFCPROPERTYSINGLEVALUE('Bepalingsmethode',$,IFCTEXT('NVO'),$);
#1192=IFCPROPERTYSINGLEVALUE('EenheidNummer',$,IFCTEXT('04.00.04'),$);
#1193=IFCPROPERTYSINGLEVALUE('TerreinType',$,IFCTEXT('Kadastraal perceel'),$);
#1194=IFCPROPERTYSET('31mwxYigsP8dQTL2tuuqBF',#18,'MiniGIM_ILS','',(#1190,#1191,#1192,#1193));
#1195=IFCRELDEFINESBYPROPERTIES('27EFKqPOTTZi0Fj$JbuKOI',#18,$,$,(#1187),#1188);
#1196=IFCRELDEFINESBYPROPERTIES('16zlHtowKE8qTmUUo1bTKg',#18,$,$,(#1187),#1189);
#1197=IFCRELDEFINESBYPROPERTIES('1TGuaBu8F2dwnA_XgKgZDi',#18,$,$,(#1187),#1194);
#1198=IFCQUANTITYAREA('GrossFloorArea','',$,240.553882149376,$);
#1199=IFCQUANTITYAREA('GrossCeilingArea','',$,240.553882149376,$);
#1200=IFCQUANTITYVOLUME('GrossVolume','',$,360.830823224064,$);
#1201=IFCQUANTITYVOLUME('NetVolume','',$,360.830823224064,$);
#1202=IFCELEMENTQUANTITY('0BUaEI8k6jLNEfvXqbeiZ$',#18,'Qto_SpaceBaseQuantities',$,$,(#1198,#1199,#1200,#1201));
#1203=IFCRELDEFINESBYPROPERTIES('3hxjkrZemPPWJAR0QOiQcd',#18,$,$,(#1187),#1202);
#1204=IFCAXIS2PLACEMENT3D(#3,$,$);
#1205=IFCLOCALPLACEMENT(#41,#1204);
#1206=IFCCARTESIANPOINTLIST2D(((-2.6963256411687,-11.7336975311623),(2.69570355817627,-11.7336975311623),(2.69632564454337,11.7336453274695),(-2.6957035615509,11.7337497348551),(-2.6963256411687,-11.7336975311623)));
#1207=IFCINDEXEDPOLYCURVE(#1206,$,.F.);
#1208=IFCARBITRARYCLOSEDPROFILEDEF(.AREA.,'Kavel',#1207);
#1209=IFCCARTESIANPOINT((63.7176938450952,113.996439239783,-1.5));
#1210=IFCDIRECTION((0.0171492448558618,-0.999852940887246,0.));
#1211=IFCAXIS2PLACEMENT3D(#1209,#9,#1210);
#1212=IFCEXTRUDEDAREASOLID(#1208,#1211,#9,1.5);
#1213=IFCSTYLEDITEM(#1212,(#513),$);
#1214=IFCSHAPEREPRESENTATION(#24,'Body','SweptSolid',(#1212));
#1215=IFCPRODUCTDEFINITIONSHAPE($,$,(#1214));
#1216=IFCSPACE('00cLEFM_H6_A2yhNR7fEx_',#18,'{$this("Description")}',$,'Kavel',#1205,#1215,$,$,.USERDEFINED.,$);
#1217=IFCPROPERTYSET('0D9uQxuH1oA754pdrSAGVJ',#18,'Pset_SpaceCommon',$,(#238,#520));
#1218=IFCPROPERTYSET('1NSg7XjmyINqoMbgkDMjjh',#18,'Pset_SpaceHeaterTypeCommon',$,(#520));
#1219=IFCPROPERTYSINGLEVALUE('Afnemer',$,IFCTEXT('Particulier'),$);
#1220=IFCPROPERTYSINGLEVALUE('Bepalingsmethode',$,IFCTEXT('NVO'),$);
#1221=IFCPROPERTYSINGLEVALUE('EenheidNummer',$,IFCTEXT('04.00.20'),$);
#1222=IFCPROPERTYSINGLEVALUE('TerreinType',$,IFCTEXT('Kadastraal perceel'),$);
#1223=IFCPROPERTYSET('0zyG2FlP_kVDL2GW1gjoVi',#18,'MiniGIM_ILS','',(#1219,#1220,#1221,#1222));
#1224=IFCRELDEFINESBYPROPERTIES('2l1$VkqOYDabIqsHUdBE7W',#18,$,$,(#1216),#1217);
#1225=IFCRELDEFINESBYPROPERTIES('1K$I9khRR6Ey_WQBZhY3s0',#18,$,$,(#1216),#1218);
#1226=IFCRELDEFINESBYPROPERTIES('2C6enTfzkbTU8NbyAX5oOp',#18,$,$,(#1216),#1223);
#1227=IFCQUANTITYAREA('GrossFloorArea','',$,126.536879520287,$);
#1228=IFCQUANTITYAREA('GrossCeilingArea','',$,126.536879520287,$);
#1229=IFCQUANTITYVOLUME('GrossVolume','',$,189.805319280431,$);
#1230=IFCQUANTITYVOLUME('NetVolume','',$,189.805319280431,$);
#1231=IFCELEMENTQUANTITY('0UqK2iJtKGdZ4uyC8rsJCG',#18,'Qto_SpaceBaseQuantities',$,$,(#1227,#1228,#1229,#1230));
#1232=IFCRELDEFINESBYPROPERTIES('2dEOA61Nf5xeIB_b$GEP$g',#18,$,$,(#1216),#1231);
#1233=IFCAXIS2PLACEMENT3D(#3,$,$);
#1234=IFCLOCALPLACEMENT(#41,#1233);
#1235=IFCCARTESIANPOINTLIST2D(((-11.7336486714759,-2.54641078609695),(11.7336941954012,-2.54641078609695),(11.7336395373687,2.5464107860536),(-11.733685061294,2.54641078614036),(-11.7336486714759,-2.54641078609695)));
#1236=IFCINDEXEDPOLYCURVE(#1235,$,.F.);
#1237=IFCARBITRARYCLOSEDPROFILEDEF(.AREA.,'Kavel',#1236);
#1238=IFCCARTESIANPOINT((63.8075266504515,108.754783584163,-1.5));
#1239=IFCDIRECTION((-0.999853395138389,-0.0171227401497874,0.));
#1240=IFCAXIS2PLACEMENT3D(#1238,#9,#1239);
#1241=IFCEXTRUDEDAREASOLID(#1237,#1240,#9,1.5);
#1242=IFCSTYLEDITEM(#1241,(#513),$);
#1243=IFCSHAPEREPRESENTATION(#24,'Body','SweptSolid',(#1241));
#1244=IFCPRODUCTDEFINITIONSHAPE($,$,(#1243));
#1245=IFCSPACE('00cLEFM_H6_A2yhNR7fExd',#18,'{$this("Description")}',$,'Kavel',#1234,#1244,$,$,.USERDEFINED.,$);
#1246=IFCPROPERTYSET('21YJfVrLN_GZvwUmPY$XdY',#18,'Pset_SpaceCommon',$,(#238,#520));
#1247=IFCPROPERTYSET('01OVzRwEzg28M2ji1VMgiz',#18,'Pset_SpaceHeaterTypeCommon',$,(#520));
#1248=IFCPROPERTYSINGLEVALUE('Afnemer',$,IFCTEXT('Particulier'),$);
#1249=IFCPROPERTYSINGLEVALUE('Bepalingsmethode',$,IFCTEXT('NVO'),$);
#1250=IFCPROPERTYSINGLEVALUE('EenheidNummer',$,IFCTEXT('04.00.19'),$);
#1251=IFCPROPERTYSINGLEVALUE('TerreinType',$,IFCTEXT('Kadastraal perceel'),$);
#1252=IFCPROPERTYSET('2rG$uh$ZwQ$NlODQjo0kin',#18,'MiniGIM_ILS','',(#1248,#1249,#1250,#1251));
#1253=IFCRELDEFINESBYPROPERTIES('2uJke288dGqZyNVFVEFAMl',#18,$,$,(#1245),#1246);
#1254=IFCRELDEFINESBYPROPERTIES('0CZ36_sbMaJB7_amAppZG$',#18,$,$,(#1245),#1247);
#1255=IFCRELDEFINESBYPROPERTIES('0tDkoAAcLq8WeWbAcNqm60',#18,$,$,(#1245),#1252);
#1256=IFCQUANTITYAREA('GrossFloorArea','',$,119.514943476125,$);
#1257=IFCQUANTITYAREA('GrossCeilingArea','',$,119.514943476125,$);
#1258=IFCQUANTITYVOLUME('GrossVolume','',$,179.272415214188,$);
#1259=IFCQUANTITYVOLUME('NetVolume','',$,179.272415214188,$);
#1260=IFCELEMENTQUANTITY('2Nl58z896wOOh_Eup0RB86',#18,'Qto_SpaceBaseQuantities',$,$,(#1256,#1257,#1258,#1259));
#1261=IFCRELDEFINESBYPROPERTIES('12cWFtGZ77oRzE8p69tQu3',#18,$,$,(#1245),#1260);
#1262=IFCAXIS2PLACEMENT3D(#3,$,$);
#1263=IFCLOCALPLACEMENT(#41,#1262);
#1264=IFCCARTESIANPOINTLIST2D(((-11.7336480874254,-2.54641048950093),(11.7336765112373,-2.54641048950093),(11.7336560534463,2.54641048950898),(-11.7336844772582,2.54641048949287),(-11.7336480874254,-2.54641048950093)));
#1265=IFCINDEXEDPOLYCURVE(#1264,$,.F.);
#1266=IFCARBITRARYCLOSEDPROFILEDEF(.AREA.,'Kavel',#1265);
#1267=IFCCARTESIANPOINT((63.8947666742216,103.662709574017,-1.5));
#1268=IFCDIRECTION((-0.999853395138452,-0.0171227401460909,0.));
#1269=IFCAXIS2PLACEMENT3D(#1267,#9,#1268);
#1270=IFCEXTRUDEDAREASOLID(#1266,#1269,#9,1.5);
#1271=IFCSTYLEDITEM(#1270,(#513),$);
#1272=IFCSHAPEREPRESENTATION(#24,'Body','SweptSolid',(#1270));
#1273=IFCPRODUCTDEFINITIONSHAPE($,$,(#1272));
#1274=IFCSPACE('00cLEFM_H6_A2yhNR7fEw_',#18,'{$this("Description")}',$,'Kavel',#1263,#1273,$,$,.USERDEFINED.,$);
#1275=IFCPROPERTYSET('0_lqouGhCV0GahBGAq0OtV',#18,'Pset_SpaceCommon',$,(#238,#520));
#1276=IFCPROPERTYSET('3B7knUuvK9mp5$IE0PEWc9',#18,'Pset_SpaceHeaterTypeCommon',$,(#520));
#1277=IFCPROPERTYSINGLEVALUE('Afnemer',$,IFCTEXT('Particulier'),$);
#1278=IFCPROPERTYSINGLEVALUE('Bepalingsmethode',$,IFCTEXT('NVO'),$);
#1279=IFCPROPERTYSINGLEVALUE('EenheidNummer',$,IFCTEXT('04.00.18'),$);
#1280=IFCPROPERTYSINGLEVALUE('TerreinType',$,IFCTEXT('Kadastraal perceel'),$);
#1281=IFCPROPERTYSET('2Q_4cPDiMUS0WmDC8FEtHH',#18,'MiniGIM_ILS','',(#1277,#1278,#1279,#1280));
#1282=IFCRELDEFINESBYPROPERTIES('1SAosGzRzBXwIjkZuctfTU',#18,$,$,(#1274),#1275);
#1283=IFCRELDEFINESBYPROPERTIES('13DNVnqwsDITti6r19ejw0',#18,$,$,(#1274),#1276);
#1284=IFCRELDEFINESBYPROPERTIES('1ZoNd$F$GZRjpivhedwg2c',#18,$,$,(#1274),#1281);
#1285=IFCQUANTITYAREA('GrossFloorArea','',$,119.514923606634,$);
#1286=IFCQUANTITYAREA('GrossCeilingArea','',$,119.514923606634,$);
#1287=IFCQUANTITYVOLUME('GrossVolume','',$,179.272385409951,$);
#1288=IFCQUANTITYVOLUME('NetVolume','',$,179.272385409951,$);
#1289=IFCELEMENTQUANTITY('1ht$MwC8pOfzoZetKCnkXy',#18,'Qto_SpaceBaseQuantities',$,$,(#1285,#1286,#1287,#1288));
#1290=IFCRELDEFINESBYPROPERTIES('0b6Z1$1o_I43KCWVD6ykdb',#18,$,$,(#1274),#1289);
#1291=IFCAXIS2PLACEMENT3D(#3,$,$);
#1292=IFCLOCALPLACEMENT(#41,#1291);
#1293=IFCCARTESIANPOINTLIST2D(((-11.7335299711993,-2.54641962688883),(11.7336156682021,-2.54641962688883),(11.7334806641564,2.54641962688097),(-11.7335663611592,2.54641962689675),(-11.7335299711993,-2.54641962688883)));
#1294=IFCINDEXEDPOLYCURVE(#1293,$,.F.);
#1295=IFCARBITRARYCLOSEDPROFILEDEF(.AREA.,'Kavel',#1294);
#1296=IFCCARTESIANPOINT((63.9821243643219,98.5706287368487,-1.5));
#1297=IFCDIRECTION((-0.99985339513844,-0.0171227401467771,0.));
#1298=IFCAXIS2PLACEMENT3D(#1296,#9,#1297);
#1299=IFCEXTRUDEDAREASOLID(#1295,#1298,#9,1.5);
#1300=IFCSTYLEDITEM(#1299,(#513),$);
#1301=IFCSHAPEREPRESENTATION(#24,'Body','SweptSolid',(#1299));
#1302=IFCPRODUCTDEFINITIONSHAPE($,$,(#1301));
#1303=IFCSPACE('00cLEFM_H6_A2yhNR7fEwd',#18,'{$this("Description")}',$,'Kavel',#1292,#1302,$,$,.USERDEFINED.,$);
#1304=IFCPROPERTYSET('0d1Bl7vytwO7S_Xd75LtId',#18,'Pset_SpaceCommon',$,(#238,#520));
#1305=IFCPROPERTYSET('1IOfK14wY3Z9iIp1UqLsCa',#18,'Pset_SpaceHeaterTypeCommon',$,(#520));
#1306=IFCPROPERTYSINGLEVALUE('Afnemer',$,IFCTEXT('Particulier'),$);
#1307=IFCPROPERTYSINGLEVALUE('Bepalingsmethode',$,IFCTEXT('NVO'),$);
#1308=IFCPROPERTYSINGLEVALUE('EenheidNummer',$,IFCTEXT('05.00.17'),$);
#1309=IFCPROPERTYSINGLEVALUE('TerreinType',$,IFCTEXT('Kadastraal perceel'),$);
#1310=IFCPROPERTYSET('3MJVqavhCgV0VndQyb2kWI',#18,'MiniGIM_ILS','',(#1306,#1307,#1308,#1309));
#1311=IFCRELDEFINESBYPROPERTIES('3HwckjIjUfyYRLIg1WReoA',#18,$,$,(#1303),#1304);
#1312=IFCRELDEFINESBYPROPERTIES('0KecUBpWTBCJHYxkVcQR$V',#18,$,$,(#1303),#1305);
#1313=IFCRELDEFINESBYPROPERTIES('2A5199TLvlafWjwR7QWm8m',#18,$,$,(#1303),#1310);
#1314=IFCQUANTITYAREA('GrossFloorArea','',$,119.514149373618,$);
#1315=IFCQUANTITYAREA('GrossCeilingArea','',$,119.514149373618,$);
#1316=IFCQUANTITYVOLUME('GrossVolume','',$,179.271224060427,$);
#1317=IFCQUANTITYVOLUME('NetVolume','',$,179.271224060427,$);
#1318=IFCELEMENTQUANTITY('01v6T4PTblAo6X_gsKFKYt',#18,'Qto_SpaceBaseQuantities',$,$,(#1314,#1315,#1316,#1317));
#1319=IFCRELDEFINESBYPROPERTIES('3SbB_FNpAzT4zoDjX6tSrS',#18,$,$,(#1303),#1318);
#1320=IFCAXIS2PLACEMENT3D(#3,$,$);
#1321=IFCLOCALPLACEMENT(#41,#1320);
#1322=IFCCARTESIANPOINTLIST2D(((-11.7334806639867,-2.54644391996662),(11.7335663613288,-2.54644391996662),(11.7334313573106,2.54639416402044),(-11.7335170546526,2.54649367591281),(-11.7334806639867,-2.54644391996662)));
#1323=IFCINDEXEDPOLYCURVE(#1322,$,.F.);
#1324=IFCARBITRARYCLOSEDPROFILEDEF(.AREA.,'Kavel',#1323);
#1325=IFCCARTESIANPOINT((64.0694138280448,93.4785132959189,-1.5));
#1326=IFCDIRECTION((-0.999853395138452,-0.0171227401461043,0.));
#1327=IFCAXIS2PLACEMENT3D(#1325,#9,#1326);
#1328=IFCEXTRUDEDAREASOLID(#1324,#1327,#9,1.5);
#1329=IFCSTYLEDITEM(#1328,(#513),$);
#1330=IFCSHAPEREPRESENTATION(#24,'Body','SweptSolid',(#1328));
#1331=IFCPRODUCTDEFINITIONSHAPE($,$,(#1330));
#1332=IFCSPACE('00cLEFM_H6_A2yhNR7fEw8',#18,'{$this("Description")}',$,'Kavel',#1321,#1331,$,$,.USERDEFINED.,$);
#1333=IFCPROPERTYSET('2Uc3A8Lj5oOSEpBNv_59OD',#18,'Pset_SpaceCommon',$,(#238,#520));
#1334=IFCPROPERTYSET('1rjMAO4KooH2DWyxECqMF9',#18,'Pset_SpaceHeaterTypeCommon',$,(#520));
#1335=IFCPROPERTYSINGLEVALUE('Afnemer',$,IFCTEXT('Particulier'),$);
#1336=IFCPROPERTYSINGLEVALUE('Bepalingsmethode',$,IFCTEXT('NVO'),$);
#1337=IFCPROPERTYSINGLEVALUE('EenheidNummer',$,IFCTEXT('04.00.16'),$);
#1338=IFCPROPERTYSINGLEVALUE('TerreinType',$,IFCTEXT('Kadastraal perceel'),$);
#1339=IFCPROPERTYSET('1rYkKMVqlJXhh5tuD6qJFx',#18,'MiniGIM_ILS','',(#1335,#1336,#1337,#1338));
#1340=IFCRELDEFINESBYPROPERTIES('0pekBoxh7ohBVjw7GmPMNH',#18,$,$,(#1332),#1333);
#1341=IFCRELDEFINESBYPROPERTIES('3YHWTSwQxlsfanrOawvhbg',#18,$,$,(#1332),#1334);
#1342=IFCRELDEFINESBYPROPERTIES('1I57gQ5HSM_SCDQfCnMa0u',#18,$,$,(#1332),#1339);
#1343=IFCQUANTITYAREA('GrossFloorArea','',$,119.514787316736,$);
#1344=IFCQUANTITYAREA('GrossCeilingArea','',$,119.514787316736,$);
#1345=IFCQUANTITYVOLUME('GrossVolume','',$,179.272180975104,$);
#1346=IFCQUANTITYVOLUME('NetVolume','',$,179.272180975104,$);
#1347=IFCELEMENTQUANTITY('2bKirx7oPeVbzoWI2DR0ee',#18,'Qto_SpaceBaseQuantities',$,$,(#1343,#1344,#1345,#1346));
#1348=IFCRELDEFINESBYPROPERTIES('0Pe566xOL670Kl2dwpKB7Z',#18,$,$,(#1332),#1347);
#1349=IFCAXIS2PLACEMENT3D(#3,$,$);
#1350=IFCLOCALPLACEMENT(#41,#1349);
#1351=IFCCARTESIANPOINTLIST2D(((-11.7334205599227,-2.54638619813848),(11.7335278522516,-2.54638619813848),(11.7333712524788,2.54643595388362),(-11.7334785448076,2.54633644239334),(-11.7334205599227,-2.54638619813848)));
#1352=IFCINDEXEDPOLYCURVE(#1351,$,.F.);
#1353=IFCARBITRARYCLOSEDPROFILEDEF(.AREA.,'Kavel',#1352);
#1354=IFCCARTESIANPOINT((64.1567027190578,88.3864312786285,-1.5));
#1355=IFCDIRECTION((-0.999853467738659,-0.0171185002549471,0.));
#1356=IFCAXIS2PLACEMENT3D(#1354,#9,#1355);
#1357=IFCEXTRUDEDAREASOLID(#1353,#1356,#9,1.5);
#1358=IFCSTYLEDITEM(#1357,(#513),$);
#1359=IFCSHAPEREPRESENTATION(#24,'Body','SweptSolid',(#1357));
#1360=IFCPRODUCTDEFINITIONSHAPE($,$,(#1359));
#1361=IFCSPACE('00cLEFM_H6_A2yhNR7fEvn',#18,'{$this("Description")}',$,'Kavel',#1350,#1360,$,$,.USERDEFINED.,$);
#1362=IFCPROPERTYSET('26NjNoEKf5k9E$itldES_0',#18,'Pset_SpaceCommon',$,(#238,#520));
#1363=IFCPROPERTYSET('1jltgeS68yhDh5H940rYP8',#18,'Pset_SpaceHeaterTypeCommon',$,(#520));
#1364=IFCPROPERTYSINGLEVALUE('Afnemer',$,IFCTEXT('Particulier'),$);
#1365=IFCPROPERTYSINGLEVALUE('Bepalingsmethode',$,IFCTEXT('NVO'),$);
#1366=IFCPROPERTYSINGLEVALUE('EenheidNummer',$,IFCTEXT('04.00.15'),$);
#1367=IFCPROPERTYSINGLEVALUE('TerreinType',$,IFCTEXT('Kadastraal perceel'),$);
#1368=IFCPROPERTYSET('2x1sGmu5$0Ivw6s7lOVT1a',#18,'MiniGIM_ILS','',(#1364,#1365,#1366,#1367));
#1369=IFCRELDEFINESBYPROPERTIES('1FXE9ciH$Xe8lMEbQeR4Di',#18,$,$,(#1361),#1362);
#1370=IFCRELDEFINESBYPROPERTIES('1plDp9I4vnZamCW0qk7rXq',#18,$,$,(#1361),#1363);
#1371=IFCRELDEFINESBYPROPERTIES('1SOYRBhq6Vm0z2BNI2kk5_',#18,$,$,(#1361),#1368);
#1372=IFCQUANTITYAREA('GrossFloorArea','',$,119.511575992126,$);
#1373=IFCQUANTITYAREA('GrossCeilingArea','',$,119.511575992126,$);
#1374=IFCQUANTITYVOLUME('GrossVolume','',$,179.267363988189,$);
#1375=IFCQUANTITYVOLUME('NetVolume','',$,179.267363988189,$);
#1376=IFCELEMENTQUANTITY('0e$Fu2Da$B3K0c6EC4_58C',#18,'Qto_SpaceBaseQuantities',$,$,(#1372,#1373,#1374,#1375));
#1377=IFCRELDEFINESBYPROPERTIES('3uhqWbYzeLrRrImqpa$8su',#18,$,$,(#1361),#1376);
#1378=IFCAXIS2PLACEMENT3D(#3,$,$);
#1379=IFCLOCALPLACEMENT(#41,#1378);
#1380=IFCCARTESIANPOINTLIST2D(((-12.4824636313321,-3.38249939631272),(12.4826309262216,-3.38249939631272),(12.482344676034,3.38228683416031),(-12.4825119709235,3.38271195846512),(-12.4824636313321,-3.38249939631272)));
#1381=IFCINDEXEDPOLYCURVE(#1380,$,.F.);
#1382=IFCARBITRARYCLOSEDPROFILEDEF(.AREA.,'Kavel',#1381);
#1383=IFCCARTESIANPOINT((63.5093354084894,82.4455900255248,-1.5));
#1384=IFCDIRECTION((-0.99985339513844,-0.0171227401467901,0.));
#1385=IFCAXIS2PLACEMENT3D(#1383,#9,#1384);
#1386=IFCEXTRUDEDAREASOLID(#1382,#1385,#9,1.5);
#1387=IFCSTYLEDITEM(#1386,(#513),$);
#1388=IFCSHAPEREPRESENTATION(#24,'Body','SweptSolid',(#1386));
#1389=IFCPRODUCTDEFINITIONSHAPE($,$,(#1388));
#1390=IFCSPACE('00cLEFM_H6_A2yhNR7fEvQ',#18,'{$this("Description")}',$,'Kavel',#1379,#1389,$,$,.USERDEFINED.,$);
#1391=IFCPROPERTYSET('1V9ptZh8Xx7yWcvJeWcd8d',#18,'Pset_SpaceCommon',$,(#238,#520));
#1392=IFCPROPERTYSET('38qDdeHLXtWDPMJAos7rfa',#18,'Pset_SpaceHeaterTypeCommon',$,(#520));
#1393=IFCPROPERTYSINGLEVALUE('Afnemer',$,IFCTEXT('Particulier'),$);
#1394=IFCPROPERTYSINGLEVALUE('Bepalingsmethode',$,IFCTEXT('NVO'),$);
#1395=IFCPROPERTYSINGLEVALUE('EenheidNummer',$,IFCTEXT('04.00.14'),$);
#1396=IFCPROPERTYSINGLEVALUE('TerreinType',$,IFCTEXT('Kadastraal perceel'),$);
#1397=IFCPROPERTYSET('1CHTGmOu$db3UAysySFVNs',#18,'MiniGIM_ILS','',(#1393,#1394,#1395,#1396));
#1398=IFCRELDEFINESBYPROPERTIES('2s3HSG2ms$aAxibf34C8bX',#18,$,$,(#1390),#1391);
#1399=IFCRELDEFINESBYPROPERTIES('1bTTowzUno_5$zrsbN85Oi',#18,$,$,(#1390),#1392);
#1400=IFCRELDEFINESBYPROPERTIES('32EJkjhTrx$3BVKE0qgM4z',#18,$,$,(#1390),#1397);
#1401=IFCQUANTITYAREA('GrossFloorArea','',$,168.888029771622,$);
#1402=IFCQUANTITYAREA('GrossCeilingArea','',$,168.888029771622,$);
#1403=IFCQUANTITYVOLUME('GrossVolume','',$,253.332044657433,$);
#1404=IFCQUANTITYVOLUME('NetVolume','',$,253.332044657433,$);
#1405=IFCELEMENTQUANTITY('0cU$uOUsan5g0co7Z08_di',#18,'Qto_SpaceBaseQuantities',$,$,(#1401,#1402,#1403,#1404));
#1406=IFCRELDEFINESBYPROPERTIES('1CrtQvnQnWg$fcjrEa_d_G',#18,$,$,(#1390),#1405);
#1407=IFCAXIS2PLACEMENT3D(#3,$,$);
#1408=IFCLOCALPLACEMENT(#41,#1407);
#1409=IFCCARTESIANPOINTLIST2D(((-11.0219166856566,-3.56906763873309),(11.0215321754166,-3.56906763873309),(11.0218615299819,3.5689051711768),(-11.0214770197419,3.56923010628937),(-11.0219166856566,-3.56906763873309)));
#1410=IFCINDEXEDPOLYCURVE(#1409,$,.F.);
#1411=IFCARBITRARYCLOSEDPROFILEDEF(.AREA.,'Kavel',#1410);
#1412=IFCCARTESIANPOINT((29.9005006356275,66.539721157011,-1.5));
#1413=IFCDIRECTION((0.0171672757292244,-0.999852631463276,0.));
#1414=IFCAXIS2PLACEMENT3D(#1412,#9,#1413);
#1415=IFCEXTRUDEDAREASOLID(#1411,#1414,#9,1.5);
#1416=IFCSTYLEDITEM(#1415,(#513),$);
#1417=IFCSHAPEREPRESENTATION(#24,'Body','SweptSolid',(#1415));
#1418=IFCPRODUCTDEFINITIONSHAPE($,$,(#1417));
#1419=IFCSPACE('00cLEFM_H6_A2yhNR7fEv3',#18,'{$this("Description")}',$,'Kavel',#1408,#1418,$,$,.USERDEFINED.,$);
#1420=IFCPROPERTYSET('2u7B6YODiNs2e8NiZx4PWQ',#18,'Pset_SpaceCommon',$,(#238,#520));
#1421=IFCPROPERTYSET('3Otrjr5kIMQaqFlAubSB1B',#18,'Pset_SpaceHeaterTypeCommon',$,(#520));
#1422=IFCPROPERTYSINGLEVALUE('Afnemer',$,IFCTEXT('Corporatie'),$);
#1423=IFCPROPERTYSINGLEVALUE('Bepalingsmethode',$,IFCTEXT('NVO'),$);
#1424=IFCPROPERTYSINGLEVALUE('EenheidNummer',$,IFCTEXT('04.00.05'),$);
#1425=IFCPROPERTYSINGLEVALUE('TerreinType',$,IFCTEXT('Kadastraal perceel'),$);
#1426=IFCPROPERTYSET('0pwI0$QPE8cds9n_y4mCoh',#18,'MiniGIM_ILS','',(#1422,#1423,#1424,#1425));
#1427=IFCRELDEFINESBYPROPERTIES('2ieBrwEBfUjX6pWOrezy5u',#18,$,$,(#1419),#1420);
#1428=IFCRELDEFINESBYPROPERTIES('3oxF043gjLFQLcHfCQ9Xzm',#18,$,$,(#1419),#1421);
#1429=IFCRELDEFINESBYPROPERTIES('3r_qj3N7WTQZ3aq_MO2_J7',#18,$,$,(#1419),#1426);
#1430=IFCQUANTITYAREA('GrossFloorArea','',$,157.348726306051,$);
#1431=IFCQUANTITYAREA('GrossCeilingArea','',$,157.348726306051,$);
#1432=IFCQUANTITYVOLUME('GrossVolume','',$,236.023089459076,$);
#1433=IFCQUANTITYVOLUME('NetVolume','',$,236.023089459076,$);
#1434=IFCELEMENTQUANTITY('2wXy$rDN_2u28tjPq_8Qev',#18,'Qto_SpaceBaseQuantities',$,$,(#1430,#1431,#1432,#1433));
#1435=IFCRELDEFINESBYPROPERTIES('0BmimjCwrmFmyZKCX7Lxgr',#18,$,$,(#1419),#1434);
#1436=IFCAXIS2PLACEMENT3D(#3,$,$);
#1437=IFCLOCALPLACEMENT(#41,#1436);
#1438=IFCCARTESIANPOINTLIST2D(((-11.0217689051143,-2.54636514550783),(11.0215696470043,-2.54636514550783),(11.0217295638994,2.54645641830626),(-11.0215303057895,2.54627387270939),(-11.0217689051143,-2.54636514550783)));
#1439=IFCINDEXEDPOLYCURVE(#1438,$,.F.);
#1440=IFCARBITRARYCLOSEDPROFILEDEF(.AREA.,'Kavel',#1439);
#1441=IFCCARTESIANPOINT((36.0150378509776,66.6443771068573,-1.5));
#1442=IFCDIRECTION((0.0171525371601229,-0.999852884412987,0.));
#1443=IFCAXIS2PLACEMENT3D(#1441,#9,#1442);
#1444=IFCEXTRUDEDAREASOLID(#1440,#1443,#9,1.5);
#1445=IFCSTYLEDITEM(#1444,(#513),$);
#1446=IFCSHAPEREPRESENTATION(#24,'Body','SweptSolid',(#1444));
#1447=IFCPRODUCTDEFINITIONSHAPE($,$,(#1446));
#1448=IFCSPACE('00cLEFM_H6_A2yhNR7fEua',#18,'{$this("Description")}',$,'Kavel',#1437,#1447,$,$,.USERDEFINED.,$);
#1449=IFCPROPERTYSET('1pkc6dOgeRd0WBAOJzPhNt',#18,'Pset_SpaceCommon',$,(#238,#520));
#1450=IFCPROPERTYSET('0rMrV5BSR9VHX1A39PUgmb',#18,'Pset_SpaceHeaterTypeCommon',$,(#520));
#1451=IFCPROPERTYSINGLEVALUE('Afnemer',$,IFCTEXT('Corporatie'),$);
#1452=IFCPROPERTYSINGLEVALUE('Bepalingsmethode',$,IFCTEXT('NVO'),$);
#1453=IFCPROPERTYSINGLEVALUE('EenheidNummer',$,IFCTEXT('04.00.06'),$);
#1454=IFCPROPERTYSINGLEVALUE('TerreinType',$,IFCTEXT('Kadastraal perceel'),$);
#1455=IFCPROPERTYSET('2YiDKx5the6HHEgCbE5M9a',#18,'MiniGIM_ILS','',(#1451,#1452,#1453,#1454));
#1456=IFCRELDEFINESBYPROPERTIES('1HYsjsDEf01JEarHapQhNa',#18,$,$,(#1448),#1449);
#1457=IFCRELDEFINESBYPROPERTIES('1LINXTloB1qHBJ6go156cm',#18,$,$,(#1448),#1450);
#1458=IFCRELDEFINESBYPROPERTIES('3NFg3Qdr_wHgj$ShEbHt6m',#18,$,$,(#1448),#1455);
#1459=IFCQUANTITYAREA('GrossFloorArea','',$,112.260577587104,$);
#1460=IFCQUANTITYAREA('GrossCeilingArea','',$,112.260577587104,$);
#1461=IFCQUANTITYVOLUME('GrossVolume','',$,168.390866380656,$);
#1462=IFCQUANTITYVOLUME('NetVolume','',$,168.390866380656,$);
#1463=IFCELEMENTQUANTITY('0V05sx5C9T0$YVtJuABp4G',#18,'Qto_SpaceBaseQuantities',$,$,(#1459,#1460,#1461,#1462));
#1464=IFCRELDEFINESBYPROPERTIES('2_Fd7$7ke1oYNKGgg0_GBj',#18,$,$,(#1448),#1463);
#1465=IFCAXIS2PLACEMENT3D(#3,$,$);
#1466=IFCLOCALPLACEMENT(#41,#1465);
#1467=IFCCARTESIANPOINTLIST2D(((-11.0217506427454,-2.54613062087857),(11.0215092276993,-2.54613062087858),(11.0217112750192,2.54557028934504),(-11.0214698599732,2.54669095241211),(-11.0217506427454,-2.54613062087857)));
#1468=IFCINDEXEDPOLYCURVE(#1467,$,.F.);
#1469=IFCARBITRARYCLOSEDPROFILEDEF(.AREA.,'Kavel',#1468);
#1470=IFCCARTESIANPOINT((41.10678785044,66.7315271076057,-1.5));
#1471=IFCDIRECTION((0.0171608171844782,-0.99985274233437,0.));
#1472=IFCAXIS2PLACEMENT3D(#1470,#9,#1471);
#1473=IFCEXTRUDEDAREASOLID(#1469,#1472,#9,1.5);
#1474=IFCSTYLEDITEM(#1473,(#513),$);
#1475=IFCSHAPEREPRESENTATION(#24,'Body','SweptSolid',(#1473));
#1476=IFCPRODUCTDEFINITIONSHAPE($,$,(#1475));
#1477=IFCSPACE('00cLEFM_H6_A2yhNR7fEuD',#18,'{$this("Description")}',$,'Kavel',#1466,#1476,$,$,.USERDEFINED.,$);
#1478=IFCPROPERTYSET('1oqOFWMg4Y8ftQXe6leTmW',#18,'Pset_SpaceCommon',$,(#238,#520));
#1479=IFCPROPERTYSET('3tTv5Guz6z43a5wQdge0fh',#18,'Pset_SpaceHeaterTypeCommon',$,(#520));
#1480=IFCPROPERTYSINGLEVALUE('Afnemer',$,IFCTEXT('Corporatie'),$);
#1481=IFCPROPERTYSINGLEVALUE('Bepalingsmethode',$,IFCTEXT('NVO'),$);
#1482=IFCPROPERTYSINGLEVALUE('EenheidNummer',$,IFCTEXT('04.00.07'),$);
#1483=IFCPROPERTYSINGLEVALUE('TerreinType',$,IFCTEXT('Kadastraal perceel'),$);
#1484=IFCPROPERTYSET('0mORL4TU_jf8XAlX49Qrzh',#18,'MiniGIM_ILS','',(#1480,#1481,#1482,#1483));
#1485=IFCRELDEFINESBYPROPERTIES('3uJHf7nwHoTNIv0cscnW1n',#18,$,$,(#1477),#1478);
#1486=IFCRELDEFINESBYPROPERTIES('3J6uvp6qfoY05F3y4l7y9Z',#18,$,$,(#1477),#1479);
#1487=IFCRELDEFINESBYPROPERTIES('3viIpa$qylT22JZ27Ov1x7',#18,$,$,(#1477),#1484);
#1488=IFCQUANTITYAREA('GrossFloorArea','',$,112.249837544773,$);
#1489=IFCQUANTITYAREA('GrossCeilingArea','',$,112.249837544773,$);
#1490=IFCQUANTITYVOLUME('GrossVolume','',$,168.374756317159,$);
#1491=IFCQUANTITYVOLUME('NetVolume','',$,168.374756317159,$);
#1492=IFCELEMENTQUANTITY('3msHHl6htpo7deAj6TclgM',#18,'Qto_SpaceBaseQuantities',$,$,(#1488,#1489,#1490,#1491));
#1493=IFCRELDEFINESBYPROPERTIES('3Ckig9UEMeatmCaVq7lO$Z',#18,$,$,(#1477),#1492);
#1494=IFCAXIS2PLACEMENT3D(#3,$,$);
#1495=IFCLOCALPLACEMENT(#41,#1494);
#1496=IFCCARTESIANPOINTLIST2D(((-11.0215818406548,-2.54652150490862),(11.0215993228245,-2.54652150490862),(11.0215424923534,2.5468418542302),(-11.0215599745231,2.54620115558705),(-11.0215818406548,-2.54652150490862)));
#1497=IFCINDEXEDPOLYCURVE(#1496,$,.F.);
#1498=IFCARBITRARYCLOSEDPROFILEDEF(.AREA.,'Kavel',#1497);
#1499=IFCCARTESIANPOINT((46.1986941844563,66.8186797850493,-1.5));
#1500=IFCDIRECTION((0.0171099852051286,-0.999853613488635,0.));
#1501=IFCAXIS2PLACEMENT3D(#1499,#9,#1500);
#1502=IFCEXTRUDEDAREASOLID(#1498,#1501,#9,1.5);
#1503=IFCSTYLEDITEM(#1502,(#513),$);
#1504=IFCSHAPEREPRESENTATION(#24,'Body','SweptSolid',(#1502));
#1505=IFCPRODUCTDEFINITIONSHAPE($,$,(#1504));
#1506=IFCSPACE('00cLEFM_H6_A2yhNR7fE$s',#18,'{$this("Description")}',$,'Kavel',#1495,#1505,$,$,.USERDEFINED.,$);
#1507=IFCPROPERTYSET('2RvoV49jaBRRlWC78uzGEx',#18,'Pset_SpaceCommon',$,(#238,#520));
#1508=IFCPROPERTYSET('1nnkjKXY0ubw$XXprMncgB',#18,'Pset_SpaceHeaterTypeCommon',$,(#520));
#1509=IFCPROPERTYSINGLEVALUE('Afnemer',$,IFCTEXT('Corporatie'),$);
#1510=IFCPROPERTYSINGLEVALUE('Bepalingsmethode',$,IFCTEXT('NVO'),$);
#1511=IFCPROPERTYSINGLEVALUE('EenheidNummer',$,IFCTEXT('04.00.08'),$);
#1512=IFCPROPERTYSINGLEVALUE('TerreinType',$,IFCTEXT('Kadastraal perceel'),$);
#1513=IFCPROPERTYSET('24UoX1$9DTaUYv$G0y9ib$',#18,'MiniGIM_ILS','',(#1509,#1510,#1511,#1512));
#1514=IFCRELDEFINESBYPROPERTIES('3Y3hNMZ99iGsM5BFbNP6B9',#18,$,$,(#1506),#1507);
#1515=IFCRELDEFINESBYPROPERTIES('1Yr_LXqTmAS8Qt95PC9gHh',#18,$,$,(#1506),#1508);
#1516=IFCRELDEFINESBYPROPERTIES('2PLc$L_iaSv$_N3ZiyVJBY',#18,$,$,(#1506),#1513);
#1517=IFCQUANTITYAREA('GrossFloorArea','',$,112.266669341802,$);
#1518=IFCQUANTITYAREA('GrossCeilingArea','',$,112.266669341802,$);
#1519=IFCQUANTITYVOLUME('GrossVolume','',$,168.400004012703,$);
#1520=IFCQUANTITYVOLUME('NetVolume','',$,168.400004012703,$);
#1521=IFCELEMENTQUANTITY('2LbSkHH1630kDwY$JBO7ZG',#18,'Qto_SpaceBaseQuantities',$,$,(#1517,#1518,#1519,#1520));
#1522=IFCRELDEFINESBYPROPERTIES('2rZMkTAKFuQMzIt6trcczp',#18,$,$,(#1506),#1521);
#1523=IFCAXIS2PLACEMENT3D(#3,$,$);
#1524=IFCLOCALPLACEMENT(#41,#1523);
#1525=IFCCARTESIANPOINTLIST2D(((-7.03962507538267,-2.54673200109115),(15.003477400805,-2.54673200109115),(15.0035686020994,2.54604461386087),(-7.96389796117179,2.54684421468328),(-7.96398285821845,0.000275566367176408),(-7.03954010813149,0.000299607270997103),(-7.03962507538267,-2.54673200109115)));
#1526=IFCINDEXEDPOLYCURVE(#1525,$,.F.);
#1527=IFCARBITRARYCLOSEDPROFILEDEF(.AREA.,'Kavel',#1526);
#1528=IFCCARTESIANPOINT((51.2229542713714,70.8872493092151,-1.5));
#1529=IFCDIRECTION((0.0171390466630099,-0.99985311575225,0.));
#1530=IFCAXIS2PLACEMENT3D(#1528,#9,#1529);
#1531=IFCEXTRUDEDAREASOLID(#1527,#1530,#9,1.5);
#1532=IFCSTYLEDITEM(#1531,(#513),$);
#1533=IFCSHAPEREPRESENTATION(#24,'Body','SweptSolid',(#1531));
#1534=IFCPRODUCTDEFINITIONSHAPE($,$,(#1533));
#1535=IFCSPACE('00cLEFM_H6_A2yhNR7fE$V',#18,'{$this("Description")}',$,'Kavel',#1524,#1534,$,$,.USERDEFINED.,$);
#1536=IFCPROPERTYSET('0dzimvHjiq27dgZzyrBXAB',#18,'Pset_SpaceCommon',$,(#238,#520));
#1537=IFCPROPERTYSET('3XXNH$Udgm0T2FVQZGJb2T',#18,'Pset_SpaceHeaterTypeCommon',$,(#520));
#1538=IFCPROPERTYSINGLEVALUE('Afnemer',$,IFCTEXT('Corporatie'),$);
#1539=IFCPROPERTYSINGLEVALUE('Bepalingsmethode',$,IFCTEXT('NVO'),$);
#1540=IFCPROPERTYSINGLEVALUE('EenheidNummer',$,IFCTEXT('04.00.09'),$);
#1541=IFCPROPERTYSINGLEVALUE('TerreinType',$,IFCTEXT('Kadastraal perceel'),$);
#1542=IFCPROPERTYSET('0tg4zMwwZWv8sWGGWs7783',#18,'MiniGIM_ILS','',(#1538,#1539,#1540,#1541));
#1543=IFCRELDEFINESBYPROPERTIES('02bUHCe_Us8YBL3EKBO34y',#18,$,$,(#1535),#1536);
#1544=IFCRELDEFINESBYPROPERTIES('39DO8xyVR4YV__fdzyhoIo',#18,$,$,(#1535),#1537);
#1545=IFCRELDEFINESBYPROPERTIES('0iFnfa6d5Fm9blEXBNDuHR',#18,$,$,(#1535),#1542);
#1546=IFCQUANTITYAREA('GrossFloorArea','',$,114.62298553305,$);
#1547=IFCQUANTITYAREA('GrossCeilingArea','',$,114.62298553305,$);
#1548=IFCQUANTITYVOLUME('GrossVolume','',$,171.934478299574,$);
#1549=IFCQUANTITYVOLUME('NetVolume','',$,171.934478299574,$);
#1550=IFCELEMENTQUANTITY('21zUHcDH2tp4JGf3iMN9nX',#18,'Qto_SpaceBaseQuantities',$,$,(#1546,#1547,#1548,#1549));
#1551=IFCRELDEFINESBYPROPERTIES('0wiTomwl9fwwJSx0FtwzfF',#18,$,$,(#1535),#1550);
#1552=IFCAXIS2PLACEMENT3D(#3,$,$);
#1553=IFCLOCALPLACEMENT(#41,#1552);
#1554=IFCCARTESIANPOINTLIST2D(((-2.54645246247665,-11.4837136435969),(2.54636910241222,-11.4837136435969),(2.54640301797335,11.4837529335681),(-2.54631965790892,11.4836743536258),(-2.54645246247665,-11.4837136435969)));
#1555=IFCINDEXEDPOLYCURVE(#1554,$,.F.);
#1556=IFCARBITRARYCLOSEDPROFILEDEF(.AREA.,'Kavel',#1555);
#1557=IFCCARTESIANPOINT((56.3753644285605,67.4551520198598,-1.5));
#1558=IFCDIRECTION((-0.999853686575076,-0.0171057137305171,0.));
#1559=IFCAXIS2PLACEMENT3D(#1557,#9,#1558);
#1560=IFCEXTRUDEDAREASOLID(#1556,#1559,#9,1.5);
#1561=IFCSTYLEDITEM(#1560,(#513),$);
#1562=IFCSHAPEREPRESENTATION(#24,'Body','SweptSolid',(#1560));
#1563=IFCPRODUCTDEFINITIONSHAPE($,$,(#1562));
#1564=IFCSPACE('00cLEFM_H6_A2yhNR7fE_w',#18,'{$this("Description")}',$,'Kavel',#1553,#1563,$,$,.USERDEFINED.,$);
#1565=IFCPROPERTYSET('1pZUEu$Mcf5epTPIvXamHe',#18,'Pset_SpaceCommon',$,(#238,#520));
#1566=IFCPROPERTYSET('1BfRW9plK6l5Qw$E03OlMX',#18,'Pset_SpaceHeaterTypeCommon',$,(#520));
#1567=IFCPROPERTYSINGLEVALUE('Afnemer',$,IFCTEXT('Corporatie'),$);
#1568=IFCPROPERTYSINGLEVALUE('Bepalingsmethode',$,IFCTEXT('NVO'),$);
#1569=IFCPROPERTYSINGLEVALUE('EenheidNummer',$,IFCTEXT('04.00.10'),$);
#1570=IFCPROPERTYSINGLEVALUE('TerreinType',$,IFCTEXT('Kadastraal perceel'),$);
#1571=IFCPROPERTYSET('2HZ0hDE5rfWXGaHnioj4S1',#18,'MiniGIM_ILS','',(#1567,#1568,#1569,#1570));
#1572=IFCRELDEFINESBYPROPERTIES('2mDclBSMf2QKlXqYiQJMdJ',#18,$,$,(#1564),#1565);
#1573=IFCRELDEFINESBYPROPERTIES('1a4ZAFtoN715TGjDpmVCq1',#18,$,$,(#1564),#1566);
#1574=IFCRELDEFINESBYPROPERTIES('0yP5CaWgGu83IVanMH8$ID',#18,$,$,(#1564),#1571);
#1575=IFCQUANTITYAREA('GrossFloorArea','',$,116.967873361928,$);
#1576=IFCQUANTITYAREA('GrossCeilingArea','',$,116.967873361928,$);
#1577=IFCQUANTITYVOLUME('GrossVolume','',$,175.451810042892,$);
#1578=IFCQUANTITYVOLUME('NetVolume','',$,175.451810042893,$);
#1579=IFCELEMENTQUANTITY('2dFJeSWSZDbQVnIrfu$iX9',#18,'Qto_SpaceBaseQuantities',$,$,(#1575,#1576,#1577,#1578));
#1580=IFCRELDEFINESBYPROPERTIES('2U6X6fS_h3fjm2udqCLop8',#18,$,$,(#1564),#1579);
#1581=IFCAXIS2PLACEMENT3D(#3,$,$);
#1582=IFCLOCALPLACEMENT(#41,#1581);
#1583=IFCCARTESIANPOINTLIST2D(((-2.54575899401347,-11.4836743532444),(2.54610497783386,-11.4836743532444),(2.54623778240164,11.4837136439783),(-2.54658376622202,11.4836350625105),(-2.54575899401347,-11.4836743532444)));
#1584=IFCINDEXEDPOLYCURVE(#1583,$,.F.);
#1585=IFCARBITRARYCLOSEDPROFILEDEF(.AREA.,'Kavel',#1584);
#1586=IFCCARTESIANPOINT((61.4671760872608,67.5423031341938,-1.5));
#1587=IFCDIRECTION((-0.999853686575076,-0.0171057137305189,0.));
#1588=IFCAXIS2PLACEMENT3D(#1586,#9,#1587);
#1589=IFCEXTRUDEDAREASOLID(#1585,#1588,#9,1.5);
#1590=IFCSTYLEDITEM(#1589,(#513),$);
#1591=IFCSHAPEREPRESENTATION(#24,'Body','SweptSolid',(#1589));
#1592=IFCPRODUCTDEFINITIONSHAPE($,$,(#1591));
#1593=IFCSPACE('00cLEFM_H6_A2yhNR7fE_Z',#18,'{$this("Description")}',$,'Kavel',#1582,#1592,$,$,.USERDEFINED.,$);
#1594=IFCPROPERTYSET('1u$CuZL3uhEZAPoU5JsA$E',#18,'Pset_SpaceCommon',$,(#238,#520));
#1595=IFCPROPERTYSET('3cGTAANawCWD_YbwIRgKcX',#18,'Pset_SpaceHeaterTypeCommon',$,(#520));
#1596=IFCPROPERTYSINGLEVALUE('Afnemer',$,IFCTEXT('Corporatie'),$);
#1597=IFCPROPERTYSINGLEVALUE('Bepalingsmethode',$,IFCTEXT('NVO'),$);
#1598=IFCPROPERTYSINGLEVALUE('EenheidNummer',$,IFCTEXT('04.00.11'),$);
#1599=IFCPROPERTYSINGLEVALUE('TerreinType',$,IFCTEXT('Kadastraal perceel'),$);
#1600=IFCPROPERTYSET('1DQ$ya3fSHVyBzmGacRob_',#18,'MiniGIM_ILS','',(#1596,#1597,#1598,#1599));
#1601=IFCRELDEFINESBYPROPERTIES('3TIU0C3UZiGbp2l33StsMX',#18,$,$,(#1593),#1594);
#1602=IFCRELDEFINESBYPROPERTIES('0_5XKZ5HYW7Zfv7$jxP4Js',#18,$,$,(#1593),#1595);
#1603=IFCRELDEFINESBYPROPERTIES('1ylOQY7cc5jtNifvYov3US',#18,$,$,(#1593),#1600);
#1604=IFCQUANTITYAREA('GrossFloorArea','',$,116.957611920886,$);
#1605=IFCQUANTITYAREA('GrossCeilingArea','',$,116.957611920886,$);
#1606=IFCQUANTITYVOLUME('GrossVolume','',$,175.436417881329,$);
#1607=IFCQUANTITYVOLUME('NetVolume','',$,175.436417881329,$);
#1608=IFCELEMENTQUANTITY('0iD_NJ6rU8YmdBGCbZGgxD',#18,'Qto_SpaceBaseQuantities',$,$,(#1604,#1605,#1606,#1607));
#1609=IFCRELDEFINESBYPROPERTIES('2j33yoXwNgD1pqQc5GCfPS',#18,$,$,(#1593),#1608);
#1610=IFCAXIS2PLACEMENT3D(#3,$,$);
#1611=IFCLOCALPLACEMENT(#41,#1610);
#1612=IFCCARTESIANPOINTLIST2D(((-2.54607058952653,-11.4836350636243),(2.5467509743137,-11.4836350636243),(2.54592620210513,11.4836743521305),(-2.5466065868923,11.4835957751182),(-2.54607058952653,-11.4836350636243)));
#1613=IFCINDEXEDPOLYCURVE(#1612,$,.F.);
#1614=IFCARBITRARYCLOSEDPROFILEDEF(.AREA.,'Kavel',#1613);
#1615=IFCCARTESIANPOINT((66.558940280936,67.6294534357533,-1.5));
#1616=IFCDIRECTION((-0.999853686575076,-0.0171057137305182,0.));
#1617=IFCAXIS2PLACEMENT3D(#1615,#9,#1616);
#1618=IFCEXTRUDEDAREASOLID(#1614,#1617,#9,1.5);
#1619=IFCSTYLEDITEM(#1618,(#513),$);
#1620=IFCSHAPEREPRESENTATION(#24,'Body','SweptSolid',(#1618));
#1621=IFCPRODUCTDEFINITIONSHAPE($,$,(#1620));
#1622=IFCSPACE('00cLEFM_H6_A2yhNR7fE_4',#18,'{$this("Description")}',$,'Kavel',#1611,#1621,$,$,.USERDEFINED.,$);
#1623=IFCPROPERTYSET('1pPmPDCGgAPnKkgFT_74EU',#18,'Pset_SpaceCommon',$,(#238,#520));
#1624=IFCPROPERTYSET('1sP030fogCujSuVS1s6bZe',#18,'Pset_SpaceHeaterTypeCommon',$,(#520));
#1625=IFCPROPERTYSINGLEVALUE('Afnemer',$,IFCTEXT('Corporatie'),$);
#1626=IFCPROPERTYSINGLEVALUE('Bepalingsmethode',$,IFCTEXT('NVO'),$);
#1627=IFCPROPERTYSINGLEVALUE('EenheidNummer',$,IFCTEXT('04.00.12'),$);
#1628=IFCPROPERTYSINGLEVALUE('TerreinType',$,IFCTEXT('Kadastraal perceel'),$);
#1629=IFCPROPERTYSET('1v$2nK$8M9y_Z464u4OEtB',#18,'MiniGIM_ILS','',(#1625,#1626,#1627,#1628));
#1630=IFCRELDEFINESBYPROPERTIES('1gCcAZj6oJz4e6j2mU5av1',#18,$,$,(#1622),#1623);
#1631=IFCRELDEFINESBYPROPERTIES('06vRNqyfzjq5YsxLDcGiTD',#18,$,$,(#1622),#1624);
#1632=IFCRELDEFINESBYPROPERTIES('2ClpBPBxYSi7rh8m4pVE4W',#18,$,$,(#1622),#1629);
#1633=IFCQUANTITYAREA('GrossFloorArea','',$,116.964892408417,$);
#1634=IFCQUANTITYAREA('GrossCeilingArea','',$,116.964892408417,$);
#1635=IFCQUANTITYVOLUME('GrossVolume','',$,175.447338612625,$);
#1636=IFCQUANTITYVOLUME('NetVolume','',$,175.447338612625,$);
#1637=IFCELEMENTQUANTITY('0eP5tLWpHy1PDnB7f1TdPX',#18,'Qto_SpaceBaseQuantities',$,$,(#1633,#1634,#1635,#1636));
#1638=IFCRELDEFINESBYPROPERTIES('0DJpmm5yIL7AG$OUJTVxcP',#18,$,$,(#1622),#1637);
#1639=IFCAXIS2PLACEMENT3D(#3,$,$);
#1640=IFCLOCALPLACEMENT(#41,#1639);
#1641=IFCCARTESIANPOINTLIST2D(((-3.57011764768444,-11.4835878740042),(3.57066325258513,-11.4835878740043),(3.57012725521929,11.4836429647383),(-3.57067286011998,11.4835327832702),(-3.57011764768444,-11.4835878740042)));
#1642=IFCINDEXEDPOLYCURVE(#1641,$,.F.);
#1643=IFCARBITRARYCLOSEDPROFILEDEF(.AREA.,'Kavel',#1642);
#1644=IFCCARTESIANPOINT((72.6747783555577,67.7341317165378,-1.5));
#1645=IFCDIRECTION((-0.999853686575076,-0.0171057137305153,0.));
#1646=IFCAXIS2PLACEMENT3D(#1644,#9,#1645);
#1647=IFCEXTRUDEDAREASOLID(#1643,#1646,#9,1.5);
#1648=IFCSTYLEDITEM(#1647,(#513),$);
#1649=IFCSHAPEREPRESENTATION(#24,'Body','SweptSolid',(#1647));
#1650=IFCPRODUCTDEFINITIONSHAPE($,$,(#1649));
#1651=IFCSPACE('00cLEFM_H6_A2yhNR7fEzj',#18,'{$this("Description")}',$,'Kavel',#1640,#1650,$,$,.USERDEFINED.,$);
#1652=IFCPROPERTYSET('35o7ZVj_OO5SYNqbglgErh',#18,'Pset_SpaceCommon',$,(#238,#520));
#1653=IFCPROPERTYSET('2mcvjrBOc9y1MQ6PT_CbQ1',#18,'Pset_SpaceHeaterTypeCommon',$,(#520));
#1654=IFCPROPERTYSINGLEVALUE('Afnemer',$,IFCTEXT('Corporatie'),$);
#1655=IFCPROPERTYSINGLEVALUE('Bepalingsmethode',$,IFCTEXT('NVO'),$);
#1656=IFCPROPERTYSINGLEVALUE('EenheidNummer',$,IFCTEXT('04.00.13'),$);
#1657=IFCPROPERTYSINGLEVALUE('TerreinType',$,IFCTEXT('Kadastraal perceel'),$);
#1658=IFCPROPERTYSET('23cpTtEpewud6WzkxKtEjw',#18,'MiniGIM_ILS','',(#1654,#1655,#1656,#1657));
#1659=IFCRELDEFINESBYPROPERTIES('3IhSMLYGtEsI3cTFPzy9V_',#18,$,$,(#1651),#1652);
#1660=IFCRELDEFINESBYPROPERTIES('3MXzZUCrtuHoNiW7wlRadA',#18,$,$,(#1651),#1653);
#1661=IFCRELDEFINESBYPROPERTIES('1v8SI_gqwwZBN5ONqLXcWE',#18,$,$,(#1651),#1658);
#1662=IFCQUANTITYAREA('GrossFloorArea','',$,164.003790602513,$);
#1663=IFCQUANTITYAREA('GrossCeilingArea','',$,164.003790602513,$);
#1664=IFCQUANTITYVOLUME('GrossVolume','',$,246.005685903769,$);
#1665=IFCQUANTITYVOLUME('NetVolume','',$,246.005685903769,$);
#1666=IFCELEMENTQUANTITY('3ZQtwYNClISfzbrWzrW9z3',#18,'Qto_SpaceBaseQuantities',$,$,(#1662,#1663,#1664,#1665));
#1667=IFCRELDEFINESBYPROPERTIES('2uliKxW$LFExE5wUDGyYOF',#18,$,$,(#1651),#1666);
#1668=IFCAXIS2PLACEMENT3D(#3,$,$);
#1669=IFCLOCALPLACEMENT(#41,#1668);
#1670=IFCCARTESIANPOINTLIST2D(((-12.4816282654751,-6.36377384770765),(12.4811462229351,-6.36377384770765),(12.4820346694884,6.36390897044213),(-12.4815526269483,6.36363872497317),(-12.4816282654751,-6.36377384770765)));
#1671=IFCINDEXEDPOLYCURVE(#1670,$,.F.);
#1672=IFCARBITRARYCLOSEDPROFILEDEF(.AREA.,'Kavel',#1671);
#1673=IFCCARTESIANPOINT((99.4750610050029,110.940752952208,-1.5));
#1674=IFCDIRECTION((0.999853629979168,0.0171090215232013,0.));
#1675=IFCAXIS2PLACEMENT3D(#1673,#9,#1674);
#1676=IFCEXTRUDEDAREASOLID(#1672,#1675,#9,1.5);
#1677=IFCSTYLEDITEM(#1676,(#513),$);
#1678=IFCSHAPEREPRESENTATION(#24,'Body','SweptSolid',(#1676));
#1679=IFCPRODUCTDEFINITIONSHAPE($,$,(#1678));
#1680=IFCSPACE('3_JsmHTTL4QuTjrgzA6dLO',#18,'{$this("Description")}',$,'Kavel',#1669,#1679,$,$,.USERDEFINED.,$);
#1681=IFCPROPERTYSET('1_jUO9LP8PUSl0wXmCH6SK',#18,'Pset_SpaceCommon',$,(#238,#520));
#1682=IFCPROPERTYSET('1SrH9vJqz8JaAcNXczkIBO',#18,'Pset_SpaceHeaterTypeCommon',$,(#520));
#1683=IFCPROPERTYSINGLEVALUE('Afnemer',$,IFCTEXT('Particulier'),$);
#1684=IFCPROPERTYSINGLEVALUE('Bepalingsmethode',$,IFCTEXT('NVO'),$);
#1685=IFCPROPERTYSINGLEVALUE('EenheidNummer',$,IFCTEXT('05.00.01'),$);
#1686=IFCPROPERTYSINGLEVALUE('TerreinType',$,IFCTEXT('Kadastraal perceel'),$);
#1687=IFCPROPERTYSET('2OjQb0xXm64rcDcgl81sVq',#18,'MiniGIM_ILS','',(#1683,#1684,#1685,#1686));
#1688=IFCRELDEFINESBYPROPERTIES('3v6f5s7qLl77YDYIsGrz89',#18,$,$,(#1680),#1681);
#1689=IFCRELDEFINESBYPROPERTIES('0MLcY5Lh25EnYbcIWJaeCy',#18,$,$,(#1680),#1682);
#1690=IFCRELDEFINESBYPROPERTIES('3BXyEc$GhAp_asUy9fQdbn',#18,$,$,(#1680),#1687);
#1691=IFCQUANTITYAREA('GrossFloorArea','',$,317.720075372465,$);
#1692=IFCQUANTITYAREA('GrossCeilingArea','',$,317.720075372465,$);
#1693=IFCQUANTITYVOLUME('GrossVolume','',$,476.580113058697,$);
#1694=IFCQUANTITYVOLUME('NetVolume','',$,476.580113058697,$);
#1695=IFCELEMENTQUANTITY('3sddzJ7Ik4Fz6Xs94ORzZ0',#18,'Qto_SpaceBaseQuantities',$,$,(#1691,#1692,#1693,#1694));
#1696=IFCRELDEFINESBYPROPERTIES('3z4PM33bfDTgQ_vhDpamDJ',#18,$,$,(#1680),#1695);
#1697=IFCAXIS2PLACEMENT3D(#3,$,$);
#1698=IFCLOCALPLACEMENT(#41,#1697);
#1699=IFCCARTESIANPOINTLIST2D(((-12.4818265846149,-4.81811860011041),(12.4816910941936,-4.81811860011041),(12.4814549758183,4.81753599328153),(-12.481319485397,4.81870120693929),(-12.4818265846149,-4.81811860011041)));
#1700=IFCINDEXEDPOLYCURVE(#1699,$,.F.);
#1701=IFCARBITRARYCLOSEDPROFILEDEF(.AREA.,'Kavel',#1700);
#1702=IFCCARTESIANPOINT((99.6662883897071,99.7604957654401,-1.5));
#1703=IFCDIRECTION((0.99985283027413,0.0171556927231785,0.));
#1704=IFCAXIS2PLACEMENT3D(#1702,#9,#1703);
#1705=IFCEXTRUDEDAREASOLID(#1701,#1704,#9,1.5);
#1706=IFCSTYLEDITEM(#1705,(#513),$);
#1707=IFCSHAPEREPRESENTATION(#24,'Body','SweptSolid',(#1705));
#1708=IFCPRODUCTDEFINITIONSHAPE($,$,(#1707));
#1709=IFCSPACE('3_JsmHTTL4QuTjrgzA6dKn',#18,'{$this("Description")}',$,'Kavel',#1698,#1708,$,$,.USERDEFINED.,$);
#1710=IFCPROPERTYSET('1QemEY_qCDnzwYo9X_0mb2',#18,'Pset_SpaceCommon',$,(#238,#520));
#1711=IFCPROPERTYSET('3wizGXadGg9DHoQef_nrEF',#18,'Pset_SpaceHeaterTypeCommon',$,(#520));
#1712=IFCPROPERTYSINGLEVALUE('Afnemer',$,IFCTEXT('Particulier'),$);
#1713=IFCPROPERTYSINGLEVALUE('Bepalingsmethode',$,IFCTEXT('NVO'),$);
#1714=IFCPROPERTYSINGLEVALUE('EenheidNummer',$,IFCTEXT('05.00.02'),$);
#1715=IFCPROPERTYSINGLEVALUE('TerreinType',$,IFCTEXT('Kadastraal perceel'),$);
#1716=IFCPROPERTYSET('3S_50qzi0uEYd$BRTi7Cc$',#18,'MiniGIM_ILS','',(#1712,#1713,#1714,#1715));
#1717=IFCRELDEFINESBYPROPERTIES('2PrnDJY4nU88Ic0CcXVKQH',#18,$,$,(#1709),#1710);
#1718=IFCRELDEFINESBYPROPERTIES('0UURHADiOmhIpKCJs_E7Tw',#18,$,$,(#1709),#1711);
#1719=IFCRELDEFINESBYPROPERTIES('3N1TSmUQjLieZgvu9yr3rh',#18,$,$,(#1709),#1716);
#1720=IFCQUANTITYAREA('GrossFloorArea','',$,240.550796873333,$);
#1721=IFCQUANTITYAREA('GrossCeilingArea','',$,240.550796873333,$);
#1722=IFCQUANTITYVOLUME('GrossVolume','',$,360.826195309999,$);
#1723=IFCQUANTITYVOLUME('NetVolume','',$,360.826195309999,$);
#1724=IFCELEMENTQUANTITY('3ON5sc_mLmizgSrC0Kdnk7',#18,'Qto_SpaceBaseQuantities',$,$,(#1720,#1721,#1722,#1723));
#1725=IFCRELDEFINESBYPROPERTIES('0n35d0SAjDWDw_iYGPhF19',#18,$,$,(#1709),#1724);
#1726=IFCAXIS2PLACEMENT3D(#3,$,$);
#1727=IFCLOCALPLACEMENT(#41,#1726);
#1728=IFCCARTESIANPOINTLIST2D(((-12.4814781257132,-5.04916280079324),(12.480681051347,-5.04916280079324),(12.4813059679029,6.8266359208951),(-12.4805088935366,3.2716896806914),(-12.4814781257132,-5.04916280079324)));
#1729=IFCINDEXEDPOLYCURVE(#1728,$,.F.);
#1730=IFCARBITRARYCLOSEDPROFILEDEF(.AREA.,'Kavel',#1729);
#1731=IFCCARTESIANPOINT((99.834423072754,89.8946468772185,-1.5));
#1732=IFCDIRECTION((-0.99985283027413,-0.0171556927231784,0.));
#1733=IFCAXIS2PLACEMENT3D(#1731,#9,#1732);
#1734=IFCEXTRUDEDAREASOLID(#1730,#1733,#9,1.5);
#1735=IFCSTYLEDITEM(#1734,(#513),$);
#1736=IFCSHAPEREPRESENTATION(#24,'Body','SweptSolid',(#1734));
#1737=IFCPRODUCTDEFINITIONSHAPE($,$,(#1736));
#1738=IFCSPACE('3_JsmHTTL4QuTjrgzA6dKk',#18,'{$this("Description")}',$,'Kavel',#1727,#1737,$,$,.USERDEFINED.,$);
#1739=IFCPROPERTYSET('1NaCFA6xP8YYWgbbI9vKLS',#18,'Pset_SpaceCommon',$,(#238,#520));
#1740=IFCPROPERTYSET('2d_mb4XYPcdpgj6WRnYMdD',#18,'Pset_SpaceHeaterTypeCommon',$,(#520));
#1741=IFCPROPERTYSINGLEVALUE('Afnemer',$,IFCTEXT('Particulier'),$);
#1742=IFCPROPERTYSINGLEVALUE('Bepalingsmethode',$,IFCTEXT('NVO'),$);
#1743=IFCPROPERTYSINGLEVALUE('EenheidNummer',$,IFCTEXT('05.00.03'),$);
#1744=IFCPROPERTYSINGLEVALUE('TerreinType',$,IFCTEXT('Kadastraal perceel'),$);
#1745=IFCPROPERTYSET('1FI8hF1EVfEYqfvO5VSzib',#18,'MiniGIM_ILS','',(#1741,#1742,#1743,#1744));
#1746=IFCRELDEFINESBYPROPERTIES('0sR1dliL8826hxO8Ghy4Kh',#18,$,$,(#1738),#1739);
#1747=IFCRELDEFINESBYPROPERTIES('1CvZCaWbG9UCu$gNi4Lrmz',#18,$,$,(#1738),#1740);
#1748=IFCRELDEFINESBYPROPERTIES('3eZXM4fQ01W$j0oNdPRA16',#18,$,$,(#1738),#1745);
#1749=IFCQUANTITYAREA('GrossFloorArea','',$,252.0728558047,$);
#1750=IFCQUANTITYAREA('GrossCeilingArea','',$,252.0728558047,$);
#1751=IFCQUANTITYVOLUME('GrossVolume','',$,378.10928370705,$);
#1752=IFCQUANTITYVOLUME('NetVolume','',$,378.10928370705,$);
#1753=IFCELEMENTQUANTITY('3jsHLzevWYwU5PltO$r2Rp',#18,'Qto_SpaceBaseQuantities',$,$,(#1749,#1750,#1751,#1752));
#1754=IFCRELDEFINESBYPROPERTIES('1elO8Euiy$UUH11QEc5U7j',#18,$,$,(#1738),#1753);
#1755=IFCAXIS2PLACEMENT3D(#3,$,$);
#1756=IFCLOCALPLACEMENT(#41,#1755);
#1757=IFCCARTESIANPOINTLIST2D(((-5.49280558104595,-14.9509346466286),(5.49141229501411,-14.9509346466286),(5.49388635670239,15.7332551971872),(-5.4924930706705,14.1686140960701),(-5.49280558104595,-14.9509346466286)));
#1758=IFCINDEXEDPOLYCURVE(#1757,$,.F.);
#1759=IFCARBITRARYCLOSEDPROFILEDEF(.AREA.,'Kavel',#1758);
#1760=IFCCARTESIANPOINT((117.592953614326,102.662554459177,-1.5));
#1761=IFCDIRECTION((-0.999853444705391,-0.017119845523971,0.));
#1762=IFCAXIS2PLACEMENT3D(#1760,#9,#1761);
#1763=IFCEXTRUDEDAREASOLID(#1759,#1762,#9,1.5);
#1764=IFCSTYLEDITEM(#1763,(#513),$);
#1765=IFCSHAPEREPRESENTATION(#24,'Body','SweptSolid',(#1763));
#1766=IFCPRODUCTDEFINITIONSHAPE($,$,(#1765));
#1767=IFCSPACE('3_JsmHTTL4QuTjrgzA6dK7',#18,'{$this("Description")}',$,'Kavel',#1756,#1766,$,$,.USERDEFINED.,$);
#1768=IFCPROPERTYSET('0ylxiynGF1O9FNWO98jAiv',#18,'Pset_SpaceCommon',$,(#238,#520));
#1769=IFCPROPERTYSET('2P0eIXA65TUB7yCPVWb3W0',#18,'Pset_SpaceHeaterTypeCommon',$,(#520));
#1770=IFCPROPERTYSINGLEVALUE('Afnemer',$,IFCTEXT('Particulier'),$);
#1771=IFCPROPERTYSINGLEVALUE('Bepalingsmethode',$,IFCTEXT('NVO'),$);
#1772=IFCPROPERTYSINGLEVALUE('EenheidNummer',$,IFCTEXT('05.00.13'),$);
#1773=IFCPROPERTYSINGLEVALUE('TerreinType',$,IFCTEXT('Kadastraal perceel'),$);
#1774=IFCPROPERTYSET('1284ak5AfNRyIg7mNuzsVs',#18,'MiniGIM_ILS','',(#1770,#1771,#1772,#1773));
#1775=IFCRELDEFINESBYPROPERTIES('3I5sr9p4aefjuFdnSCdClw',#18,$,$,(#1767),#1768);
#1776=IFCRELDEFINESBYPROPERTIES('2aUKEoxUNfrBec3$iD$LDo',#18,$,$,(#1767),#1769);
#1777=IFCRELDEFINESBYPROPERTIES('3rT1JFFZePWbOFC_C5gBlu',#18,$,$,(#1767),#1774);
#1778=IFCQUANTITYAREA('GrossFloorArea','',$,328.479874434725,$);
#1779=IFCQUANTITYAREA('GrossCeilingArea','',$,328.479874434725,$);
#1780=IFCQUANTITYVOLUME('GrossVolume','',$,492.719811652088,$);
#1781=IFCQUANTITYVOLUME('NetVolume','',$,492.719811652088,$);
#1782=IFCELEMENTQUANTITY('1P0MHnB5WiLzL4CbSTmC8A',#18,'Qto_SpaceBaseQuantities',$,$,(#1778,#1779,#1780,#1781));
#1783=IFCRELDEFINESBYPROPERTIES('1USmB47bPRzXwGeXHOGbAS',#18,$,$,(#1767),#1782);
#1784=IFCAXIS2PLACEMENT3D(#3,$,$);
#1785=IFCLOCALPLACEMENT(#41,#1784);
#1786=IFCCARTESIANPOINTLIST2D(((-14.1683257184212,-5.49218418755052),(14.9508329959338,-5.49218418755048),(13.3859363225318,5.49240629825162),(-14.1684436000444,5.49196207684927),(-14.1683257184212,-5.49218418755052)));
#1787=IFCINDEXEDPOLYCURVE(#1786,$,.F.);
#1788=IFCARBITRARYCLOSEDPROFILEDEF(.AREA.,'Kavel',#1787);
#1789=IFCCARTESIANPOINT((128.562784307417,103.633048484125,-1.5));
#1790=IFCDIRECTION((0.0171091151171623,-0.999853628377628,0.));
#1791=IFCAXIS2PLACEMENT3D(#1789,#9,#1790);
#1792=IFCEXTRUDEDAREASOLID(#1788,#1791,#9,1.5);
#1793=IFCSTYLEDITEM(#1792,(#513),$);
#1794=IFCSHAPEREPRESENTATION(#24,'Body','SweptSolid',(#1792));
#1795=IFCPRODUCTDEFINITIONSHAPE($,$,(#1794));
#1796=IFCSPACE('3_JsmHTTL4QuTjrgzA6dRf',#18,'{$this("Description")}',$,'Kavel',#1785,#1795,$,$,.USERDEFINED.,$);
#1797=IFCPROPERTYSET('28VqHs8tkzwI0K_Cp8dFwY',#18,'Pset_SpaceCommon',$,(#238,#520));
#1798=IFCPROPERTYSET('1ZQ9$VmAATyvFg$UtcZaDX',#18,'Pset_SpaceHeaterTypeCommon',$,(#520));
#1799=IFCPROPERTYSINGLEVALUE('Afnemer',$,IFCTEXT('Particulier'),$);
#1800=IFCPROPERTYSINGLEVALUE('Bepalingsmethode',$,IFCTEXT('NVO'),$);
#1801=IFCPROPERTYSINGLEVALUE('EenheidNummer',$,IFCTEXT('05.00.14'),$);
#1802=IFCPROPERTYSINGLEVALUE('TerreinType',$,IFCTEXT('Kadastraal perceel'),$);
#1803=IFCPROPERTYSET('2Dwm1$iP_7giF_ug79Fzzi',#18,'MiniGIM_ILS','',(#1799,#1800,#1801,#1802));
#1804=IFCRELDEFINESBYPROPERTIES('3CSwqPICrZTWrA7NTR7cpk',#18,$,$,(#1796),#1797);
#1805=IFCRELDEFINESBYPROPERTIES('1ziotuIT1mWD6qxJsQS274',#18,$,$,(#1796),#1798);
#1806=IFCRELDEFINESBYPROPERTIES('291dosetUeajHj5on3l$sb',#18,$,$,(#1796),#1803);
#1807=IFCQUANTITYAREA('GrossFloorArea','',$,311.261686557524,$);
#1808=IFCQUANTITYAREA('GrossCeilingArea','',$,311.261686557525,$);
#1809=IFCQUANTITYVOLUME('GrossVolume','',$,466.892529836286,$);
#1810=IFCQUANTITYVOLUME('NetVolume','',$,466.892529836286,$);
#1811=IFCELEMENTQUANTITY('3R_q7WiP_RWo_t82zICcDF',#18,'Qto_SpaceBaseQuantities',$,$,(#1807,#1808,#1809,#1810));
#1812=IFCRELDEFINESBYPROPERTIES('13upI_tFcwZ1Gh$v8JfPSn',#18,$,$,(#1796),#1811);
#1813=IFCAXIS2PLACEMENT3D(#3,$,$);
#1814=IFCLOCALPLACEMENT(#41,#1813);
#1815=IFCCARTESIANPOINTLIST2D(((-10.405868319482,-14.408588799281),(10.4057037934865,-14.408588799281),(10.4061615114776,14.4091196854964),(-10.405996985482,14.4080579130655),(-10.405868319482,-14.408588799281)));
#1816=IFCINDEXEDPOLYCURVE(#1815,$,.F.);
#1817=IFCARBITRARYCLOSEDPROFILEDEF(.AREA.,'Kavel',#1816);
#1818=IFCCARTESIANPOINT((148.396208199703,107.735995253292,-1.5));
#1819=IFCDIRECTION((0.0171252343809922,-0.999853352420942,0.));
#1820=IFCAXIS2PLACEMENT3D(#1818,#9,#1819);
#1821=IFCEXTRUDEDAREASOLID(#1817,#1820,#9,1.5);
#1822=IFCSTYLEDITEM(#1821,(#513),$);
#1823=IFCSHAPEREPRESENTATION(#24,'Body','SweptSolid',(#1821));
#1824=IFCPRODUCTDEFINITIONSHAPE($,$,(#1823));
#1825=IFCSPACE('3_JsmHTTL4QuTjrgzA6dR6',#18,'{$this("Description")}',$,'Kavel',#1814,#1824,$,$,.USERDEFINED.,$);
#1826=IFCPROPERTYSET('2JCAX843yCaGCPbgyuHXg$',#18,'Pset_SpaceCommon',$,(#238,#520));
#1827=IFCPROPERTYSET('25idFexU9O5FXG6Wv8zsDu',#18,'Pset_SpaceHeaterTypeCommon',$,(#520));
#1828=IFCPROPERTYSINGLEVALUE('Afnemer',$,IFCTEXT('Particulier'),$);
#1829=IFCPROPERTYSINGLEVALUE('Bepalingsmethode',$,IFCTEXT('NVO'),$);
#1830=IFCPROPERTYSINGLEVALUE('EenheidNummer',$,IFCTEXT('05.00.15'),$);
#1831=IFCPROPERTYSINGLEVALUE('TerreinType',$,IFCTEXT('Kadastraal perceel'),$);
#1832=IFCPROPERTYSET('3046ocfFoqapv61siYiIRr',#18,'MiniGIM_ILS','',(#1828,#1829,#1830,#1831));
#1833=IFCRELDEFINESBYPROPERTIES('0$SL2iZoR6lFsBvaiIzdGp',#18,$,$,(#1825),#1826);
#1834=IFCRELDEFINESBYPROPERTIES('1SUaMoNXsEWSMvX9Oa95q9',#18,$,$,(#1825),#1827);
#1835=IFCRELDEFINESBYPROPERTIES('2qy7KMxlC1Y56R1BLlK_Vm',#18,$,$,(#1825),#1832);
#1836=IFCQUANTITYAREA('GrossFloorArea','',$,599.739218563153,$);
#1837=IFCQUANTITYAREA('GrossCeilingArea','',$,599.739218563153,$);
#1838=IFCQUANTITYVOLUME('GrossVolume','',$,899.608827844729,$);
#1839=IFCQUANTITYVOLUME('NetVolume','',$,899.608827844729,$);
#1840=IFCELEMENTQUANTITY('2UZW$t8EJ6v9imWAs0l_1g',#18,'Qto_SpaceBaseQuantities',$,$,(#1836,#1837,#1838,#1839));
#1841=IFCRELDEFINESBYPROPERTIES('3kSor5xTVZXq21Ki_ZwxCm',#18,$,$,(#1825),#1840);
#1842=IFCAXIS2PLACEMENT3D(#3,$,$);
#1843=IFCLOCALPLACEMENT(#41,#1842);
#1844=IFCCARTESIANPOINTLIST2D(((-11.2250273703685,-2.63377839961779),(11.9751327225123,-2.63377839961779),(10.9937669302442,4.25368397422419),(-11.743872282388,1.01387282501141),(-11.2250273703685,-2.63377839961779)));
#1845=IFCINDEXEDPOLYCURVE(#1844,$,.F.);
#1846=IFCARBITRARYCLOSEDPROFILEDEF(.AREA.,'Kavel',#1845);
#1847=IFCCARTESIANPOINT((90.323327393137,70.1634738669076,-1.5));
#1848=IFCDIRECTION((0.0171030794309686,-0.999853731639772,0.));
#1849=IFCAXIS2PLACEMENT3D(#1847,#9,#1848);
#1850=IFCEXTRUDEDAREASOLID(#1846,#1849,#9,1.5);
#1851=IFCSTYLEDITEM(#1850,(#513),$);
#1852=IFCSHAPEREPRESENTATION(#24,'Body','SweptSolid',(#1850));
#1853=IFCPRODUCTDEFINITIONSHAPE($,$,(#1852));
#1854=IFCSPACE('3_JsmHTTL4QuTjrgzA6dQ$',#18,'{$this("Description")}',$,'Kavel',#1843,#1853,$,$,.USERDEFINED.,$);
#1855=IFCPROPERTYSET('2iq27ru9Z5dmmKEPc3h7zb',#18,'Pset_SpaceCommon',$,(#238,#520));
#1856=IFCPROPERTYSET('1ki2Hs1M8weAaYOBMSFpas',#18,'Pset_SpaceHeaterTypeCommon',$,(#520));
#1857=IFCPROPERTYSINGLEVALUE('Afnemer',$,IFCTEXT('Corporatie'),$);
#1858=IFCPROPERTYSINGLEVALUE('Bepalingsmethode',$,IFCTEXT('NVO'),$);
#1859=IFCPROPERTYSINGLEVALUE('EenheidNummer',$,IFCTEXT('05.00.04'),$);
#1860=IFCPROPERTYSINGLEVALUE('TerreinType',$,IFCTEXT('Kadastraal perceel'),$);
#1861=IFCPROPERTYSET('3MRJQoVP4drKEVk505Q5cU',#18,'MiniGIM_ILS','',(#1857,#1858,#1859,#1860));
#1862=IFCRELDEFINESBYPROPERTIES('3aGTh448gJRRAiofLt_jOv',#18,$,$,(#1854),#1855);
#1863=IFCRELDEFINESBYPROPERTIES('2pJ68Wj6$M53NbKGjir6f4',#18,$,$,(#1854),#1856);
#1864=IFCRELDEFINESBYPROPERTIES('075$aW$GpLcXQ71CGHgpUB',#18,$,$,(#1854),#1861);
#1865=IFCQUANTITYAREA('GrossFloorArea','',$,122.205083378317,$);
#1866=IFCQUANTITYAREA('GrossCeilingArea','',$,122.205083378317,$);
#1867=IFCQUANTITYVOLUME('GrossVolume','',$,183.307625067476,$);
#1868=IFCQUANTITYVOLUME('NetVolume','',$,183.307625067476,$);
#1869=IFCELEMENTQUANTITY('2DbQfcI6aRDq01Q5IMg9_N',#18,'Qto_SpaceBaseQuantities',$,$,(#1865,#1866,#1867,#1868));
#1870=IFCRELDEFINESBYPROPERTIES('1RCcsFV2MM01SOmFBfU_Y8',#18,$,$,(#1854),#1869);
#1871=IFCAXIS2PLACEMENT3D(#3,$,$);
#1872=IFCLOCALPLACEMENT(#41,#1871);
#1873=IFCCARTESIANPOINTLIST2D(((-2.54697305455482,-11.4836913254104),(2.54621452749612,-11.4836913254104),(2.54699076726917,11.4836030873811),(-2.54623224021047,11.4837795634396),(-2.54697305455482,-11.4836913254104)));
#1874=IFCINDEXEDPOLYCURVE(#1873,$,.F.);
#1875=IFCARBITRARYCLOSEDPROFILEDEF(.AREA.,'Kavel',#1874);
#1876=IFCCARTESIANPOINT((95.4649252785065,70.9858542332492,-1.5));
#1877=IFCDIRECTION((-0.987438032938393,-0.158006743864803,0.));
#1878=IFCAXIS2PLACEMENT3D(#1876,#9,#1877);
#1879=IFCEXTRUDEDAREASOLID(#1875,#1878,#9,1.5);
#1880=IFCSTYLEDITEM(#1879,(#513),$);
#1881=IFCSHAPEREPRESENTATION(#24,'Body','SweptSolid',(#1879));
#1882=IFCPRODUCTDEFINITIONSHAPE($,$,(#1881));
#1883=IFCSPACE('3_JsmHTTL4QuTjrgzA6dQK',#18,'{$this("Description")}',$,'Kavel',#1872,#1882,$,$,.USERDEFINED.,$);
#1884=IFCPROPERTYSET('0NP1KxhiyKRbGa0YGqBTVT',#18,'Pset_SpaceCommon',$,(#238,#520));
#1885=IFCPROPERTYSET('3Z9pzB_Qfa43z3TlsoNBYg',#18,'Pset_SpaceHeaterTypeCommon',$,(#520));
#1886=IFCPROPERTYSINGLEVALUE('Afnemer',$,IFCTEXT('Corporatie'),$);
#1887=IFCPROPERTYSINGLEVALUE('Bepalingsmethode',$,IFCTEXT('NVO'),$);
#1888=IFCPROPERTYSINGLEVALUE('EenheidNummer',$,IFCTEXT('05.00.05'),$);
#1889=IFCPROPERTYSINGLEVALUE('TerreinType',$,IFCTEXT('Kadastraal perceel'),$);
#1890=IFCPROPERTYSET('0yYxsv3XlXnJkiYcZnCLnR',#18,'MiniGIM_ILS','',(#1886,#1887,#1888,#1889));
#1891=IFCRELDEFINESBYPROPERTIES('0PQvo$j4J80FmhkDBjDkcl',#18,$,$,(#1883),#1884);
#1892=IFCRELDEFINESBYPROPERTIES('1aIwSe_dwmNM_0bDkHF4el',#18,$,$,(#1883),#1885);
#1893=IFCRELDEFINESBYPROPERTIES('18qc6wgTuirns_oNFNB0Nx',#18,$,$,(#1883),#1890);
#1894=IFCQUANTITYAREA('GrossFloorArea','',$,116.977594990992,$);
#1895=IFCQUANTITYAREA('GrossCeilingArea','',$,116.977594990992,$);
#1896=IFCQUANTITYVOLUME('GrossVolume','',$,175.466392486488,$);
#1897=IFCQUANTITYVOLUME('NetVolume','',$,175.466392486488,$);
#1898=IFCELEMENTQUANTITY('1CeueyGVsotTURBp_CKFX5',#18,'Qto_SpaceBaseQuantities',$,$,(#1894,#1895,#1896,#1897));
#1899=IFCRELDEFINESBYPROPERTIES('3wqSd5bUmKozXvOsGS2_8Y',#18,$,$,(#1883),#1898);
#1900=IFCAXIS2PLACEMENT3D(#3,$,$);
#1901=IFCLOCALPLACEMENT(#41,#1900);
#1902=IFCCARTESIANPOINTLIST2D(((-2.54642298483746,-11.4837263674844),(2.54662413565537,-11.4837263674844),(2.54640531368802,11.4837445322707),(-2.54660646450597,11.4837082026981),(-2.54642298483746,-11.4837263674844)));
#1903=IFCINDEXEDPOLYCURVE(#1902,$,.F.);
#1904=IFCARBITRARYCLOSEDPROFILEDEF(.AREA.,'Kavel',#1903);
#1905=IFCCARTESIANPOINT((100.494085423937,71.7904614656071,-1.5));
#1906=IFCDIRECTION((-0.987444633979205,-0.157965486185032,0.));
#1907=IFCAXIS2PLACEMENT3D(#1905,#9,#1906);
#1908=IFCEXTRUDEDAREASOLID(#1904,#1907,#9,1.5);
#1909=IFCSTYLEDITEM(#1908,(#513),$);
#1910=IFCSHAPEREPRESENTATION(#24,'Body','SweptSolid',(#1908));
#1911=IFCPRODUCTDEFINITIONSHAPE($,$,(#1910));
#1912=IFCSPACE('3_JsmHTTL4QuTjrgzA6dQD',#18,'{$this("Description")}',$,'Kavel',#1901,#1911,$,$,.USERDEFINED.,$);
#1913=IFCPROPERTYSET('0rajCRjtUx4avxxCVXg3G$',#18,'Pset_SpaceCommon',$,(#238,#520));
#1914=IFCPROPERTYSET('3TSkHark55Fo5zW2ORuMVo',#18,'Pset_SpaceHeaterTypeCommon',$,(#520));
#1915=IFCPROPERTYSINGLEVALUE('Afnemer',$,IFCTEXT('Corporatie'),$);
#1916=IFCPROPERTYSINGLEVALUE('Bepalingsmethode',$,IFCTEXT('NVO'),$);
#1917=IFCPROPERTYSINGLEVALUE('EenheidNummer',$,IFCTEXT('05.00.06'),$);
#1918=IFCPROPERTYSINGLEVALUE('TerreinType',$,IFCTEXT('Kadastraal perceel'),$);
#1919=IFCPROPERTYSET('3al8cB1yZUFZhLG6EAvmMW',#18,'MiniGIM_ILS','',(#1915,#1916,#1917,#1918));
#1920=IFCRELDEFINESBYPROPERTIES('0K0gDePJAJm5q6d4R5EYzt',#18,$,$,(#1912),#1913);
#1921=IFCRELDEFINESBYPROPERTIES('29PTtCD5SwqpYEB2AAO9nZ',#18,$,$,(#1912),#1914);
#1922=IFCRELDEFINESBYPROPERTIES('3WnNqJjz4nzgafDA2iwUB7',#18,$,$,(#1912),#1919);
#1923=IFCQUANTITYAREA('GrossFloorArea','',$,116.973913159253,$);
#1924=IFCQUANTITYAREA('GrossCeilingArea','',$,116.973913159253,$);
#1925=IFCQUANTITYVOLUME('GrossVolume','',$,175.460869738879,$);
#1926=IFCQUANTITYVOLUME('NetVolume','',$,175.460869738879,$);
#1927=IFCELEMENTQUANTITY('3z89nEhsT837F0r$HzIIOg',#18,'Qto_SpaceBaseQuantities',$,$,(#1923,#1924,#1925,#1926));
#1928=IFCRELDEFINESBYPROPERTIES('26GjbmZ67lnZDWCANznLNn',#18,$,$,(#1912),#1927);
#1929=IFCAXIS2PLACEMENT3D(#3,$,$);
#1930=IFCLOCALPLACEMENT(#41,#1929);
#1931=IFCCARTESIANPOINTLIST2D(((-2.5463588261736,-11.4837488948491),(2.54577904999436,-11.4837488948491),(2.54632974857298,11.4836856694642),(-2.54574997239374,11.4838121202341),(-2.5463588261736,-11.4837488948491)));
#1932=IFCINDEXEDPOLYCURVE(#1931,$,.F.);
#1933=IFCARBITRARYCLOSEDPROFILEDEF(.AREA.,'Kavel',#1932);
#1934=IFCCARTESIANPOINT((105.522706180892,72.5949697411987,-1.5));
#1935=IFCDIRECTION((-0.98743958394149,-0.15799705081253,0.));
#1936=IFCAXIS2PLACEMENT3D(#1934,#9,#1935);
#1937=IFCEXTRUDEDAREASOLID(#1933,#1936,#9,1.5);
#1938=IFCSTYLEDITEM(#1937,(#513),$);
#1939=IFCSHAPEREPRESENTATION(#24,'Body','SweptSolid',(#1937));
#1940=IFCPRODUCTDEFINITIONSHAPE($,$,(#1939));
#1941=IFCSPACE('3_JsmHTTL4QuTjrgzA6dPg',#18,'{$this("Description")}',$,'Kavel',#1930,#1940,$,$,.USERDEFINED.,$);
#1942=IFCPROPERTYSET('1lU2xyPOZ0jQiXqVwatq4V',#18,'Pset_SpaceCommon',$,(#238,#520));
#1943=IFCPROPERTYSET('14it26NcKCkAFoVnvv5M9Z',#18,'Pset_SpaceHeaterTypeCommon',$,(#520));
#1944=IFCPROPERTYSINGLEVALUE('Afnemer',$,IFCTEXT('Corporatie'),$);
#1945=IFCPROPERTYSINGLEVALUE('Bepalingsmethode',$,IFCTEXT('NVO'),$);
#1946=IFCPROPERTYSINGLEVALUE('EenheidNummer',$,IFCTEXT('05.00.07'),$);
#1947=IFCPROPERTYSINGLEVALUE('TerreinType',$,IFCTEXT('Kadastraal perceel'),$);
#1948=IFCPROPERTYSET('3wfXr9QmAan6nWq76vvhZr',#18,'MiniGIM_ILS','',(#1944,#1945,#1946,#1947));
#1949=IFCRELDEFINESBYPROPERTIES('3nD2WN4yEJNdg6D3nZO4wt',#18,$,$,(#1941),#1942);
#1950=IFCRELDEFINESBYPROPERTIES('3mU3MoGr8F6k_AzrIj35Pb',#18,$,$,(#1941),#1943);
#1951=IFCRELDEFINESBYPROPERTIES('2q3n$hjUWwe8chALQ5zoEs',#18,$,$,(#1941),#1948);
#1952=IFCQUANTITYAREA('GrossFloorArea','',$,116.952997612655,$);
#1953=IFCQUANTITYAREA('GrossCeilingArea','',$,116.952997612655,$);
#1954=IFCQUANTITYVOLUME('GrossVolume','',$,175.429496418982,$);
#1955=IFCQUANTITYVOLUME('NetVolume','',$,175.429496418982,$);
#1956=IFCELEMENTQUANTITY('0YroafWZ7kTImRqK4UUGpc',#18,'Qto_SpaceBaseQuantities',$,$,(#1952,#1953,#1954,#1955));
#1957=IFCRELDEFINESBYPROPERTIES('3s79LjMSQuf$dhX3p1FagV',#18,$,$,(#1941),#1956);
#1958=IFCAXIS2PLACEMENT3D(#3,$,$);
#1959=IFCLOCALPLACEMENT(#41,#1958);
#1960=IFCCARTESIANPOINTLIST2D(((-2.54596831530322,-11.4838295432812),(2.54718284107271,-11.4838295432812),(2.54601505576128,11.4839632942551),(-2.54722958153077,11.4836957923073),(-2.54596831530322,-11.4838295432812)));
#1961=IFCINDEXEDPOLYCURVE(#1960,$,.F.);
#1962=IFCARBITRARYCLOSEDPROFILEDEF(.AREA.,'Kavel',#1961);
#1963=IFCCARTESIANPOINT((110.551400921249,73.3995487221793,-1.5));
#1964=IFCDIRECTION((-0.987451802653896,-0.157920668170991,0.));
#1965=IFCAXIS2PLACEMENT3D(#1963,#9,#1964);
#1966=IFCEXTRUDEDAREASOLID(#1962,#1965,#9,1.5);
#1967=IFCSTYLEDITEM(#1966,(#513),$);
#1968=IFCSHAPEREPRESENTATION(#24,'Body','SweptSolid',(#1966));
#1969=IFCPRODUCTDEFINITIONSHAPE($,$,(#1968));
#1970=IFCSPACE('3_JsmHTTL4QuTjrgzA6dP3',#18,'{$this("Description")}',$,'Kavel',#1959,#1969,$,$,.USERDEFINED.,$);
#1971=IFCPROPERTYSET('3Jl_Y_UUDWMs9Wd_7JDAcE',#18,'Pset_SpaceCommon',$,(#238,#520));
#1972=IFCPROPERTYSET('1n3aVIv_Puc9U8MyXoWLj9',#18,'Pset_SpaceHeaterTypeCommon',$,(#520));
#1973=IFCPROPERTYSINGLEVALUE('Afnemer',$,IFCTEXT('Corporatie'),$);
#1974=IFCPROPERTYSINGLEVALUE('Bepalingsmethode',$,IFCTEXT('NVO'),$);
#1975=IFCPROPERTYSINGLEVALUE('EenheidNummer',$,IFCTEXT('05.00.08'),$);
#1976=IFCPROPERTYSINGLEVALUE('TerreinType',$,IFCTEXT('Kadastraal perceel'),$);
#1977=IFCPROPERTYSET('1v8lXlR7VOql5QpS1J8siE',#18,'MiniGIM_ILS','',(#1973,#1974,#1975,#1976));
#1978=IFCRELDEFINESBYPROPERTIES('0SYE6RgvcBbZ8p2DKTIC2y',#18,$,$,(#1970),#1971);
#1979=IFCRELDEFINESBYPROPERTIES('3UKsiDUXUCxQ9e9cdiNjx4',#18,$,$,(#1970),#1972);
#1980=IFCRELDEFINESBYPROPERTIES('0DQ_IwvRGBUOjdpZp3JmAk',#18,$,$,(#1970),#1977);
#1981=IFCQUANTITYAREA('GrossFloorArea','',$,116.978833117324,$);
#1982=IFCQUANTITYAREA('GrossCeilingArea','',$,116.978833117324,$);
#1983=IFCQUANTITYVOLUME('GrossVolume','',$,175.468249675986,$);
#1984=IFCQUANTITYVOLUME('NetVolume','',$,175.468249675986,$);
#1985=IFCELEMENTQUANTITY('2ToTvmpLFrQqW2xVTf8lUJ',#18,'Qto_SpaceBaseQuantities',$,$,(#1981,#1982,#1983,#1984));
#1986=IFCRELDEFINESBYPROPERTIES('0kIBsx98KGa8UPVwuZtrjd',#18,$,$,(#1970),#1985);
#1987=IFCAXIS2PLACEMENT3D(#3,$,$);
#1988=IFCLOCALPLACEMENT(#41,#1987);
#1989=IFCCARTESIANPOINTLIST2D(((-2.54648572612595,-11.4837564734925),(2.54659787094079,-11.4837564734925),(2.54643083713114,11.48376889612),(-2.546542981946,11.483744050865),(-2.54648572612595,-11.4837564734925)));
#1990=IFCINDEXEDPOLYCURVE(#1989,$,.F.);
#1991=IFCARBITRARYCLOSEDPROFILEDEF(.AREA.,'Kavel',#1990);
#1992=IFCCARTESIANPOINT((115.580574128477,74.204048547326,-1.5));
#1993=IFCDIRECTION((-0.98744427778342,-0.157967712754158,0.));
#1994=IFCAXIS2PLACEMENT3D(#1992,#9,#1993);
#1995=IFCEXTRUDEDAREASOLID(#1991,#1994,#9,1.5);
#1996=IFCSTYLEDITEM(#1995,(#513),$);
#1997=IFCSHAPEREPRESENTATION(#24,'Body','SweptSolid',(#1995));
#1998=IFCPRODUCTDEFINITIONSHAPE($,$,(#1997));
#1999=IFCSPACE('3_JsmHTTL4QuTjrgzA6dOu',#18,'{$this("Description")}',$,'Kavel',#1988,#1998,$,$,.USERDEFINED.,$);
#2000=IFCPROPERTYSET('2O_l5V72QogS_kI67GanWu',#18,'Pset_SpaceCommon',$,(#238,#520));
#2001=IFCPROPERTYSET('0BfEv4zyJ1aXJb23RaUYIa',#18,'Pset_SpaceHeaterTypeCommon',$,(#520));
#2002=IFCPROPERTYSINGLEVALUE('Afnemer',$,IFCTEXT('Corporatie'),$);
#2003=IFCPROPERTYSINGLEVALUE('Bepalingsmethode',$,IFCTEXT('NVO'),$);
#2004=IFCPROPERTYSINGLEVALUE('EenheidNummer',$,IFCTEXT('05.00.09'),$);
#2005=IFCPROPERTYSINGLEVALUE('TerreinType',$,IFCTEXT('Kadastraal perceel'),$);
#2006=IFCPROPERTYSET('2QWCV$zy$RIOAWX3ztJ8Vl',#18,'MiniGIM_ILS','',(#2002,#2003,#2004,#2005));
#2007=IFCRELDEFINESBYPROPERTIES('1iX0XfioHTrJ$rjfP63W_g',#18,$,$,(#1999),#2000);
#2008=IFCRELDEFINESBYPROPERTIES('3K6eUmodQ2I7WmvxqWhU4t',#18,$,$,(#1999),#2001);
#2009=IFCRELDEFINESBYPROPERTIES('3sAZaWPw7ju8n_AL6MoVDf',#18,$,$,(#1999),#2006);
#2010=IFCQUANTITYAREA('GrossFloorArea','',$,116.974202793402,$);
#2011=IFCQUANTITYAREA('GrossCeilingArea','',$,116.974202793402,$);
#2012=IFCQUANTITYVOLUME('GrossVolume','',$,175.461304190103,$);
#2013=IFCQUANTITYVOLUME('NetVolume','',$,175.461304190103,$);
#2014=IFCELEMENTQUANTITY('27Gh3qdQ0fNlV3HmIr54RN',#18,'Qto_SpaceBaseQuantities',$,$,(#2010,#2011,#2012,#2013));
#2015=IFCRELDEFINESBYPROPERTIES('3R4esHCzpA1pOGA6OQvWxk',#18,$,$,(#1999),#2014);
#2016=IFCAXIS2PLACEMENT3D(#3,$,$);
#2017=IFCLOCALPLACEMENT(#41,#2016);
#2018=IFCCARTESIANPOINTLIST2D(((-2.54640861478226,-11.4837832197835),(2.545695485948,-11.4837832197835),(2.54634498029535,11.483717295462),(-2.54563185146107,11.483849144105),(-2.54640861478226,-11.4837832197835)));
#2019=IFCINDEXEDPOLYCURVE(#2018,$,.F.);
#2020=IFCARBITRARYCLOSEDPROFILEDEF(.AREA.,'Kavel',#2019);
#2021=IFCCARTESIANPOINT((120.609160115503,75.0085555349917,-1.5));
#2022=IFCDIRECTION((-0.987439416373065,-0.157998098067097,0.));
#2023=IFCAXIS2PLACEMENT3D(#2021,#9,#2022);
#2024=IFCEXTRUDEDAREASOLID(#2020,#2023,#9,1.5);
#2025=IFCSTYLEDITEM(#2024,(#513),$);
#2026=IFCSHAPEREPRESENTATION(#24,'Body','SweptSolid',(#2024));
#2027=IFCPRODUCTDEFINITIONSHAPE($,$,(#2026));
#2028=IFCSPACE('3_JsmHTTL4QuTjrgzA6dOH',#18,'{$this("Description")}',$,'Kavel',#2017,#2027,$,$,.USERDEFINED.,$);
#2029=IFCPROPERTYSET('3V_1cm7Qe50FuQZCgxkfdR',#18,'Pset_SpaceCommon',$,(#238,#520));
#2030=IFCPROPERTYSET('0uYqNIevIBowlCWWauVFdT',#18,'Pset_SpaceHeaterTypeCommon',$,(#520));
#2031=IFCPROPERTYSINGLEVALUE('Afnemer',$,IFCTEXT('Corporatie'),$);
#2032=IFCPROPERTYSINGLEVALUE('Bepalingsmethode',$,IFCTEXT('NVO'),$);
#2033=IFCPROPERTYSINGLEVALUE('EenheidNummer',$,IFCTEXT('05.00.10'),$);
#2034=IFCPROPERTYSINGLEVALUE('TerreinType',$,IFCTEXT('Kadastraal perceel'),$);
#2035=IFCPROPERTYSET('3OXQHmU1EELLu8mFiWgi$q',#18,'MiniGIM_ILS','',(#2031,#2032,#2033,#2034));
#2036=IFCRELDEFINESBYPROPERTIES('1CdmC5Rg2lajKENJVAE2u9',#18,$,$,(#2028),#2029);
#2037=IFCRELDEFINESBYPROPERTIES('0BtrJH2kUvTQJFLTzddkZL',#18,$,$,(#2028),#2030);
#2038=IFCRELDEFINESBYPROPERTIES('2O3$cUmimlSF91OkZfqbIP',#18,$,$,(#2028),#2035);
#2039=IFCQUANTITYAREA('GrossFloorArea','',$,116.95177776842,$);
#2040=IFCQUANTITYAREA('GrossCeilingArea','',$,116.95177776842,$);
#2041=IFCQUANTITYVOLUME('GrossVolume','',$,175.42766665263,$);
#2042=IFCQUANTITYVOLUME('NetVolume','',$,175.42766665263,$);
#2043=IFCELEMENTQUANTITY('0m4LYZmzvo3P8EWbCdT9Lf',#18,'Qto_SpaceBaseQuantities',$,$,(#2039,#2040,#2041,#2042));
#2044=IFCRELDEFINESBYPROPERTIES('0clqQWKcYu8zm0xGf6d0yZ',#18,$,$,(#2028),#2043);
#2045=IFCAXIS2PLACEMENT3D(#3,$,$);
#2046=IFCLOCALPLACEMENT(#41,#2045);
#2047=IFCCARTESIANPOINTLIST2D(((-2.54703996849726,-11.4838614889277),(2.54614643664646,-11.4838614889277),(2.54714577741436,11.4837708663546),(-2.54625224556356,11.4839521115008),(-2.54703996849726,-11.4838614889277)));
#2048=IFCINDEXEDPOLYCURVE(#2047,$,.F.);
#2049=IFCARBITRARYCLOSEDPROFILEDEF(.AREA.,'Kavel',#2048);
#2050=IFCCARTESIANPOINT((125.637868062288,75.8131342099416,-1.5));
#2051=IFCDIRECTION((-0.987437885180052,-0.158007667254301,0.));
#2052=IFCAXIS2PLACEMENT3D(#2050,#9,#2051);
#2053=IFCEXTRUDEDAREASOLID(#2049,#2052,#9,1.5);
#2054=IFCSTYLEDITEM(#2053,(#513),$);
#2055=IFCSHAPEREPRESENTATION(#24,'Body','SweptSolid',(#2053));
#2056=IFCPRODUCTDEFINITIONSHAPE($,$,(#2055));
#2057=IFCSPACE('3_JsmHTTL4QuTjrgzA6dOE',#18,'{$this("Description")}',$,'Kavel',#2046,#2056,$,$,.USERDEFINED.,$);
#2058=IFCPROPERTYSET('0Vwjcqj3_hrWLFot7UlXAS',#18,'Pset_SpaceCommon',$,(#238,#520));
#2059=IFCPROPERTYSET('2nhUgM3HiTlQ$lNAAOLuTt',#18,'Pset_SpaceHeaterTypeCommon',$,(#520));
#2060=IFCPROPERTYSINGLEVALUE('Afnemer',$,IFCTEXT('Corporatie'),$);
#2061=IFCPROPERTYSINGLEVALUE('Bepalingsmethode',$,IFCTEXT('NVO'),$);
#2062=IFCPROPERTYSINGLEVALUE('EenheidNummer',$,IFCTEXT('05.00.11'),$);
#2063=IFCPROPERTYSINGLEVALUE('TerreinType',$,IFCTEXT('Kadastraal perceel'),$);
#2064=IFCPROPERTYSET('34iAuhNhXNrgQNhXmBqmzs',#18,'MiniGIM_ILS','',(#2060,#2061,#2062,#2063));
#2065=IFCRELDEFINESBYPROPERTIES('0iigdsPBzHIw8I3cyMqQSM',#18,$,$,(#2057),#2058);
#2066=IFCRELDEFINESBYPROPERTIES('0mgyhEvobWZah5_cORKPK8',#18,$,$,(#2057),#2059);
#2067=IFCRELDEFINESBYPROPERTIES('0DYAr0kl18rZeYVN_oiy9R',#18,$,$,(#2057),#2064);
#2068=IFCQUANTITYAREA('GrossFloorArea','',$,116.981324698791,$);
#2069=IFCQUANTITYAREA('GrossCeilingArea','',$,116.981324698791,$);
#2070=IFCQUANTITYVOLUME('GrossVolume','',$,175.471987048187,$);
#2071=IFCQUANTITYVOLUME('NetVolume','',$,175.471987048187,$);
#2072=IFCELEMENTQUANTITY('2SRDsEgoOVpUwt43vF_yYX',#18,'Qto_SpaceBaseQuantities',$,$,(#2068,#2069,#2070,#2071));
#2073=IFCRELDEFINESBYPROPERTIES('2Td$w9bdzcV4q_H8uosmuB',#18,$,$,(#2057),#2072);
#2074=IFCAXIS2PLACEMENT3D(#3,$,$);
#2075=IFCLOCALPLACEMENT(#41,#2074);
#2076=IFCCARTESIANPOINTLIST2D(((-12.2328897429607,-3.41934541210083),(12.2328128628865,-3.41934541210083),(12.232819804755,1.97235695513659),(-12.2327429246809,4.8663338690651),(-12.2328897429607,-3.41934541210083)));
#2077=IFCINDEXEDPOLYCURVE(#2076,$,.F.);
#2078=IFCARBITRARYCLOSEDPROFILEDEF(.AREA.,'Kavel',#2077);
#2079=IFCCARTESIANPOINT((131.410632262084,77.495148340925,-1.5));
#2080=IFCDIRECTION((0.157973801183492,-0.987443303759582,0.));
#2081=IFCAXIS2PLACEMENT3D(#2079,#9,#2080);
#2082=IFCEXTRUDEDAREASOLID(#2078,#2081,#9,1.5);
#2083=IFCSTYLEDITEM(#2082,(#513),$);
#2084=IFCSHAPEREPRESENTATION(#24,'Body','SweptSolid',(#2082));
#2085=IFCPRODUCTDEFINITIONSHAPE($,$,(#2084));
#2086=IFCSPACE('3_JsmHTTL4QuTjrgzA6dVd',#18,'{$this("Description")}',$,'Kavel',#2075,#2085,$,$,.USERDEFINED.,$);
#2087=IFCPROPERTYSET('3$15tdoiTIL5TCUvjYMDF0',#18,'Pset_SpaceCommon',$,(#238,#520));
#2088=IFCPROPERTYSET('1sjo_b6QC2SuLk7CJ4rIGk',#18,'Pset_SpaceHeaterTypeCommon',$,(#520));
#2089=IFCPROPERTYSINGLEVALUE('Afnemer',$,IFCTEXT('Corporatie'),$);
#2090=IFCPROPERTYSINGLEVALUE('Bepalingsmethode',$,IFCTEXT('NVO'),$);
#2091=IFCPROPERTYSINGLEVALUE('EenheidNummer',$,IFCTEXT('05.00.12'),$);
#2092=IFCPROPERTYSINGLEVALUE('TerreinType',$,IFCTEXT('Kadastraal perceel'),$);
#2093=IFCPROPERTYSET('0EN5qA_bAO8$KQe7FypoQS',#18,'MiniGIM_ILS','',(#2089,#2090,#2091,#2092));
#2094=IFCRELDEFINESBYPROPERTIES('2DBQSjJCMX0rysWe58mvxB',#18,$,$,(#2086),#2087);
#2095=IFCRELDEFINESBYPROPERTIES('2oYodRI7opLdbYBCsOdEdk',#18,$,$,(#2086),#2088);
#2096=IFCRELDEFINESBYPROPERTIES('2YKp77az14_$XjAkhU8WSu',#18,$,$,(#2086),#2093);
#2097=IFCQUANTITYAREA('GrossFloorArea','',$,167.313008877069,$);
#2098=IFCQUANTITYAREA('GrossCeilingArea','',$,167.313008877069,$);
#2099=IFCQUANTITYVOLUME('GrossVolume','',$,250.969513315603,$);
#2100=IFCQUANTITYVOLUME('NetVolume','',$,250.969513315603,$);
#2101=IFCELEMENTQUANTITY('2Yh$$4bum4OHtt3Q_m2h4_',#18,'Qto_SpaceBaseQuantities',$,$,(#2097,#2098,#2099,#2100));
#2102=IFCRELDEFINESBYPROPERTIES('273Zrjcddc4SemtegzPhbS',#18,$,$,(#2086),#2101);
#2103=IFCAXIS2PLACEMENT3D(#3,$,$);
#2104=IFCLOCALPLACEMENT(#41,#2103);
#2105=IFCCARTESIANPOINTLIST2D(((-13.4808896335241,-9.98610398843127),(13.4808037259664,-9.98610398843127),(13.480907192874,9.98662997837769),(-13.4808212853163,9.98557799848486),(-13.4808896335241,-9.98610398843127)));
#2106=IFCINDEXEDPOLYCURVE(#2105,$,.F.);
#2107=IFCARBITRARYCLOSEDPROFILEDEF(.AREA.,'Kavel',#2106);
#2108=IFCCARTESIANPOINT((153.539592227851,65.6963536533963,-1.5));
#2109=IFCDIRECTION((0.0171213040988511,-0.99985341973009,0.));
#2110=IFCAXIS2PLACEMENT3D(#2108,#9,#2109);
#2111=IFCEXTRUDEDAREASOLID(#2107,#2110,#9,1.5);
#2112=IFCSTYLEDITEM(#2111,(#513),$);
#2113=IFCSHAPEREPRESENTATION(#24,'Body','SweptSolid',(#2111));
#2114=IFCPRODUCTDEFINITIONSHAPE($,$,(#2113));
#2115=IFCSPACE('3_JsmHTTL4QuTjrgzA6dVS',#18,'{$this("Description")}',$,'Kavel',#2104,#2114,$,$,.USERDEFINED.,$);
#2116=IFCPROPERTYSET('1nW0q5ZaSxFM7_Fdfy9c4b',#18,'Pset_SpaceCommon',$,(#238,#520));
#2117=IFCPROPERTYSET('35Lqg9W2W_4BhzjJZQjJ1B',#18,'Pset_SpaceHeaterTypeCommon',$,(#520));
#2118=IFCPROPERTYSINGLEVALUE('Afnemer',$,IFCTEXT('Corporatie'),$);
#2119=IFCPROPERTYSINGLEVALUE('Bepalingsmethode',$,IFCTEXT('NVO'),$);
#2120=IFCPROPERTYSINGLEVALUE('EenheidNummer',$,IFCTEXT('05.00.16'),$);
#2121=IFCPROPERTYSINGLEVALUE('TerreinType',$,IFCTEXT('Kadastraal perceel'),$);
#2122=IFCPROPERTYSET('1Ls1dr6pRtj59QwRiwPglz',#18,'MiniGIM_ILS','',(#2118,#2119,#2120,#2121));
#2123=IFCRELDEFINESBYPROPERTIES('2G5qoazcR_WtJZ12Ie251B',#18,$,$,(#2115),#2116);
#2124=IFCRELDEFINESBYPROPERTIES('3Y8uRQH6jZtF0q9RQ90mGA',#18,$,$,(#2115),#2117);
#2125=IFCRELDEFINESBYPROPERTIES('27Acln7$5fqUpMswlf5FUq',#18,$,$,(#2115),#2122);
#2126=IFCQUANTITYAREA('GrossFloorArea','',$,538.48489783794,$);
#2127=IFCQUANTITYAREA('GrossCeilingArea','',$,538.48489783794,$);
#2128=IFCQUANTITYVOLUME('GrossVolume','',$,807.72734675691,$);
#2129=IFCQUANTITYVOLUME('NetVolume','',$,807.72734675691,$);
#2130=IFCELEMENTQUANTITY('1MD5igFQxr0erEtlI4Ijel',#18,'Qto_SpaceBaseQuantities',$,$,(#2126,#2127,#2128,#2129));
#2131=IFCRELDEFINESBYPROPERTIES('1bjMbanDIFxcZ$ycP4N1nW',#18,$,$,(#2115),#2130);
#2132=IFCAXIS2PLACEMENT3D(#3,$,$);
#2133=IFCLOCALPLACEMENT(#41,#2132);
#2134=IFCCARTESIANPOINTLIST2D(((-14.3792877272675,-0.749156126411496),(14.3792703595481,-0.749156126411496),(14.3792828232955,0.750026151170729),(-14.379265455576,0.748286101652255),(-14.3792877272675,-0.749156126411496)));
#2135=IFCINDEXEDPOLYCURVE(#2134,$,.F.);
#2136=IFCARBITRARYCLOSEDPROFILEDEF(.AREA.,'Voetpad uitgeefbaar',#2135);
#2137=IFCCARTESIANPOINT((49.070600381507,152.796014941978,-0.3));
#2138=IFCDIRECTION((0.0171334709681441,-0.999853211312833,0.));
#2139=IFCAXIS2PLACEMENT3D(#2137,#9,#2138);
#2140=IFCEXTRUDEDAREASOLID(#2136,#2139,#9,0.3);
#2141=IFCSTYLEDITEM(#2140,(#264),$);
#2142=IFCSHAPEREPRESENTATION(#24,'Body','SweptSolid',(#2140));
#2143=IFCPRODUCTDEFINITIONSHAPE($,$,(#2142));
#2144=IFCSPACE('1jxTNcF_T7MPWIXANzO2xK',#18,'{$this("Description")}',$,'Voetpad uitgeefbaar',#2133,#2143,$,$,.USERDEFINED.,$);
#2145=IFCSPACETYPE('1jxTNcF_T7MPWIXANzO2xQ',#18,'Toposolid:Voetpad uitgeefbaar',$,$,$,$,'1421129',$,.USERDEFINED.,$);
#2146=IFCPROPERTYSINGLEVALUE('Reference',$,IFCIDENTIFIER('Voetpad uitgeefbaar'),$);
#2147=IFCPROPERTYSET('0k_NFQCyCB1tsNdjRMRn2T',#18,'Pset_SpaceCommon',$,(#238,#2146));
#2148=IFCPROPERTYSET('1mkfqknMtzEjSknGd4cDBV',#18,'Pset_SpaceHeaterTypeCommon',$,(#2146));
#2149=IFCPROPERTYSINGLEVALUE('Afnemer',$,IFCTEXT('Gemeenschappelijk'),$);
#2150=IFCPROPERTYSET('04llIL$JXX03YAmmwsn30P',#18,'MiniGIM_ILS','',(#2149));
#2151=IFCRELDEFINESBYPROPERTIES('3X5q2A64lCgv1GtGKb8DMK',#18,$,$,(#2144),#2147);
#2152=IFCRELDEFINESBYPROPERTIES('1fI4BL94pO4Wo1Ga0pNtbW',#18,$,$,(#2144),#2148);
#2153=IFCRELDEFINESBYPROPERTIES('3sJR2Nt2mRR1n_ehdD8GpP',#18,$,$,(#2144),#2150);
#2154=IFCQUANTITYAREA('GrossFloorArea','',$,43.0892925922057,$);
#2155=IFCQUANTITYAREA('GrossCeilingArea','',$,43.0892925922059,$);
#2156=IFCQUANTITYVOLUME('GrossVolume','',$,12.9267877776617,$);
#2157=IFCQUANTITYVOLUME('NetVolume','',$,12.9267877776617,$);
#2158=IFCELEMENTQUANTITY('0rsZ0Nt1ceDK$18OkW$KTf',#18,'Qto_SpaceBaseQuantities',$,$,(#2154,#2155,#2156,#2157));
#2159=IFCRELDEFINESBYPROPERTIES('0BcaYYBwH4qQK85QNBZvsB',#18,$,$,(#2144),#2158);
#2160=IFCAXIS2PLACEMENT3D(#3,$,$);
#2161=IFCLOCALPLACEMENT(#41,#2160);
#2162=IFCCARTESIANPOINTLIST2D(((-15.4281102490945,-0.748736259972925),(15.4280610059906,-0.748736259972925),(15.4281102461657,0.748637894383561),(-15.4280610030618,0.748834625562271),(-15.4281102490945,-0.748736259972925)));
#2163=IFCINDEXEDPOLYCURVE(#2162,$,.F.);
#2164=IFCARBITRARYCLOSEDPROFILEDEF(.AREA.,'Voetpad uitgeefbaar',#2163);
#2165=IFCCARTESIANPOINT((51.4554354384892,101.052507108753,-0.3));
#2166=IFCDIRECTION((0.0171556196661129,-0.999852831527656,0.));
#2167=IFCAXIS2PLACEMENT3D(#2165,#9,#2166);
#2168=IFCEXTRUDEDAREASOLID(#2164,#2167,#9,0.3);
#2169=IFCSTYLEDITEM(#2168,(#264),$);
#2170=IFCSHAPEREPRESENTATION(#24,'Body','SweptSolid',(#2168));
#2171=IFCPRODUCTDEFINITIONSHAPE($,$,(#2170));
#2172=IFCSPACE('1jxTNcF_T7MPWIXANzO2xY',#18,'{$this("Description")}',$,'Voetpad uitgeefbaar',#2161,#2171,$,$,.USERDEFINED.,$);
#2173=IFCPROPERTYSET('0vHrMAj2b$0XhC_dYOp79G',#18,'Pset_SpaceCommon',$,(#238,#2146));
#2174=IFCPROPERTYSET('1owjnV6dm94MVahIQ6rzBx',#18,'Pset_SpaceHeaterTypeCommon',$,(#2146));
#2175=IFCPROPERTYSINGLEVALUE('Afnemer',$,IFCTEXT('Gemeenschappelijk'),$);
#2176=IFCPROPERTYSET('0$Y1UjvpyLl_ATRIIApE5s',#18,'MiniGIM_ILS','',(#2175));
#2177=IFCRELDEFINESBYPROPERTIES('1W2KzYweDBGzL_lFYvg85c',#18,$,$,(#2172),#2173);
#2178=IFCRELDEFINESBYPROPERTIES('3J_QD4SmtCaEdxfEFj48DU',#18,$,$,(#2172),#2174);
#2179=IFCRELDEFINESBYPROPERTIES('1bYr4r0MmBR9yjLNpRWj5K',#18,$,$,(#2172),#2176);
#2180=IFCQUANTITYAREA('GrossFloorArea','',$,46.2062685256908,$);
#2181=IFCQUANTITYAREA('GrossCeilingArea','',$,46.2062685256908,$);
#2182=IFCQUANTITYVOLUME('GrossVolume','',$,13.8618805577072,$);
#2183=IFCQUANTITYVOLUME('NetVolume','',$,13.8618805577072,$);
#2184=IFCELEMENTQUANTITY('3nWPHRDaFanzojq7cdL1hb',#18,'Qto_SpaceBaseQuantities',$,$,(#2180,#2181,#2182,#2183));
#2185=IFCRELDEFINESBYPROPERTIES('1UGA1tweHufSjNcyR1p6pp',#18,$,$,(#2172),#2184);
#2186=IFCAXIS2PLACEMENT3D(#3,$,$);
#2187=IFCLOCALPLACEMENT(#41,#2186);
#2188=IFCCARTESIANPOINTLIST2D(((-19.7206328534332,-0.749086053813534),(19.6137760476276,-0.749086053813533),(19.6138259958347,0.748086885149899),(-19.5069691900291,0.750085222477145),(-19.7206328534332,-0.749086053813534)));
#2189=IFCINDEXEDPOLYCURVE(#2188,$,.F.);
#2190=IFCARBITRARYCLOSEDPROFILEDEF(.AREA.,'Voetpad uitgeefbaar',#2189);
#2191=IFCCARTESIANPOINT((106.852511452638,85.1964601882598,-0.3));
#2192=IFCDIRECTION((0.987438032938393,0.158006743864803,0.));
#2193=IFCAXIS2PLACEMENT3D(#2191,#9,#2192);
#2194=IFCEXTRUDEDAREASOLID(#2190,#2193,#9,0.3);
#2195=IFCSTYLEDITEM(#2194,(#264),$);
#2196=IFCSHAPEREPRESENTATION(#24,'Body','SweptSolid',(#2194));
#2197=IFCPRODUCTDEFINITIONSHAPE($,$,(#2196));
#2198=IFCSPACE('1jxTNcF_T7MPWIXANzO2u3',#18,'{$this("Description")}',$,'Voetpad uitgeefbaar',#2187,#2197,$,$,.USERDEFINED.,$);
#2199=IFCPROPERTYSET('0zfD_4IhhTIzxcXf4aM_wW',#18,'Pset_SpaceCommon',$,(#238,#2146));
#2200=IFCPROPERTYSET('2PB3K0wfR6IbiY6xR_ykCl',#18,'Pset_SpaceHeaterTypeCommon',$,(#2146));
#2201=IFCPROPERTYSINGLEVALUE('Afnemer',$,IFCTEXT('Gemeente'),$);
#2202=IFCPROPERTYSET('1nZ3q6ldPi17yxDDOdFcLd',#18,'MiniGIM_ILS','',(#2201));
#2203=IFCRELDEFINESBYPROPERTIES('1XsysCj_5CG2EMqtMX6uXl',#18,$,$,(#2198),#2199);
#2204=IFCRELDEFINESBYPROPERTIES('3sl5PwCCcPySMZhEELEY52',#18,$,$,(#2198),#2200);
#2205=IFCRELDEFINESBYPROPERTIES('1syjjya5N9hM3xLCNxJOYU',#18,$,$,(#2198),#2202);
#2206=IFCQUANTITYAREA('GrossFloorArea','',$,58.7698059985812,$);
#2207=IFCQUANTITYAREA('GrossCeilingArea','',$,58.7698059985812,$);
#2208=IFCQUANTITYVOLUME('GrossVolume','',$,17.6309417995744,$);
#2209=IFCQUANTITYVOLUME('NetVolume','',$,17.6309417995744,$);
#2210=IFCELEMENTQUANTITY('26lqPu4sc0_W7n2k$ftNyr',#18,'Qto_SpaceBaseQuantities',$,$,(#2206,#2207,#2208,#2209));
#2211=IFCRELDEFINESBYPROPERTIES('32D$Wu_W4qwqMKnH8plZWC',#18,$,$,(#2198),#2210);
#2212=IFCAXIS2PLACEMENT3D(#3,$,$);
#2213=IFCLOCALPLACEMENT(#41,#2212);
#2214=IFCCARTESIANPOINTLIST2D(((-72.0416305027523,87.8130447117357),(-89.3659557776892,80.3199217468917),(-84.0335512524726,75.5309302059779),(-74.7710675992633,63.9688111711996),(-71.1965702093557,53.943868856674),(-69.2478411805184,43.5286993826724),(-67.9559600628863,29.636023500096),(-68.5321209918102,-0.858255284338312),(-67.8079758313943,-3.75295972291809),(-63.9749635531969,-13.516247584869),(-24.7046618548122,-10.4011492687376),(16.3942931607956,-8.33281742375585),(26.5713950273842,-13.2399854051228),(29.1839949130854,-20.8188587935131),(28.3309223101925,-51.7746783939437),(27.0192949247616,-80.4479714312062),(26.4799070623024,-84.5685976862648),(34.4527039856724,-90.4323867717293),(127.341372237536,-87.1619049761243),(135.853713528213,-87.2361057297066),(136.584280533677,-79.6032561369155),(135.981629107733,-79.3566744612862),(133.653436134948,-79.6132767421535),(49.8835705730648,-83.2360899676161),(42.0506867363392,-82.9515130835657),(38.9278925909927,-81.9481701584512),(37.3466808777044,-80.0835856556966),(36.431221371166,-75.6026012015933),(36.8997341218275,-65.1347852361295),(38.1530627104375,-1.73529826803352),(-63.3997048228523,-7.4499582971371),(-64.7328208895447,-6.95687668977473),(-66.284707917927,-5.64843345764562),(-66.7069250086808,-4.74692742768591),(-67.2386215331717,-2.24974630490006),(-67.119309019436,4.05490309015145),(-66.5455678702234,14.0898010070731),(-66.5441863898684,28.0915999614462),(-67.5996737210382,39.034056061451),(-68.838479099606,49.9663972018543),(-70.229732155374,56.1230478328618),(-72.8810335074593,64.6492988415798),(-75.8359837231092,69.1833226206629),(-80.7247042718584,74.1290630294374),(-74.8591454641042,76.6006288641272),(152.349864675201,88.1583831986325),(153.355991789292,98.873620334424),(95.9430199106589,95.6883812450241),(32.9067661667147,91.6867298418889),(-33.0266628621521,87.8130447117356),(-72.0416305027523,87.8130447117357)));
#2215=IFCINDEXEDPOLYCURVE(#2214,$,.F.);
#2216=IFCARBITRARYCLOSEDPROFILEDEF(.AREA.,'Water',#2215);
#2217=IFCCARTESIANPOINT((92.3858146300769,165.191346363421,-1.3));
#2218=IFCDIRECTION((0.0733051998497603,-0.997309554589239,0.));
#2219=IFCAXIS2PLACEMENT3D(#2217,#10,#2218);
#2220=IFCEXTRUDEDAREASOLID(#2216,#2219,#10,0.3);
#2221=IFCCOLOURRGB($,0.,0.501960784313725,1.);
#2222=IFCSURFACESTYLERENDERING(#2221,0.3,$,$,$,$,IFCNORMALISEDRATIOMEASURE(0.5),IFCSPECULAREXPONENT(64.),.NOTDEFINED.);
#2223=IFCSURFACESTYLE('water_ntb_ntb',.BOTH.,(#2222));
#2224=IFCSTYLEDITEM(#2220,(#2223),$);
#2225=IFCSHAPEREPRESENTATION(#24,'Body','SweptSolid',(#2220));
#2226=IFCPRODUCTDEFINITIONSHAPE($,$,(#2225));
#2227=IFCSPACE('0cMO5WvUr0eBybtowBkZsk',#18,'{$this("Description")}',$,'Water',#2213,#2226,$,$,.USERDEFINED.,$);
#2228=IFCSPACETYPE('0cMO5WvUr0eBybtowBkZse',#18,'Toposolid:Water',$,$,$,$,'1421252',$,.USERDEFINED.,$);
#2229=IFCMATERIAL('water_ntb_ntb',$,'Miscellaneous');
#2230=IFCPROPERTYSINGLEVALUE('Reference',$,IFCIDENTIFIER('Water'),$);
#2231=IFCPROPERTYSET('2JL4K_wry00CnoHv1sM$Sl',#18,'Pset_SpaceCommon',$,(#238,#2230));
#2232=IFCPROPERTYSET('1kmVbfaO08c1u449$bYIbt',#18,'Pset_SpaceHeaterTypeCommon',$,(#2230));
#2233=IFCPROPERTYSINGLEVALUE('Afnemer',$,IFCTEXT('Gemeente'),$);
#2234=IFCPROPERTYSET('0qfpRSCbZabhX4x6339yZO',#18,'MiniGIM_ILS','',(#2233));
#2235=IFCRELDEFINESBYPROPERTIES('07yvt0BDhfR4mBq5nIHQps',#18,$,$,(#2227),#2231);
#2236=IFCRELDEFINESBYPROPERTIES('27X00r0_ryCKQFs3fXtHi0',#18,$,$,(#2227),#2232);
#2237=IFCRELDEFINESBYPROPERTIES('1X4ybroJC76cn15YRwjX2G',#18,$,$,(#2227),#2234);
#2238=IFCQUANTITYAREA('GrossFloorArea','',$,4552.16997382788,$);
#2239=IFCQUANTITYAREA('GrossCeilingArea','',$,4552.16997382788,$);
#2240=IFCQUANTITYVOLUME('GrossVolume','',$,1365.65099214836,$);
#2241=IFCQUANTITYVOLUME('NetVolume','',$,1365.65099214836,$);
#2242=IFCELEMENTQUANTITY('1KkFf3NcrYjjGWmzwtwuj7',#18,'Qto_SpaceBaseQuantities',$,$,(#2238,#2239,#2240,#2241));
#2243=IFCRELDEFINESBYPROPERTIES('0vSJFwuM1Z_kJgT3P7m0Lq',#18,$,$,(#2227),#2242);
#2244=IFCAXIS2PLACEMENT3D(#3,$,$);
#2245=IFCLOCALPLACEMENT(#41,#2244);
#2246=IFCCARTESIANPOINTLIST2D(((-70.3602948439581,-6.22972925763054),(36.5371159649747,-6.22972925763054),(36.5372869186048,8.9645063430729),(34.0222011806368,8.96443091579722),(34.0219097857638,-2.73509660387962),(-70.7582190060223,-2.73438213972945),(-70.3602948439581,-6.22972925763054)));
#2247=IFCINDEXEDPOLYCURVE(#2246,$,.F.);
#2248=IFCARBITRARYCLOSEDPROFILEDEF(.AREA.,'Berm',#2247);
#2249=IFCCARTESIANPOINT((87.3674594364638,161.131819125498,-1.5));
#2250=IFCDIRECTION((0.0171266560546162,-0.999853328069866,0.));
#2251=IFCAXIS2PLACEMENT3D(#2249,#9,#2250);
#2252=IFCEXTRUDEDAREASOLID(#2248,#2251,#9,1.5);
#2253=IFCCOLOURRGB($,0.596078431372549,0.827450980392157,0.623529411764706);
#2254=IFCSURFACESTYLERENDERING(#2253,0.,$,$,$,$,IFCNORMALISEDRATIOMEASURE(0.5),IFCSPECULAREXPONENT(64.),.NOTDEFINED.);
#2255=IFCSURFACESTYLE('ntb_gras_ntb',.BOTH.,(#2254));
#2256=IFCSTYLEDITEM(#2252,(#2255),$);
#2257=IFCSHAPEREPRESENTATION(#24,'Body','SweptSolid',(#2252));
#2258=IFCPRODUCTDEFINITIONSHAPE($,$,(#2257));
#2259=IFCSPACE('1tXLgMoXn3pwgc3vOj4OE3',#18,'{$this("Description")}',$,'Berm',#2245,#2258,$,$,.USERDEFINED.,$);
#2260=IFCSPACETYPE('0cDhZBSxr4AeKXlwj90zty',#18,'Toposolid:Berm',$,$,$,$,'1422424',$,.USERDEFINED.,$);
#2261=IFCMATERIAL('ntb_gras_ntb',$,'Miscellaneous');
#2262=IFCPROPERTYSINGLEVALUE('Reference',$,IFCIDENTIFIER('Berm'),$);
#2263=IFCPROPERTYSET('1g_YsGcjuxovZd2E$L41A6',#18,'Pset_SpaceCommon',$,(#238,#2262));
#2264=IFCPROPERTYSET('3mYX0M4ujl9gewRhViqt98',#18,'Pset_SpaceHeaterTypeCommon',$,(#2262));
#2265=IFCPROPERTYSINGLEVALUE('Afnemer',$,IFCTEXT('Gemeente'),$);
#2266=IFCPROPERTYSET('0GlncNFIDYWercos9J1ITh',#18,'MiniGIM_ILS','',(#2265));
#2267=IFCRELDEFINESBYPROPERTIES('2hYJ$lfiA$4JaSE9huhv4X',#18,$,$,(#2259),#2263);
#2268=IFCRELDEFINESBYPROPERTIES('06ghcO5kJiFb5GKlaDeCpf',#18,$,$,(#2259),#2264);
#2269=IFCRELDEFINESBYPROPERTIES('2X1rTnLPmrZ9wJ9w9DqsMg',#18,$,$,(#2259),#2266);
#2270=IFCQUANTITYAREA('GrossFloorArea','',$,403.725804328918,$);
#2271=IFCQUANTITYAREA('GrossCeilingArea','',$,403.725804328918,$);
#2272=IFCQUANTITYVOLUME('GrossVolume','',$,605.588682885922,$);
#2273=IFCQUANTITYVOLUME('NetVolume','',$,605.588682885922,$);
#2274=IFCELEMENTQUANTITY('0aiwdQkj2T0PEXopaBMdpT',#18,'Qto_SpaceBaseQuantities',$,$,(#2270,#2271,#2272,#2273,#10614,#10615,#10616,#10617,#10618,#10619));
#2275=IFCRELDEFINESBYPROPERTIES('2MdbLNC7D6JEZk_1FJ74dx',#18,$,$,(#2259),#2274);
#2276=IFCAXIS2PLACEMENT3D(#3,$,$);
#2277=IFCLOCALPLACEMENT(#41,#2276);
#2278=IFCCARTESIANPOINTLIST2D(((-29.6012518748572,-1.74800753382787),(29.850197342328,-1.74800753382787),(29.3522718071075,1.74722158401257),(-29.6012172745783,1.74879348364314),(-29.6012518748572,-1.74800753382787)));
#2279=IFCINDEXEDPOLYCURVE(#2278,$,.F.);
#2280=IFCARBITRARYCLOSEDPROFILEDEF(.AREA.,'Onverhard',#2279);
#2281=IFCCARTESIANPOINT((85.6449839022451,87.4630826593062,-1.5));
#2282=IFCDIRECTION((0.0171297389107874,-0.999853275258349,0.));
#2283=IFCAXIS2PLACEMENT3D(#2281,#9,#2282);
#2284=IFCEXTRUDEDAREASOLID(#2280,#2283,#9,1.5);
#2285=IFCSTYLEDITEM(#2284,(#2255),$);
#2286=IFCSHAPEREPRESENTATION(#24,'Body','SweptSolid',(#2284));
#2287=IFCPRODUCTDEFINITIONSHAPE($,$,(#2286));
#2288=IFCSPACE('1tXLgMoXn3pwgc3vOj4OCL',#18,'{$this("Description")}',$,'Onverhard',#2277,#2287,$,$,.USERDEFINED.,$);
#2289=IFCSPACETYPE('1tXLgMoXn3pwgc3vOj4OE1',#18,'Toposolid:Onverhard',$,$,$,$,'1422178',$,.USERDEFINED.,$);
#2290=IFCPROPERTYSINGLEVALUE('Reference',$,IFCIDENTIFIER('Onverhard'),$);
#2291=IFCPROPERTYSET('0PTn_3ym3TB5MUYGgwyRwE',#18,'Pset_SpaceCommon',$,(#238,#2290));
#2292=IFCPROPERTYSET('0tgKzt1fYhkNrVGcJaHWMV',#18,'Pset_SpaceHeaterTypeCommon',$,(#2290));
#2293=IFCPROPERTYSINGLEVALUE('Afnemer',$,IFCTEXT('Gemeente'),$);
#2294=IFCPROPERTYSET('2hjr3_Zq1UmGjUgVKBqb5Q',#18,'MiniGIM_ILS','',(#2293));
#2295=IFCRELDEFINESBYPROPERTIES('0uXSNA2rYgqEJJOjy77cC8',#18,$,$,(#2288),#2291);
#2296=IFCRELDEFINESBYPROPERTIES('1j5hn9YeemBhSrKY541VeV',#18,$,$,(#2288),#2292);
#2297=IFCRELDEFINESBYPROPERTIES('0BNn7rjqM_QsR4V38Xvd96',#18,$,$,(#2288),#2294);
#2298=IFCQUANTITYAREA('GrossFloorArea','',$,206.972528530206,$);
#2299=IFCQUANTITYAREA('GrossCeilingArea','',$,206.972528530206,$);
#2300=IFCQUANTITYVOLUME('GrossVolume','',$,310.458792795309,$);
#2301=IFCQUANTITYVOLUME('NetVolume','',$,310.458792795309,$);
#2302=IFCELEMENTQUANTITY('1mz8qr4_xD5dgWJXdOFIP5',#18,'Qto_SpaceBaseQuantities',$,$,(#2298,#2299,#2300,#2301));
#2303=IFCRELDEFINESBYPROPERTIES('1DAAIHlILkjCx0GdXwmEom',#18,$,$,(#2288),#2302);
#2304=IFCAXIS2PLACEMENT3D(#3,$,$);
#2305=IFCLOCALPLACEMENT(#41,#2304);
#2306=IFCCOLOURRGBLIST(((0.596078431372549,0.827450980392157,0.623529411764706)));
#2307=IFCINDEXEDPOLYGONALFACE((1,2,3,4,5,6,7,8,9,10,11,12,13,14,15));
#2308=IFCINDEXEDPOLYGONALFACE((2,1,16,17,18));
#2309=IFCINDEXEDPOLYGONALFACE((3,2,18,19));
#2310=IFCINDEXEDPOLYGONALFACE((4,3,19,20));
#2311=IFCINDEXEDPOLYGONALFACE((5,4,20,21));
#2312=IFCINDEXEDPOLYGONALFACE((6,5,21,22));
#2313=IFCINDEXEDPOLYGONALFACE((7,6,22,23));
#2314=IFCINDEXEDPOLYGONALFACE((8,7,23,24,25));
#2315=IFCINDEXEDPOLYGONALFACE((9,8,25,26));
#2316=IFCINDEXEDPOLYGONALFACE((10,9,26,27));
#2317=IFCINDEXEDPOLYGONALFACE((11,10,27,28));
#2318=IFCINDEXEDPOLYGONALFACE((12,11,28,29));
#2319=IFCINDEXEDPOLYGONALFACE((13,12,29,30));
#2320=IFCINDEXEDPOLYGONALFACE((14,13,30,31));
#2321=IFCINDEXEDPOLYGONALFACE((15,14,31,32));
#2322=IFCINDEXEDPOLYGONALFACE((1,15,32,16));
#2323=IFCINDEXEDPOLYGONALFACE((32,31,17));
#2324=IFCINDEXEDPOLYGONALFACE((27,19,18));
#2325=IFCINDEXEDPOLYGONALFACE((27,24,23));
#2326=IFCINDEXEDPOLYGONALFACE((26,25,24));
#2327=IFCINDEXEDPOLYGONALFACE((27,20,19));
#2328=IFCINDEXEDPOLYGONALFACE((27,21,20));
#2329=IFCINDEXEDPOLYGONALFACE((27,22,21));
#2330=IFCINDEXEDPOLYGONALFACE((27,23,22));
#2331=IFCINDEXEDPOLYGONALFACE((27,26,24));
#2332=IFCINDEXEDPOLYGONALFACE((32,17,16));
#2333=IFCINDEXEDPOLYGONALFACE((30,18,17));
#2334=IFCINDEXEDPOLYGONALFACE((31,30,17));
#2335=IFCINDEXEDPOLYGONALFACE((30,29,18));
#2336=IFCINDEXEDPOLYGONALFACE((29,28,18));
#2337=IFCINDEXEDPOLYGONALFACE((28,27,18));
#2338=IFCCARTESIANPOINTLIST3D(((96.9132620597178,127.268138771796,-1.5),(160.050300666383,133.165607410825,-1.5),(170.45560912361,134.400204994846,-1.5),(174.991645675734,133.815687943067,-1.5),(176.967124656318,132.375414133188,-1.5),(178.196685190978,129.334571948662,-1.5),(179.054687551508,121.543623023666,-1.5),(181.299826188249,47.1023667303078,-1.5),(174.897385961815,46.0779166921824,-1.5),(173.552854094916,124.567411740462,-1.5),(144.69191607463,124.073123564847,-1.5),(144.606670275074,129.064790821082,-1.5),(133.623006580194,128.877050265331,-1.5),(133.682562406096,125.382098290642,-1.5),(96.9564124843125,124.753423218125,-1.5),(96.9132620597178,127.268138771796,1.66533453693773E-16),(101.367197546781,127.684169447844,-1.00000000000002),(160.050300666383,133.165607410825,-0.999999999999991),(170.45560912361,134.400204994846,-1.),(174.991645675734,133.815687943067,-1.),(176.967124656318,132.375414133188,-1.),(178.196685190978,129.334571948662,-1.),(179.054687551508,121.543623023666,-0.999999999999995),(181.079231101576,54.4165588765415,-1.00000000000001),(181.299826188249,47.1023667303078,0.),(174.897385961815,46.0779166921824,-1.4432899320127E-15),(173.552854094916,124.567411740462,8.88178419700125E-16),(144.69191607463,124.073123564847,-7.7715611723761E-16),(144.606670275074,129.064790821082,5.55111512312578E-17),(133.623006580194,128.877050265331,-1.77635683940025E-15),(133.682562406096,125.382098290642,1.94289029309402E-15),(96.9564124843125,124.753423218125,-2.22044604925031E-16)));
#2339=IFCPOLYGONALFACESET(#2338,.T.,(#2307,#2308,#2309,#2310,#2311,#2312,#2313,#2314,#2315,#2316,#2317,#2318,#2319,#2320,#2321,#2322,#2323,#2324,#2325,#2326,#2327,#2328,#2329,#2330,#2331,#2332,#2333,#2334,#2335,#2336,#2337),$);
#2340=IFCINDEXEDCOLOURMAP(#2339,1.,#2306,(1,1,1,1,1,1,1,1,1,1,1,1,1,1,1,1,1,1,1,1,1,1,1,1,1,1,1,1,1,1,1));
#2341=IFCSTYLEDITEM(#2339,(#2255),$);
#2342=IFCSHAPEREPRESENTATION(#24,'Body','Tessellation',(#2339));
#2343=IFCPRODUCTDEFINITIONSHAPE($,$,(#2342));
#2344=IFCSPACE('0cDhZBSxr4AeKXlwj90ztF',#18,'{$this("Description")}',$,'Berm',#2305,#2343,$,$,.USERDEFINED.,$);
#2345=IFCPROPERTYSET('1g$kPfNX6rInf4mu$k2jAH',#18,'Pset_SpaceCommon',$,(#238,#2262));
#2346=IFCPROPERTYSET('2tE2g16ZLehX5wTevcqf9B',#18,'Pset_SpaceHeaterTypeCommon',$,(#2262));
#2347=IFCPROPERTYSINGLEVALUE('Afnemer',$,IFCTEXT('Gemeente'),$);
#2348=IFCPROPERTYSET('0TGXO_NcKoMoR0VECN2kZB',#18,'MiniGIM_ILS','',(#2347));
#2349=IFCRELDEFINESBYPROPERTIES('3kUpAqhLfrtPYqOYfIIQGs',#18,$,$,(#2344),#2345);
#2350=IFCRELDEFINESBYPROPERTIES('2wzG7YTXKoWOnmLwTCDdTC',#18,$,$,(#2344),#2346);
#2351=IFCRELDEFINESBYPROPERTIES('1nbbzS77nvCwKehVJuoVL7',#18,$,$,(#2344),#2348);
#2352=IFCQUANTITYAREA('GrossCeilingArea','',$,942.978440284729,$);
#2353=IFCQUANTITYVOLUME('NetVolume','',$,960.418078889983,$);
#2354=IFCELEMENTQUANTITY('3E4n0PUpCV7$4tR9sf9lAq',#18,'Qto_SpaceBaseQuantities',$,$,(#2352,#2353,#10620,#10621,#10622,#10623,#10624,#10625,#10626,#10627));
#2355=IFCRELDEFINESBYPROPERTIES('0u45vqrCllomkzyc4j5qAD',#18,$,$,(#2344),#2354);
#2356=IFCAXIS2PLACEMENT3D(#3,$,$);
#2357=IFCLOCALPLACEMENT(#41,#2356);
#2358=IFCCOLOURRGBLIST(((0.596078431372549,0.827450980392157,0.623529411764706)));
#2359=IFCINDEXEDPOLYGONALFACE((1,2,3,4,5,6,7,8,9));
#2360=IFCINDEXEDPOLYGONALFACE((2,1,10,11));
#2361=IFCINDEXEDPOLYGONALFACE((3,2,11,12));
#2362=IFCINDEXEDPOLYGONALFACE((4,3,12,13));
#2363=IFCINDEXEDPOLYGONALFACE((5,4,13,14));
#2364=IFCINDEXEDPOLYGONALFACE((6,5,14,15));
#2365=IFCINDEXEDPOLYGONALFACE((7,6,15,16));
#2366=IFCINDEXEDPOLYGONALFACE((8,7,16,17));
#2367=IFCINDEXEDPOLYGONALFACE((9,8,17,18));
#2368=IFCINDEXEDPOLYGONALFACE((1,9,18,19,10));
#2369=IFCINDEXEDPOLYGONALFACE((18,17,19));
#2370=IFCINDEXEDPOLYGONALFACE((12,11,10));
#2371=IFCINDEXEDPOLYGONALFACE((16,12,10));
#2372=IFCINDEXEDPOLYGONALFACE((16,15,13));
#2373=IFCINDEXEDPOLYGONALFACE((16,13,12));
#2374=IFCINDEXEDPOLYGONALFACE((15,14,13));
#2375=IFCINDEXEDPOLYGONALFACE((17,16,19));
#2376=IFCINDEXEDPOLYGONALFACE((16,10,19));
#2377=IFCCARTESIANPOINTLIST3D(((10.5037109575103,234.233862975656,-1.5),(12.5386512186098,240.264819445088,-1.5),(17.8294540196344,235.751800221173,-1.5),(22.5678924713531,233.13716765702,-1.5),(23.4783053214997,232.925816724062,-1.5),(23.5455483281522,229.002027175018,-1.5),(17.0538256706209,229.002027175018,-1.5),(18.8885619622817,122.028828073698,-1.5),(13.0339637075768,122.028828073698,-1.5),(10.5037109575103,234.233862975656,-1.),(12.5386512186098,240.264819445088,-1.),(17.8294540196344,235.751800221173,-1.),(22.5678924713531,233.13716765702,-1.00000000000001),(23.4783053214997,232.925816724062,-1.00000000000001),(23.5455483281522,229.002027175018,-6.32827124036339E-15),(17.0538256706209,229.002027175018,3.88578058618805E-15),(18.8885619622816,122.028828073698,-4.66293670342566E-15),(13.0339637075768,122.028828073698,-1.4432899320127E-15),(12.8548321512458,129.972486085583,-1.)));
#2378=IFCPOLYGONALFACESET(#2377,.T.,(#2359,#2360,#2361,#2362,#2363,#2364,#2365,#2366,#2367,#2368,#2369,#2370,#2371,#2372,#2373,#2374,#2375,#2376),$);
#2379=IFCINDEXEDCOLOURMAP(#2378,1.,#2358,(1,1,1,1,1,1,1,1,1,1,1,1,1,1,1,1,1,1));
#2380=IFCSTYLEDITEM(#2378,(#2255),$);
#2381=IFCSHAPEREPRESENTATION(#24,'Body','Tessellation',(#2378));
#2382=IFCPRODUCTDEFINITIONSHAPE($,$,(#2381));
#2383=IFCSPACE('0cDhZBSxr4AeKXlwj90zqV',#18,'{$this("Description")}',$,'Berm',#2357,#2382,$,$,.USERDEFINED.,$);
#2384=IFCPROPERTYSET('3DuO89FkPmdyshTHEefUoh',#18,'Pset_SpaceCommon',$,(#238,#2262));
#2385=IFCPROPERTYSET('3d4qLpJahwmV2Ka1B9LY4A',#18,'Pset_SpaceHeaterTypeCommon',$,(#2262));
#2386=IFCPROPERTYSINGLEVALUE('Afnemer',$,IFCTEXT('Gemeente'),$);
#2387=IFCPROPERTYSET('13MGG1aB6VuQ_XpVPBqjlR',#18,'MiniGIM_ILS','',(#2386));
#2388=IFCRELDEFINESBYPROPERTIES('339qY88FctSLkct_JJyxF$',#18,$,$,(#2383),#2384);
#2389=IFCRELDEFINESBYPROPERTIES('0Nj1JCsAqTLNzEmDXjARnj',#18,$,$,(#2383),#2385);
#2390=IFCRELDEFINESBYPROPERTIES('3UeN1i90E0U3wbdal6T7np',#18,$,$,(#2383),#2387);
#2391=IFCQUANTITYAREA('GrossCeilingArea','',$,760.556255698204,$);
#2392=IFCQUANTITYVOLUME('NetVolume','',$,736.263001110864,$);
#2393=IFCELEMENTQUANTITY('2SMWazecumrcAl94O5dUo2',#18,'Qto_SpaceBaseQuantities',$,$,(#2391,#2392,#10636,#10637,#10638,#10639,#10640,#10641,#10642,#10643));
#2394=IFCRELDEFINESBYPROPERTIES('2PcUFpFhMOgy14Q7QMPJSA',#18,$,$,(#2383),#2393);
#2395=IFCAXIS2PLACEMENT3D(#3,$,$);
#2396=IFCLOCALPLACEMENT(#41,#2395);
#2397=IFCCOLOURRGBLIST(((0.596078431372549,0.827450980392157,0.623529411764706)));
#2398=IFCINDEXEDPOLYGONALFACE((1,2,3,4,5));
#2399=IFCINDEXEDPOLYGONALFACE((2,1,6,7));
#2400=IFCINDEXEDPOLYGONALFACE((3,2,7,8));
#2401=IFCINDEXEDPOLYGONALFACE((4,3,8,9));
#2402=IFCINDEXEDPOLYGONALFACE((1,5,10,11,12,6));
#2403=IFCINDEXEDPOLYGONALFACE((5,4,9,10));
#2404=IFCINDEXEDPOLYGONALFACE((10,9,11));
#2405=IFCINDEXEDPOLYGONALFACE((8,12,11));
#2406=IFCINDEXEDPOLYGONALFACE((7,6,12));
#2407=IFCINDEXEDPOLYGONALFACE((9,8,11));
#2408=IFCINDEXEDPOLYGONALFACE((8,7,12));
#2409=IFCCARTESIANPOINTLIST3D(((13.169199825037,116.031730242571,-1.5),(18.9914322683348,116.031730242571,-1.5),(20.2570133712691,42.242089404415,-1.5),(23.6010487307358,20.7818290302462,-1.5),(15.3492806082417,19.3552063806221,-1.5),(13.169199825037,116.031730242571,0.),(18.9914322683348,116.031730242571,1.11022302462516E-16),(20.2570133712691,42.242089404415,-9.99200722162641E-16),(23.6010487307358,20.7818290302462,-2.22044604925031E-16),(15.3492806082417,19.3552063806221,-3.33066907387547E-16),(15.2315228922602,24.5772177513572,-1.),(13.319708577997,109.357361494834,-0.999999999999996)));
#2410=IFCPOLYGONALFACESET(#2409,.T.,(#2398,#2399,#2400,#2401,#2402,#2403,#2404,#2405,#2406,#2407,#2408),$);
#2411=IFCINDEXEDCOLOURMAP(#2410,1.,#2397,(1,1,1,1,1,1,1,1,1,1,1));
#2412=IFCSTYLEDITEM(#2410,(#2255),$);
#2413=IFCSHAPEREPRESENTATION(#24,'Body','Tessellation',(#2410));
#2414=IFCPRODUCTDEFINITIONSHAPE($,$,(#2413));
#2415=IFCSPACE('0cDhZBSxr4AeKXlwj90zo$',#18,'{$this("Description")}',$,'Berm',#2396,#2414,$,$,.USERDEFINED.,$);
#2416=IFCPROPERTYSET('0tXYEdM4x0Wc74EaLlbwN4',#18,'Pset_SpaceCommon',$,(#238,#2262));
#2417=IFCPROPERTYSET('33T0OIEbvw$kM5yij_iErW',#18,'Pset_SpaceHeaterTypeCommon',$,(#2262));
#2418=IFCPROPERTYSINGLEVALUE('Afnemer',$,IFCTEXT('Gemeente'),$);
#2419=IFCPROPERTYSET('21$kcWXPb0frzKdRr$NYZ9',#18,'MiniGIM_ILS','',(#2418));
#2420=IFCRELDEFINESBYPROPERTIES('1qQEdvBAFtzuN4WpcBuRRk',#18,$,$,(#2415),#2416);
#2421=IFCRELDEFINESBYPROPERTIES('1K8okTfLctRYeNNJz1JpFw',#18,$,$,(#2415),#2417);
#2422=IFCRELDEFINESBYPROPERTIES('05xP2fka40tOcyS4oBq00o',#18,$,$,(#2415),#2419);
#2423=IFCQUANTITYAREA('GrossCeilingArea','',$,576.281694412231,$);
#2424=IFCQUANTITYVOLUME('NetVolume','',$,585.930885983318,$);
#2425=IFCELEMENTQUANTITY('2wxm5rbC7pbQMnUQ4Dbebg',#18,'Qto_SpaceBaseQuantities',$,$,(#2423,#2424,#10628,#10629,#10630,#10631,#10632,#10633,#10634,#10635));
#2426=IFCRELDEFINESBYPROPERTIES('14qfY8tMz2wB3O5u_50Cw1',#18,$,$,(#2415),#2425);
#2427=IFCAXIS2PLACEMENT3D(#3,$,$);
#2428=IFCLOCALPLACEMENT(#41,#2427);
#2429=IFCCARTESIANPOINTLIST2D(((-2.88721589842585,-1.20539448636891),(2.9350165448719,-1.20539448636895),(2.893317407389,1.22587157077168),(-2.94111805383505,1.18491740196625),(-2.88721589842585,-1.20539448636891)));
#2430=IFCINDEXEDPOLYCURVE(#2429,$,.F.);
#2431=IFCARBITRARYCLOSEDPROFILEDEF(.AREA.,'Voetpad',#2430);
#2432=IFCCARTESIANPOINT((16.0564157234629,117.23712472894,-1.5));
#2433=IFCAXIS2PLACEMENT3D(#2432,$,$);
#2434=IFCEXTRUDEDAREASOLID(#2431,#2433,#9,1.5);
#2435=IFCSTYLEDITEM(#2434,(#264),$);
#2436=IFCSHAPEREPRESENTATION(#24,'Body','SweptSolid',(#2434));
#2437=IFCPRODUCTDEFINITIONSHAPE($,$,(#2436));
#2438=IFCSPACE('0cDhZBSxr4AeKXlwj90zoU',#18,'{$this("Description")}',$,'Voetpad',#2428,#2437,$,$,.USERDEFINED.,$);
#2439=IFCPROPERTYSET('1_$T$EeVsC8ZwALepSna9b',#18,'Pset_SpaceCommon',$,(#238,#271));
#2440=IFCPROPERTYSET('11cD$MBip4emfvq$Sj9W5f',#18,'Pset_SpaceHeaterTypeCommon',$,(#271));
#2441=IFCPROPERTYSINGLEVALUE('Afnemer',$,IFCTEXT('Gemeente'),$);
#2442=IFCPROPERTYSET('15LLCO3SDQUJ4zJNA3FR1o',#18,'MiniGIM_ILS','',(#2441));
#2443=IFCRELDEFINESBYPROPERTIES('31dsXTnMPZrs6zhZ3Qcdzk',#18,$,$,(#2438),#2439);
#2444=IFCRELDEFINESBYPROPERTIES('2bgrBlsxMFQT38Rt3XkghP',#18,$,$,(#2438),#2440);
#2445=IFCRELDEFINESBYPROPERTIES('2CWfddTMBzd0Uj6roXtZIp',#18,$,$,(#2438),#2442);
#2446=IFCQUANTITYAREA('GrossFloorArea','',$,14.0518620394163,$);
#2447=IFCQUANTITYAREA('GrossCeilingArea','',$,14.0518620394163,$);
#2448=IFCQUANTITYVOLUME('GrossVolume','',$,21.0777930591244,$);
#2449=IFCQUANTITYVOLUME('NetVolume','',$,21.0777930591246,$);
#2450=IFCELEMENTQUANTITY('2MEghyUy0dDinYt9Nsq8ry',#18,'Qto_SpaceBaseQuantities',$,$,(#2446,#2447,#2448,#2449));
#2451=IFCRELDEFINESBYPROPERTIES('2niYqra2I1xkl$0jOwYRUR',#18,$,$,(#2438),#2450);
#2452=IFCAXIS2PLACEMENT3D(#3,$,$);
#2453=IFCLOCALPLACEMENT(#41,#2452);
#2454=IFCCOLOURRGBLIST(((0.596078431372549,0.827450980392157,0.623529411764706)));
#2455=IFCINDEXEDPOLYGONALFACE((1,2,3,4,5,6));
#2456=IFCINDEXEDPOLYGONALFACE((2,1,7,8));
#2457=IFCINDEXEDPOLYGONALFACE((3,2,8,9));
#2458=IFCINDEXEDPOLYGONALFACE((4,3,9,10));
#2459=IFCINDEXEDPOLYGONALFACE((5,4,10,11));
#2460=IFCINDEXEDPOLYGONALFACE((6,5,11,12));
#2461=IFCINDEXEDPOLYGONALFACE((1,6,12,7));
#2462=IFCINDEXEDPOLYGONALFACE((12,11,10));
#2463=IFCINDEXEDPOLYGONALFACE((12,8,7));
#2464=IFCINDEXEDPOLYGONALFACE((12,9,8));
#2465=IFCINDEXEDPOLYGONALFACE((12,10,9));
#2466=IFCCARTESIANPOINTLIST3D(((15.6326540260404,6.78890278365817,-1.5),(15.5381937370574,10.9777807611261,-1.5),(181.582389496064,37.7336045468816,-1.5),(181.497144788384,35.3928252864652,-1.5),(181.787240532694,34.8098709802962,-1.5),(174.54099999991,33.5749999999518,-1.5),(15.6326540260404,6.78890278365817,-1.),(15.5381937370575,10.977780761126,-7.66053886991358E-15),(181.582389496064,37.7336045468816,4.16333634234434E-15),(181.497144788384,35.3928252864652,-0.900000000000001),(181.787240532694,34.8098709802962,-1.),(174.54099999991,33.5749999999518,-0.999999999999999)));
#2467=IFCPOLYGONALFACESET(#2466,.T.,(#2455,#2456,#2457,#2458,#2459,#2460,#2461,#2462,#2463,#2464,#2465),$);
#2468=IFCINDEXEDCOLOURMAP(#2467,1.,#2454,(1,1,1,1,1,1,1,1,1,1,1));
#2469=IFCSTYLEDITEM(#2467,(#2255),$);
#2470=IFCSHAPEREPRESENTATION(#24,'Body','Tessellation',(#2467));
#2471=IFCPRODUCTDEFINITIONSHAPE($,$,(#2470));
#2472=IFCSPACE('0H1Bg6KOPBDf4zNTd_I9M6',#18,'{$this("Description")}',$,'Berm',#2453,#2471,$,$,.USERDEFINED.,$);
#2473=IFCPROPERTYSET('3vShivPh6_CPY9FU_T3Oko',#18,'Pset_SpaceCommon',$,(#238,#2262));
#2474=IFCPROPERTYSET('1QNfYzua8AC7LPZ9iknnUL',#18,'Pset_SpaceHeaterTypeCommon',$,(#2262));
#2475=IFCPROPERTYSINGLEVALUE('Afnemer',$,IFCTEXT('Gemeente'),$);
#2476=IFCPROPERTYSET('0_P8DUMJV_DmO2WHd27laD',#18,'MiniGIM_ILS','',(#2475));
#2477=IFCRELDEFINESBYPROPERTIES('3XSgDT14AGcIo4G33SQBvv',#18,$,$,(#2472),#2473);
#2478=IFCRELDEFINESBYPROPERTIES('2KKIo7OZt4hTVq8u3lZ9Kd',#18,$,$,(#2472),#2474);
#2479=IFCRELDEFINESBYPROPERTIES('0cYwnLXTP5nnFDf6qnkfbQ',#18,$,$,(#2472),#2476);
#2480=IFCQUANTITYAREA('GrossCeilingArea','',$,619.431995868683,$);
#2481=IFCQUANTITYVOLUME('NetVolume','',$,579.517991707534,$);
#2482=IFCELEMENTQUANTITY('0g1jEPYjyYrIRNCc9ltTGm',#18,'Qto_SpaceBaseQuantities',$,$,(#2480,#2481,#10644,#10645,#10646,#10647,#10648,#10649,#10650,#10651));
#2483=IFCRELDEFINESBYPROPERTIES('2jLx$JX2ZLBzDRtHTDUzGt',#18,$,$,(#2472),#2482);
#2484=IFCAXIS2PLACEMENT3D(#3,$,$);
#2485=IFCLOCALPLACEMENT(#41,#2484);
#2486=IFCCARTESIANPOINTLIST2D(((-25.5762867231013,-1.21842579299988),(25.5734956563773,-1.21842579299988),(25.573434001951,1.22051409137043),(-25.570642935227,1.21633749462933),(-25.5762867231013,-1.21842579299988)));
#2487=IFCINDEXEDPOLYCURVE(#2486,$,.F.);
#2488=IFCARBITRARYCLOSEDPROFILEDEF(.AREA.,'Voetpad',#2487);
#2489=IFCCARTESIANPOINT((112.935188195379,35.8826541819665,-1.5));
#2490=IFCDIRECTION((0.987439197832859,0.157999463869978,0.));
#2491=IFCAXIS2PLACEMENT3D(#2489,#9,#2490);
#2492=IFCEXTRUDEDAREASOLID(#2488,#2491,#9,1.5);
#2493=IFCSTYLEDITEM(#2492,(#264),$);
#2494=IFCSHAPEREPRESENTATION(#24,'Body','SweptSolid',(#2492));
#2495=IFCPRODUCTDEFINITIONSHAPE($,$,(#2494));
#2496=IFCSPACE('0H1Bg6KOPBDf4zNTd_I9Ml',#18,'{$this("Description")}',$,'Voetpad',#2485,#2495,$,$,.USERDEFINED.,$);
#2497=IFCPROPERTYSET('39$opY1AJq4yWDWLeK0Zlv',#18,'Pset_SpaceCommon',$,(#238,#271));
#2498=IFCPROPERTYSET('2U4TaeoPekptADiUNlSJou',#18,'Pset_SpaceHeaterTypeCommon',$,(#271));
#2499=IFCPROPERTYSINGLEVALUE('Afnemer',$,IFCTEXT('Gemeente'),$);
#2500=IFCPROPERTYSET('3OOpLDkvYan1bv8S2_C7gi',#18,'MiniGIM_ILS','',(#2499));
#2501=IFCRELDEFINESBYPROPERTIES('2tcnJksbXJlQcVwGoeoKII',#18,$,$,(#2496),#2497);
#2502=IFCRELDEFINESBYPROPERTIES('1yzXFptfSRY_HS5RTOeLwW',#18,$,$,(#2496),#2498);
#2503=IFCRELDEFINESBYPROPERTIES('00FRJpcmppso4KHzfjbEwn',#18,$,$,(#2496),#2500);
#2504=IFCQUANTITYAREA('GrossFloorArea','',$,124.637470828335,$);
#2505=IFCQUANTITYAREA('GrossCeilingArea','',$,124.637470828335,$);
#2506=IFCQUANTITYVOLUME('GrossVolume','',$,186.956206242503,$);
#2507=IFCQUANTITYVOLUME('NetVolume','',$,186.956206242503,$);
#2508=IFCELEMENTQUANTITY('2hPBO48YwAoyu6uJPaKCbJ',#18,'Qto_SpaceBaseQuantities',$,$,(#2504,#2505,#2506,#2507));
#2509=IFCRELDEFINESBYPROPERTIES('3Sk9BEM3vx_$scV5QyrLtM',#18,$,$,(#2496),#2508);
#2510=IFCAXIS2PLACEMENT3D(#3,$,$);
#2511=IFCLOCALPLACEMENT(#41,#2510);
#2512=IFCCARTESIANPOINTLIST2D(((-4.45714441695281,-1.24832288588067),(4.24944227549457,-1.24832288588067),(4.29094222472939,1.24829047861869),(-4.08324008327115,1.24835529314265),(-4.45714441695281,-1.24832288588067)));
#2513=IFCINDEXEDPOLYCURVE(#2512,$,.F.);
#2514=IFCARBITRARYCLOSEDPROFILEDEF(.AREA.,'Voetpad',#2513);
#2515=IFCCARTESIANPOINT((19.585505188418,18.8207516848247,-1.5));
#2516=IFCDIRECTION((0.985380634994952,0.17036726263266,0.));
#2517=IFCAXIS2PLACEMENT3D(#2515,#9,#2516);
#2518=IFCEXTRUDEDAREASOLID(#2514,#2517,#9,1.5);
#2519=IFCSTYLEDITEM(#2518,(#264),$);
#2520=IFCSHAPEREPRESENTATION(#24,'Body','SweptSolid',(#2518));
#2521=IFCPRODUCTDEFINITIONSHAPE($,$,(#2520));
#2522=IFCSPACE('0H1Bg6KOPBDf4zNTd_I9N4',#18,'{$this("Description")}',$,'Voetpad',#2511,#2521,$,$,.USERDEFINED.,$);
#2523=IFCPROPERTYSET('2GWdl_VauTaadCvPc6ahNY',#18,'Pset_SpaceCommon',$,(#238,#271));
#2524=IFCPROPERTYSET('0AodDgeaqKDcs$ej2vATNk',#18,'Pset_SpaceHeaterTypeCommon',$,(#271));
#2525=IFCPROPERTYSINGLEVALUE('Afnemer',$,IFCTEXT('Gemeente'),$);
#2526=IFCPROPERTYSET('05hzIMG3O8c0SrvwLxxViB',#18,'MiniGIM_ILS','',(#2525));
#2527=IFCRELDEFINESBYPROPERTIES('1v6tIW2Zmu29p1BtZsilga',#18,$,$,(#2522),#2523);
#2528=IFCRELDEFINESBYPROPERTIES('1p0r41QxYzYlBYW34zD0_y',#18,$,$,(#2522),#2524);
#2529=IFCRELDEFINESBYPROPERTIES('1qcfkKOY9aLqeLXPVGQNiz',#18,$,$,(#2522),#2526);
#2530=IFCQUANTITYAREA('GrossFloorArea','',$,21.3223215827579,$);
#2531=IFCQUANTITYAREA('GrossCeilingArea','',$,21.3223215827579,$);
#2532=IFCQUANTITYVOLUME('GrossVolume','',$,31.9834823741369,$);
#2533=IFCQUANTITYVOLUME('NetVolume','',$,31.9834823741369,$);
#2534=IFCELEMENTQUANTITY('100tJ7cAcAEHKRTQ0ucMxk',#18,'Qto_SpaceBaseQuantities',$,$,(#2530,#2531,#2532,#2533));
#2535=IFCRELDEFINESBYPROPERTIES('0lMkY_jA50fKnsbVTuZTox',#18,$,$,(#2522),#2534);
#2536=IFCAXIS2PLACEMENT3D(#3,$,$);
#2537=IFCLOCALPLACEMENT(#41,#2536);
#2538=IFCCARTESIANPOINTLIST2D(((-12.4830406410489,-2.99770565335892),(12.4809547428055,-2.99770565335892),(12.4828460014174,2.99215039309629),(-12.4807601031738,3.00326091362158),(-12.4830406410489,-2.99770565335892)));
#2539=IFCINDEXEDPOLYCURVE(#2538,$,.F.);
#2540=IFCARBITRARYCLOSEDPROFILEDEF(.AREA.,'Rijbaan parkeren',#2539);
#2541=IFCCARTESIANPOINT((62.4073462059385,146.763809797629,-1.5));
#2542=IFCDIRECTION((-0.99984669408963,-0.01750966356155,0.));
#2543=IFCAXIS2PLACEMENT3D(#2541,#9,#2542);
#2544=IFCEXTRUDEDAREASOLID(#2540,#2543,#9,1.5);
#2545=IFCSTYLEDITEM(#2544,(#230),$);
#2546=IFCSHAPEREPRESENTATION(#24,'Body','SweptSolid',(#2544));
#2547=IFCPRODUCTDEFINITIONSHAPE($,$,(#2546));
#2548=IFCSPACE('2aPms0xFnFnATLuhausseh',#18,'{$this("Description")}',$,'Rijbaan parkeren',#2537,#2547,$,$,.USERDEFINED.,$);
#2549=IFCSPACETYPE('2aPms0xFnFnATLuhaussef',#18,'Toposolid:Rijbaan parkeren',$,$,$,$,'1422842',$,.USERDEFINED.,$);
#2550=IFCPROPERTYSINGLEVALUE('Reference',$,IFCIDENTIFIER('Rijbaan parkeren'),$);
#2551=IFCPROPERTYSET('399eBirBk_7j74Kut4avwy',#18,'Pset_SpaceCommon',$,(#238,#2550));
#2552=IFCPROPERTYSET('1myLRN2agkyr8Rwj4iz72t',#18,'Pset_SpaceHeaterTypeCommon',$,(#2550));
#2553=IFCPROPERTYSINGLEVALUE('Afnemer',$,IFCTEXT('Gemeente'),$);
#2554=IFCPROPERTYSET('3IWG1opZ4RfY1BWCWBEfj$',#18,'MiniGIM_ILS','',(#2553));
#2555=IFCRELDEFINESBYPROPERTIES('0VxZT9tKdcrDdsXWHBpQPJ',#18,$,$,(#2548),#2551);
#2556=IFCRELDEFINESBYPROPERTIES('34Z1x76_NR9eJK4_kkcn21',#18,$,$,(#2548),#2552);
#2557=IFCRELDEFINESBYPROPERTIES('2mmgx7LhGmTZThAveHqo7W',#18,$,$,(#2548),#2554);
#2558=IFCQUANTITYAREA('GrossFloorArea','',$,149.668264828273,$);
#2559=IFCQUANTITYAREA('GrossCeilingArea','',$,149.668264828273,$);
#2560=IFCQUANTITYVOLUME('GrossVolume','',$,224.502397242409,$);
#2561=IFCQUANTITYVOLUME('NetVolume','',$,224.502397242409,$);
#2562=IFCELEMENTQUANTITY('0w1VFQndJsRRG3cRgplVtx',#18,'Qto_SpaceBaseQuantities',$,$,(#2558,#2559,#2560,#2561));
#2563=IFCRELDEFINESBYPROPERTIES('0hgSNY3VGqwJFpO3$vK0Zq',#18,$,$,(#2548),#2562);
#2564=IFCAXIS2PLACEMENT3D(#3,$,$);
#2565=IFCLOCALPLACEMENT(#41,#2564);
#2566=IFCCARTESIANPOINTLIST2D(((-2.87431387850666,-27.7295762356395),(3.11674877969029,-27.7295762356395),(2.85847311621871,27.7416139165734),(-3.10090801740235,27.7175385547055),(-2.87431387850666,-27.7295762356395)));
#2567=IFCINDEXEDPOLYCURVE(#2566,$,.F.);
#2568=IFCARBITRARYCLOSEDPROFILEDEF(.AREA.,'Rijbaan parkeren',#2567);
#2569=IFCCARTESIANPOINT((52.9215041625441,38.7760214536695,-1.5));
#2570=IFCDIRECTION((0.153966505984925,-0.988076067433471,0.));
#2571=IFCAXIS2PLACEMENT3D(#2569,#9,#2570);
#2572=IFCEXTRUDEDAREASOLID(#2568,#2571,#9,1.5);
#2573=IFCSTYLEDITEM(#2572,(#230),$);
#2574=IFCSHAPEREPRESENTATION(#24,'Body','SweptSolid',(#2572));
#2575=IFCPRODUCTDEFINITIONSHAPE($,$,(#2574));
#2576=IFCSPACE('2aPms0xFnFnATLuhaussdn',#18,'{$this("Description")}',$,'Rijbaan parkeren',#2565,#2575,$,$,.USERDEFINED.,$);
#2577=IFCPROPERTYSET('0y2kxrRaz50EjOhzGuIbR$',#18,'Pset_SpaceCommon',$,(#238,#2550));
#2578=IFCPROPERTYSET('1uTuzqjRCv9ktOAjJGI6gz',#18,'Pset_SpaceHeaterTypeCommon',$,(#2550));
#2579=IFCPROPERTYSINGLEVALUE('Afnemer',$,IFCTEXT('Gemeente'),$);
#2580=IFCPROPERTYSET('12TLiWZaKDp$yA$mmxdjOD',#18,'MiniGIM_ILS','',(#2579));
#2581=IFCRELDEFINESBYPROPERTIES('3BX6YXEVQrt3ALDSJlaGql',#18,$,$,(#2576),#2577);
#2582=IFCRELDEFINESBYPROPERTIES('0avhAOaONKK5qaOlSKc81X',#18,$,$,(#2576),#2578);
#2583=IFCRELDEFINESBYPROPERTIES('3G8y6OKQTEmYV_YmqBmEYs',#18,$,$,(#2576),#2580);
#2584=IFCQUANTITYAREA('GrossFloorArea','',$,331.383660528929,$);
#2585=IFCQUANTITYAREA('GrossCeilingArea','',$,331.383660528929,$);
#2586=IFCQUANTITYVOLUME('GrossVolume','',$,497.075490793394,$);
#2587=IFCQUANTITYVOLUME('NetVolume','',$,497.075490793394,$);
#2588=IFCELEMENTQUANTITY('1pzgEptibhZRMKb3ZTuScs',#18,'Qto_SpaceBaseQuantities',$,$,(#2584,#2585,#2586,#2587));
#2589=IFCRELDEFINESBYPROPERTIES('06MHkj89K2nEa1Df5asp05',#18,$,$,(#2576),#2588);
#2590=IFCAXIS2PLACEMENT3D(#3,$,$);
#2591=IFCLOCALPLACEMENT(#41,#2590);
#2592=IFCCARTESIANPOINTLIST2D(((1.38074351615683,-42.4476264869776),(7.36034288033109,-42.4476264869777),(7.25181827015802,8.67729979400194),(19.8082201684645,8.70672298490487),(19.7944187663119,14.2006042466915),(1.24449847232801,14.1559545146776),(-28.6191805304859,18.341068277305),(-29.4786739268183,12.1889694286987),(1.25781238355376,8.62463372767587),(1.38074351615683,-42.4476264869776)));
#2593=IFCINDEXEDPOLYCURVE(#2592,$,.F.);
#2594=IFCARBITRARYCLOSEDPROFILEDEF(.AREA.,'Rijbaan parkeren',#2593);
#2595=IFCCARTESIANPOINT((127.012364408556,54.9485835066302,-1.5));
#2596=IFCDIRECTION((0.155710158818014,-0.987802787220642,0.));
#2597=IFCAXIS2PLACEMENT3D(#2595,#9,#2596);
#2598=IFCEXTRUDEDAREASOLID(#2594,#2597,#9,1.5);
#2599=IFCSTYLEDITEM(#2598,(#230),$);
#2600=IFCSHAPEREPRESENTATION(#24,'Body','SweptSolid',(#2598));
#2601=IFCPRODUCTDEFINITIONSHAPE($,$,(#2600));
#2602=IFCSPACE('2aPms0xFnFnATLuhaussc9',#18,'{$this("Description")}',$,'Rijbaan parkeren',#2591,#2601,$,$,.USERDEFINED.,$);
#2603=IFCPROPERTYSET('17kYQKVp4boA5QOsbSagW9',#18,'Pset_SpaceCommon',$,(#238,#2550));
#2604=IFCPROPERTYSET('01YJF6UgxAn2Ap5zAX6ukQ',#18,'Pset_SpaceHeaterTypeCommon',$,(#2550));
#2605=IFCPROPERTYSINGLEVALUE('Afnemer',$,IFCTEXT('Gemeente'),$);
#2606=IFCPROPERTYSET('1vQqULExjaf7SgZlVvrukZ',#18,'MiniGIM_ILS','',(#2605));
#2607=IFCRELDEFINESBYPROPERTIES('2cXntmUECgCsve9EwnNB_w',#18,$,$,(#2602),#2603);
#2608=IFCRELDEFINESBYPROPERTIES('1yRUIQbUSFc$myRZYilLvx',#18,$,$,(#2602),#2604);
#2609=IFCRELDEFINESBYPROPERTIES('0imkRrfM7$BmYwZ3_ueMVE',#18,$,$,(#2602),#2606);
#2610=IFCQUANTITYAREA('GrossFloorArea','',$,586.581931970678,$);
#2611=IFCQUANTITYAREA('GrossCeilingArea','',$,586.581931970678,$);
#2612=IFCQUANTITYVOLUME('GrossVolume','',$,879.872897956017,$);
#2613=IFCQUANTITYVOLUME('NetVolume','',$,879.872897956018,$);
#2614=IFCELEMENTQUANTITY('2rag5ruuBGq3BYkP0paiga',#18,'Qto_SpaceBaseQuantities',$,$,(#2610,#2611,#2612,#2613));
#2615=IFCRELDEFINESBYPROPERTIES('23FECGfz5oSWg$pXOr$bo_',#18,$,$,(#2602),#2614);
#2616=IFCAXIS2PLACEMENT3D(#3,$,$);
#2617=IFCLOCALPLACEMENT(#41,#2616);
#2618=IFCCARTESIANPOINTLIST2D(((-2.72201418676986,-13.5645467838783),(-1.10125861123708,-13.5645467838783),(3.27856077050887,-13.4604117910483),(3.26467495607737,20.2947893280598),(-2.71996292857931,20.294716030745),(-2.72201418676986,-13.5645467838783)));
#2619=IFCINDEXEDPOLYCURVE(#2618,$,.F.);
#2620=IFCARBITRARYCLOSEDPROFILEDEF(.AREA.,'Rijbaan parkeren',#2619);
#2621=IFCCARTESIANPOINT((147.864825117302,89.474238824976,-1.5));
#2622=IFCDIRECTION((0.0171252343810066,-0.999853352420942,0.));
#2623=IFCAXIS2PLACEMENT3D(#2621,#9,#2622);
#2624=IFCEXTRUDEDAREASOLID(#2620,#2623,#9,1.5);
#2625=IFCSTYLEDITEM(#2624,(#230),$);
#2626=IFCSHAPEREPRESENTATION(#24,'Body','SweptSolid',(#2624));
#2627=IFCPRODUCTDEFINITIONSHAPE($,$,(#2626));
#2628=IFCSPACE('2aPms0xFnFnATLuhaussbd',#18,'{$this("Description")}',$,'Rijbaan parkeren',#2617,#2627,$,$,.USERDEFINED.,$);
#2629=IFCPROPERTYSET('0pIUHlWzwht42p43ylV5_y',#18,'Pset_SpaceCommon',$,(#238,#2550));
#2630=IFCPROPERTYSET('33KArf0QZB4cZB1bIb4cDX',#18,'Pset_SpaceHeaterTypeCommon',$,(#2550));
#2631=IFCPROPERTYSINGLEVALUE('Afnemer',$,IFCTEXT('Gemeente'),$);
#2632=IFCPROPERTYSET('0WhPVt1FwFERENTI5lv3JO',#18,'MiniGIM_ILS','',(#2631));
#2633=IFCRELDEFINESBYPROPERTIES('1MIxfn0lLATgs8y$Xiz_08',#18,$,$,(#2628),#2629);
#2634=IFCRELDEFINESBYPROPERTIES('3SsA7b_4fStfH$GmxDLaZk',#18,$,$,(#2628),#2630);
#2635=IFCRELDEFINESBYPROPERTIES('0wD6T9WD_MpES_zNmazs7S',#18,$,$,(#2628),#2632);
#2636=IFCQUANTITYAREA('GrossFloorArea','',$,202.67813235962,$);
#2637=IFCQUANTITYAREA('GrossCeilingArea','',$,202.678132359621,$);
#2638=IFCQUANTITYVOLUME('GrossVolume','',$,304.017198539431,$);
#2639=IFCQUANTITYVOLUME('NetVolume','',$,304.017198539431,$);
#2640=IFCELEMENTQUANTITY('3h83Es0aYCqsCx3DoX7D9x',#18,'Qto_SpaceBaseQuantities',$,$,(#2636,#2637,#2638,#2639));
#2641=IFCRELDEFINESBYPROPERTIES('1CwJgmDShiAnT2EtyyA_kw',#18,$,$,(#2628),#2640);
#2642=IFCAXIS2PLACEMENT3D(#3,$,$);
#2643=IFCLOCALPLACEMENT(#41,#2642);
#2644=IFCCARTESIANPOINTLIST2D(((-23.3032181364686,-3.21912308091771),(-18.3532668214935,-3.21912308091771),(-18.3532291503692,1.91499100907233),(-0.877344800626707,1.91002316239559),(-0.877206773870936,-3.21912308091773),(1.61960369620858,-3.21912308091775),(1.61946568856403,1.90931339735921),(24.0878777439957,1.90292633139292),(24.0880155797625,-3.21912308091778),(27.7691900258322,-3.21912308091778),(28.7302186963625,4.89737336854405),(-22.8591510541028,4.90433504666688),(-23.2909546937937,1.87577617007535),(-23.3032181364686,-3.21912308091771)));
#2645=IFCINDEXEDPOLYCURVE(#2644,$,.F.);
#2646=IFCARBITRARYCLOSEDPROFILEDEF(.AREA.,'Onverhard',#2645);
#2647=IFCCARTESIANPOINT((107.798757062329,53.8377414942886,-1.5));
#2648=IFCDIRECTION((0.987425131849109,0.158087346086805,0.));
#2649=IFCAXIS2PLACEMENT3D(#2647,#9,#2648);
#2650=IFCEXTRUDEDAREASOLID(#2646,#2649,#9,1.5);
#2651=IFCSTYLEDITEM(#2650,(#2255),$);
#2652=IFCSHAPEREPRESENTATION(#24,'Body','SweptSolid',(#2650));
#2653=IFCPRODUCTDEFINITIONSHAPE($,$,(#2652));
#2654=IFCSPACE('2aPms0xFnFnATLuhaussa7',#18,'{$this("Description")}',$,'Onverhard',#2643,#2653,$,$,.USERDEFINED.,$);
#2655=IFCPROPERTYSET('3wFTpdKJGfDEGmJf1ab17b',#18,'Pset_SpaceCommon',$,(#238,#2290));
#2656=IFCPROPERTYSET('1e6nGRytmb0TxmdAP$qt5n',#18,'Pset_SpaceHeaterTypeCommon',$,(#2290));
#2657=IFCPROPERTYSINGLEVALUE('Afnemer',$,IFCTEXT('Gemeente'),$);
#2658=IFCPROPERTYSET('2cZVmysBo$XYZno5JYeriy',#18,'MiniGIM_ILS','',(#2657));
#2659=IFCRELDEFINESBYPROPERTIES('3Zzu7QK8E7zvOact9lh6GY',#18,$,$,(#2654),#2655);
#2660=IFCRELDEFINESBYPROPERTIES('1zlL98hndTKJ8ULMRFuUlO',#18,$,$,(#2654),#2656);
#2661=IFCRELDEFINESBYPROPERTIES('2qE753SmQFUuUjRDrhtKrD',#18,$,$,(#2654),#2658);
#2662=IFCQUANTITYAREA('GrossFloorArea','',$,213.053230222933,$);
#2663=IFCQUANTITYAREA('GrossCeilingArea','',$,213.053230222932,$);
#2664=IFCQUANTITYVOLUME('GrossVolume','',$,319.579845334399,$);
#2665=IFCQUANTITYVOLUME('NetVolume','',$,319.579845334398,$);
#2666=IFCELEMENTQUANTITY('066CKOoTAmdLTCN4ANhdD4',#18,'Qto_SpaceBaseQuantities',$,$,(#2662,#2663,#2664,#2665));
#2667=IFCRELDEFINESBYPROPERTIES('3je7og1ptkUfp0wfgjkRtg',#18,$,$,(#2654),#2666);
#2668=IFCAXIS2PLACEMENT3D(#3,$,$);
#2669=IFCLOCALPLACEMENT(#41,#2668);
#2670=IFCCARTESIANPOINTLIST2D(((21.0121427340484,-3.06112506922951),(25.9757427745476,-3.06112506922951),(25.9929878556993,5.06287096434624),(-25.1510872908728,5.04870757051005),(-25.1492986907325,-3.06112506922948),(-21.4278105626933,-3.06112506922949),(-21.4294034522972,2.05776075763679),(-1.45770976306995,2.06343808531488),(-1.45629061129622,-3.0611250692295),(1.04080003515693,-3.0611250692295),(1.0392051580261,2.06414788010806),(21.0107218134835,2.06982515746099),(21.0121427340484,-3.06112506922951)));
#2671=IFCINDEXEDPOLYCURVE(#2670,$,.F.);
#2672=IFCARBITRARYCLOSEDPROFILEDEF(.AREA.,'Onverhard',#2671);
#2673=IFCCARTESIANPOINT((112.361894220697,42.1448652010235,-1.5));
#2674=IFCDIRECTION((-0.987470031233141,-0.157806645666207,0.));
#2675=IFCAXIS2PLACEMENT3D(#2673,#9,#2674);
#2676=IFCEXTRUDEDAREASOLID(#2672,#2675,#9,1.5);
#2677=IFCSTYLEDITEM(#2676,(#2255),$);
#2678=IFCSHAPEREPRESENTATION(#24,'Body','SweptSolid',(#2676));
#2679=IFCPRODUCTDEFINITIONSHAPE($,$,(#2678));
#2680=IFCSPACE('2aPms0xFnFnATLuhaussal',#18,'{$this("Description")}',$,'Onverhard',#2669,#2679,$,$,.USERDEFINED.,$);
#2681=IFCPROPERTYSET('2_PoFwdElMVrC7RL4Jv3UC',#18,'Pset_SpaceCommon',$,(#238,#2290));
#2682=IFCPROPERTYSET('0$gma7Ug5tTLG_lDA_IS0O',#18,'Pset_SpaceHeaterTypeCommon',$,(#2290));
#2683=IFCPROPERTYSINGLEVALUE('Afnemer',$,IFCTEXT('Gemeente'),$);
#2684=IFCPROPERTYSET('0CzKdc4nRmjmxJr6iLCrkc',#18,'MiniGIM_ILS','',(#2683));
#2685=IFCRELDEFINESBYPROPERTIES('0jdPzs0CZ3MIOYb7cjNMuY',#18,$,$,(#2680),#2681);
#2686=IFCRELDEFINESBYPROPERTIES('39VkgnQayomjF6nkFkz40C',#18,$,$,(#2680),#2682);
#2687=IFCRELDEFINESBYPROPERTIES('11LBtMOQpt_HJEEaj524EX',#18,$,$,(#2680),#2684);
#2688=IFCQUANTITYAREA('GrossFloorArea','',$,210.349978400449,$);
#2689=IFCQUANTITYAREA('GrossCeilingArea','',$,210.349978400448,$);
#2690=IFCQUANTITYVOLUME('GrossVolume','',$,315.524967600673,$);
#2691=IFCQUANTITYVOLUME('NetVolume','',$,315.524967600673,$);
#2692=IFCELEMENTQUANTITY('0Y4U0Zu3FAZagqKDJ5zHfW',#18,'Qto_SpaceBaseQuantities',$,$,(#2688,#2689,#2690,#2691));
#2693=IFCRELDEFINESBYPROPERTIES('1YpfJ$5dEGJIHm9WVQ26Y2',#18,$,$,(#2680),#2692);
#2694=IFCAXIS2PLACEMENT3D(#3,$,$);
#2695=IFCLOCALPLACEMENT(#41,#2694);
#2696=IFCCARTESIANPOINTLIST2D(((-3.05037203271595,-24.5495558966979),(5.07517033130955,-24.5495558966979),(5.06120432140374,25.8817657288049),(-3.0891134790272,25.8733822877214),(-3.08528253042924,20.887309160988),(2.06641603539376,20.8889122612066),(2.07209361496557,0.916332195328793),(-3.06993713947908,0.914908206238619),(-3.06802042161223,-1.57974689105909),(2.06741865861669,-1.57814885046159),(2.07309662496455,-21.5520914096123),(-3.05267398339017,-21.5535108957596),(-3.05037203271595,-24.5495558966979)));
#2697=IFCINDEXEDPOLYCURVE(#2696,$,.F.);
#2698=IFCARBITRARYCLOSEDPROFILEDEF(.AREA.,'Onverhard',#2697);
#2699=IFCCARTESIANPOINT((53.2394798351305,32.6926375122741,-1.5));
#2700=IFCDIRECTION((0.157806645669936,-0.987470031232545,0.));
#2701=IFCAXIS2PLACEMENT3D(#2699,#9,#2700);
#2702=IFCEXTRUDEDAREASOLID(#2698,#2701,#9,1.5);
#2703=IFCSTYLEDITEM(#2702,(#2255),$);
#2704=IFCSHAPEREPRESENTATION(#24,'Body','SweptSolid',(#2702));
#2705=IFCPRODUCTDEFINITIONSHAPE($,$,(#2704));
#2706=IFCSPACE('2aPms0xFnFnATLuhaussZj',#18,'{$this("Description")}',$,'Onverhard',#2695,#2705,$,$,.USERDEFINED.,$);
#2707=IFCPROPERTYSET('3MFR9OvUB7SxA_zhZnqHAO',#18,'Pset_SpaceCommon',$,(#238,#2290));
#2708=IFCPROPERTYSET('1uiE08AdfGQew9x$AXSnlt',#18,'Pset_SpaceHeaterTypeCommon',$,(#2290));
#2709=IFCPROPERTYSINGLEVALUE('Afnemer',$,IFCTEXT('Gemeente'),$);
#2710=IFCPROPERTYSET('38aFkPHDv8ViUaE7cmMSJr',#18,'MiniGIM_ILS','',(#2709));
#2711=IFCRELDEFINESBYPROPERTIES('1XxIZ3Q1m1_5fT$Y86RY4s',#18,$,$,(#2706),#2707);
#2712=IFCRELDEFINESBYPROPERTIES('0MPWOXFm6j1dLkrD85ti$q',#18,$,$,(#2706),#2708);
#2713=IFCRELDEFINESBYPROPERTIES('2iJtlL2LirO90BkOQmR_gg',#18,$,$,(#2706),#2710);
#2714=IFCQUANTITYAREA('GrossFloorArea','',$,205.098882121635,$);
#2715=IFCQUANTITYAREA('GrossCeilingArea','',$,205.098882121636,$);
#2716=IFCQUANTITYVOLUME('GrossVolume','',$,307.648323182453,$);
#2717=IFCQUANTITYVOLUME('NetVolume','',$,307.648323182453,$);
#2718=IFCELEMENTQUANTITY('3hh5WSIzxK1M3VQmKnm6oG',#18,'Qto_SpaceBaseQuantities',$,$,(#2714,#2715,#2716,#2717));
#2719=IFCRELDEFINESBYPROPERTIES('0OeBu43JHwE3Tn8HdhUpGm',#18,$,$,(#2706),#2718);
#2720=IFCAXIS2PLACEMENT3D(#3,$,$);
#2721=IFCLOCALPLACEMENT(#41,#2720);
#2722=IFCCARTESIANPOINTLIST2D(((-5.94859548648577,-4.15039590234359),(4.7829226994614,-4.15039590234357),(5.92913541765304,4.15039590236294),(-4.76346263062866,4.15039590232421),(-5.94859548648577,-4.15039590234359)));
#2723=IFCINDEXEDPOLYCURVE(#2722,$,.F.);
#2724=IFCARBITRARYCLOSEDPROFILEDEF(.AREA.,'Kunstwerk',#2723);
#2725=IFCCARTESIANPOINT((10.1559174530345,14.3144314317323,-0.3));
#2726=IFCDIRECTION((0.987264942330441,0.159084674451285,0.));
#2727=IFCAXIS2PLACEMENT3D(#2725,#9,#2726);
#2728=IFCEXTRUDEDAREASOLID(#2724,#2727,#9,0.3);
#2729=IFCCOLOURRGB($,0.843137254901961,0.843137254901961,0.843137254901961);
#2730=IFCSURFACESTYLERENDERING(#2729,0.,$,$,$,$,IFCNORMALISEDRATIOMEASURE(0.5),IFCSPECULAREXPONENT(64.),.NOTDEFINED.);
#2731=IFCSURFACESTYLE('beton_gewapend_ihw',.BOTH.,(#2730));
#2732=IFCSTYLEDITEM(#2728,(#2731),$);
#2733=IFCSHAPEREPRESENTATION(#24,'Body','SweptSolid',(#2728));
#2734=IFCPRODUCTDEFINITIONSHAPE($,$,(#2733));
#2735=IFCSPACE('3if00avHPF4vwxLi1G7Ac3',#18,'{$this("Description")}',$,'Kunstwerk',#2721,#2734,$,$,.USERDEFINED.,$);
#2736=IFCSPACETYPE('3if00avHPF4vwxLi1G7ATP',#18,'Toposolid:Kunstwerk',$,$,$,$,'1423358',$,.USERDEFINED.,$);
#2737=IFCMATERIAL('beton_gewapend_ihw',$,'Miscellaneous');
#2738=IFCPROPERTYSINGLEVALUE('Reference',$,IFCIDENTIFIER('Kunstwerk'),$);
#2739=IFCPROPERTYSET('2x1uDxpiIy2EXU0o4tbgxl',#18,'Pset_SpaceCommon',$,(#238,#2738));
#2740=IFCPROPERTYSET('0L5Y4Im5zdTgn2EYpmrJf4',#18,'Pset_SpaceHeaterTypeCommon',$,(#2738));
#2741=IFCPROPERTYSINGLEVALUE('Afnemer',$,IFCTEXT('Gemeente'),$);
#2742=IFCPROPERTYSET('3Be70tvr9i9SuILRMe46yW',#18,'MiniGIM_ILS','',(#2741));
#2743=IFCRELDEFINESBYPROPERTIES('3Ycf9AbFJ0tFzuIT1$eQNk',#18,$,$,(#2735),#2739);
#2744=IFCRELDEFINESBYPROPERTIES('02CXwa1oU7MIJ1pLZZrpym',#18,$,$,(#2735),#2740);
#2745=IFCRELDEFINESBYPROPERTIES('1Aw7XYjUqHGU2dnnil_n15',#18,$,$,(#2735),#2742);
#2746=IFCQUANTITYAREA('GrossFloorArea','',$,88.9185642298535,$);
#2747=IFCQUANTITYAREA('GrossCeilingArea','',$,88.9185642298536,$);
#2748=IFCQUANTITYVOLUME('GrossVolume','',$,26.675569268956,$);
#2749=IFCQUANTITYVOLUME('NetVolume','',$,26.675569268956,$);
#2750=IFCELEMENTQUANTITY('188zvrOfu7ONTi2SwLL8$W',#18,'Qto_SpaceBaseQuantities',$,$,(#2746,#2747,#2748,#2749));
#2751=IFCRELDEFINESBYPROPERTIES('1y$taa1l0qpao5Mrfr64_c',#18,$,$,(#2735),#2750);
#2752=IFCAXIS2PLACEMENT3D(#3,$,$);
#2753=IFCLOCALPLACEMENT(#41,#2752);
#2754=IFCCARTESIANPOINTLIST2D(((-4.80886775991339,-2.9955281772363),(4.90629709779557,-2.9955281772363),(4.77119721720684,2.9955281772363),(-4.86862655508902,2.9955281772363),(-4.80886775991339,-2.9955281772363)));
#2755=IFCINDEXEDPOLYCURVE(#2754,$,.F.);
#2756=IFCARBITRARYCLOSEDPROFILEDEF(.AREA.,'Kunstwerk',#2755);
#2757=IFCCARTESIANPOINT((8.2627664903684,119.033299896533,-0.3));
#2758=IFCAXIS2PLACEMENT3D(#2757,$,$);
#2759=IFCEXTRUDEDAREASOLID(#2756,#2758,#9,0.3);
#2760=IFCSTYLEDITEM(#2759,(#2731),$);
#2761=IFCSHAPEREPRESENTATION(#24,'Body','SweptSolid',(#2759));
#2762=IFCPRODUCTDEFINITIONSHAPE($,$,(#2761));
#2763=IFCSPACE('3if00avHPF4vwxLi1G7AcP',#18,'{$this("Description")}',$,'Kunstwerk',#2753,#2762,$,$,.USERDEFINED.,$);
#2764=IFCPROPERTYSET('1K6RCX4OEUDbrvNFSfyLSz',#18,'Pset_SpaceCommon',$,(#238,#2738));
#2765=IFCPROPERTYSET('0VH26pWjXyUc2EXp_rIAQN',#18,'Pset_SpaceHeaterTypeCommon',$,(#2738));
#2766=IFCPROPERTYSINGLEVALUE('Afnemer',$,IFCTEXT('Gemeente'),$);
#2767=IFCPROPERTYSET('3At40A6pS6n5beY2QwsI5b',#18,'MiniGIM_ILS','',(#2766));
#2768=IFCRELDEFINESBYPROPERTIES('2TPlN6$tugDvYhSB$43XlP',#18,$,$,(#2763),#2764);
#2769=IFCRELDEFINESBYPROPERTIES('099VpSxobjKe7uB7vpzv9R',#18,$,$,(#2763),#2765);
#2770=IFCRELDEFINESBYPROPERTIES('3zlnkxP5GZBVAfBbxDZVK$',#18,$,$,(#2763),#2767);
#2771=IFCQUANTITYAREA('GrossFloorArea','',$,57.9784138112676,$);
#2772=IFCQUANTITYAREA('GrossCeilingArea','',$,57.9784138112676,$);
#2773=IFCQUANTITYVOLUME('GrossVolume','',$,17.3935241433803,$);
#2774=IFCQUANTITYVOLUME('NetVolume','',$,17.3935241433803,$);
#2775=IFCELEMENTQUANTITY('3Futrh5vlnPk$fJGznmheQ',#18,'Qto_SpaceBaseQuantities',$,$,(#2771,#2772,#2773,#2774));
#2776=IFCRELDEFINESBYPROPERTIES('3fIZVJlyDwhql8qqKSl0ZB',#18,$,$,(#2763),#2775);
#2777=IFCAXIS2PLACEMENT3D(#3,$,$);
#2778=IFCLOCALPLACEMENT(#41,#2777);
#2779=IFCCARTESIANPOINTLIST2D(((-5.0829343839271,-4.84518943552562),(2.54341958103838,-4.84518943552562),(2.98217260040904,0.791960959721458),(3.42881320362052,4.44921251693637),(-3.8714710011409,4.44920539439345),(-5.0829343839271,-4.84518943552562)));
#2780=IFCINDEXEDPOLYCURVE(#2779,$,.F.);
#2781=IFCARBITRARYCLOSEDPROFILEDEF(.AREA.,'Kunstwerk',#2780);
#2782=IFCCARTESIANPOINT((185.829794391073,43.3257067514619,-0.3));
#2783=IFCDIRECTION((0.987264942330441,0.159084674451282,0.));
#2784=IFCAXIS2PLACEMENT3D(#2782,#9,#2783);
#2785=IFCEXTRUDEDAREASOLID(#2781,#2784,#9,0.3);
#2786=IFCSTYLEDITEM(#2785,(#2731),$);
#2787=IFCSHAPEREPRESENTATION(#24,'Body','SweptSolid',(#2785));
#2788=IFCPRODUCTDEFINITIONSHAPE($,$,(#2787));
#2789=IFCSPACE('3if00avHPF4vwxLi1G7Ad$',#18,'{$this("Description")}',$,'Kunstwerk',#2778,#2788,$,$,.USERDEFINED.,$);
#2790=IFCPROPERTYSET('3FFBc5T5MfopDAJ01cr6Cd',#18,'Pset_SpaceCommon',$,(#238,#2738));
#2791=IFCPROPERTYSET('3j89QfP2k9jwCEwqYfY4ad',#18,'Pset_SpaceHeaterTypeCommon',$,(#2738));
#2792=IFCPROPERTYSINGLEVALUE('Afnemer',$,IFCTEXT('Gemeente'),$);
#2793=IFCPROPERTYSET('0P3t_US0$6iWMkLSUXBNsZ',#18,'MiniGIM_ILS','',(#2792));
#2794=IFCRELDEFINESBYPROPERTIES('2OSSl9ZYPOeRmu6ntWY4mc',#18,$,$,(#2789),#2790);
#2795=IFCRELDEFINESBYPROPERTIES('2_fmc_pDRBjCUHcAVWo38$',#18,$,$,(#2789),#2791);
#2796=IFCRELDEFINESBYPROPERTIES('1a$bXWu31QLxZADkm7BI4h',#18,$,$,(#2789),#2793);
#2797=IFCQUANTITYAREA('GrossFloorArea','',$,68.9104821167575,$);
#2798=IFCQUANTITYAREA('GrossCeilingArea','',$,68.9104821167576,$);
#2799=IFCQUANTITYVOLUME('GrossVolume','',$,20.6731446350273,$);
#2800=IFCQUANTITYVOLUME('NetVolume','',$,20.6731446350273,$);
#2801=IFCELEMENTQUANTITY('3F2fJMtZUoZHZ8LeVQffqX',#18,'Qto_SpaceBaseQuantities',$,$,(#2797,#2798,#2799,#2800));
#2802=IFCRELDEFINESBYPROPERTIES('2kA349Hm5YQkQw1NbscVGh',#18,$,$,(#2789),#2801);
#2803=IFCAXIS2PLACEMENT3D(#3,$,$);
#2804=IFCLOCALPLACEMENT(#41,#2803);
#2805=IFCCARTESIANPOINTLIST2D(((-1.42360176049848,-24.7795593626274),(3.82495094295537,-24.7795593626274),(3.8251847983262,-21.779559362626),(-1.30415609782678,-21.7795593626192),(-1.29862503167146,-1.80685620323565),(3.82674171997725,-1.80668067128108),(3.82693617387794,0.687859864562028),(-1.29793416676952,0.687859864586354),(-1.29240310511276,20.6605467796701),(3.82849309425079,20.6607221585298),(3.82888565235056,25.6966308703445),(-0.673168019041649,25.6385029073699),(-4.3122460927085,26.0630666346722),(-11.3590581081089,-23.3634147547182),(-1.42360176049848,-24.7795593626274)));
#2806=IFCINDEXEDPOLYCURVE(#2805,$,.F.);
#2807=IFCARBITRARYCLOSEDPROFILEDEF(.AREA.,'Verhard',#2806);
#2808=IFCCARTESIANPOINT((51.4304472158859,45.4386143488507,-1.5));
#2809=IFCDIRECTION((0.158080100939532,-0.9874262917742,0.));
#2810=IFCAXIS2PLACEMENT3D(#2808,#9,#2809);
#2811=IFCEXTRUDEDAREASOLID(#2807,#2810,#9,1.5);
#2812=IFCSTYLEDITEM(#2811,(#264),$);
#2813=IFCSHAPEREPRESENTATION(#24,'Body','SweptSolid',(#2811));
#2814=IFCPRODUCTDEFINITIONSHAPE($,$,(#2813));
#2815=IFCSPACE('1OC$L9Den3iPSPf74M5Eth',#18,'{$this("Description")}',$,'Verhard',#2804,#2814,$,$,.USERDEFINED.,$);
#2816=IFCSPACETYPE('1OC$L9Den3iPSPf74M5Etj',#18,'Toposolid:Verhard',$,$,$,$,'1424012',$,.USERDEFINED.,$);
#2817=IFCPROPERTYSINGLEVALUE('Reference',$,IFCIDENTIFIER('Verhard'),$);
#2818=IFCPROPERTYSET('00DHv9uKLaeqqZJcuhrVUB',#18,'Pset_SpaceCommon',$,(#238,#2817));
#2819=IFCPROPERTYSET('0UZB$4XnIMX64DJ1tStbSq',#18,'Pset_SpaceHeaterTypeCommon',$,(#2817));
#2820=IFCPROPERTYSINGLEVALUE('Afnemer',$,IFCTEXT('Gemeente'),$);
#2821=IFCPROPERTYSET('2lUldsmZlP4mJ5ryasONlK',#18,'MiniGIM_ILS','',(#2820));
#2822=IFCRELDEFINESBYPROPERTIES('3ZgDMbvwUQMtLelXpXKXQr',#18,$,$,(#2815),#2818);
#2823=IFCRELDEFINESBYPROPERTIES('23h0OrluwNzHzE0gnP898b',#18,$,$,(#2815),#2819);
#2824=IFCRELDEFINESBYPROPERTIES('0kvI1Ec4MUTQMKESxwqCy1',#18,$,$,(#2815),#2821);
#2825=IFCQUANTITYAREA('GrossFloorArea','',$,383.632227238763,$);
#2826=IFCQUANTITYAREA('GrossCeilingArea','',$,383.632227238763,$);
#2827=IFCQUANTITYVOLUME('GrossVolume','',$,575.448340858144,$);
#2828=IFCQUANTITYVOLUME('NetVolume','',$,575.448340858144,$);
#2829=IFCELEMENTQUANTITY('346dlPCVc257rMH5r1lbS6',#18,'Qto_SpaceBaseQuantities',$,$,(#2825,#2826,#2827,#2828));
#2830=IFCRELDEFINESBYPROPERTIES('2BQDikdeSX$ud2otUD4Rlz',#18,$,$,(#2815),#2829);
#2831=IFCAXIS2PLACEMENT3D(#3,$,$);
#2832=IFCLOCALPLACEMENT(#41,#2831);
#2833=IFCCARTESIANPOINTLIST2D(((-4.56765771841871,6.32458342382727),(14.8626043445457,6.32458342382728),(13.4901880283753,15.9575939554085),(-9.60968996921694,12.6675381595429),(-9.60897861950905,-20.6371539140544),(-4.56646606577638,-20.6371450485515),(-4.56765771841871,6.32458342382727)));
#2834=IFCINDEXEDPOLYCURVE(#2833,$,.F.);
#2835=IFCARBITRARYCLOSEDPROFILEDEF(.AREA.,'Verhard',#2834);
#2836=IFCCARTESIANPOINT((159.080328122925,58.6338829519239,-1.5));
#2837=IFCDIRECTION((-0.999853508412011,-0.0171161244501296,0.));
#2838=IFCAXIS2PLACEMENT3D(#2836,#9,#2837);
#2839=IFCEXTRUDEDAREASOLID(#2835,#2838,#9,1.5);
#2840=IFCSTYLEDITEM(#2839,(#264),$);
#2841=IFCSHAPEREPRESENTATION(#24,'Body','SweptSolid',(#2839));
#2842=IFCPRODUCTDEFINITIONSHAPE($,$,(#2841));
#2843=IFCSPACE('1OC$L9Den3iPSPf74M5EnW',#18,'{$this("Description")}',$,'Verhard',#2832,#2842,$,$,.USERDEFINED.,$);
#2844=IFCPROPERTYSET('22qpr0a0$ROJzSo1ebUioS',#18,'Pset_SpaceCommon',$,(#238,#2817));
#2845=IFCPROPERTYSET('2z2CvUQTz33n6P$DRlmUkU',#18,'Pset_SpaceHeaterTypeCommon',$,(#2817));
#2846=IFCPROPERTYSINGLEVALUE('Afnemer',$,IFCTEXT('Gemeente'),$);
#2847=IFCPROPERTYSET('046Pqih4dotWNa8D4jL5Gr',#18,'MiniGIM_ILS','',(#2846));
#2848=IFCRELDEFINESBYPROPERTIES('3XdchcddDJw_pzaTyUfyUt',#18,$,$,(#2843),#2844);
#2849=IFCRELDEFINESBYPROPERTIES('1YZAdjN1AWzrW0hM93_p7h',#18,$,$,(#2843),#2845);
#2850=IFCRELDEFINESBYPROPERTIES('2eL84d9pD01rE8n6twwnOB',#18,$,$,(#2843),#2847);
#2851=IFCQUANTITYAREA('GrossFloorArea','',$,327.077820417365,$);
#2852=IFCQUANTITYAREA('GrossCeilingArea','',$,327.077820417365,$);
#2853=IFCQUANTITYVOLUME('GrossVolume','',$,490.616730626048,$);
#2854=IFCQUANTITYVOLUME('NetVolume','',$,490.616730626048,$);
#2855=IFCELEMENTQUANTITY('2aFckDQrbwWlc$FeFJzIHg',#18,'Qto_SpaceBaseQuantities',$,$,(#2851,#2852,#2853,#2854));
#2856=IFCRELDEFINESBYPROPERTIES('2MAqLRwuqMAMQOq9N4UiPG',#18,$,$,(#2843),#2855);
#2857=IFCAXIS2PLACEMENT3D(#3,$,$);
#2858=IFCLOCALPLACEMENT(#41,#2857);
#2859=IFCCARTESIANPOINTLIST2D(((-13.8141530611285,-2.99579710865247),(15.1948986446599,-2.99579710865247),(15.1950148881864,-0.499798427844413),(-1.01121019624722,-0.499485032698534),(-1.0115968237768,3.4952199947193),(-14.5529534516939,3.49565768312859),(-13.8141530611285,-2.99579710865247)));
#2860=IFCINDEXEDPOLYCURVE(#2859,$,.F.);
#2861=IFCARBITRARYCLOSEDPROFILEDEF(.AREA.,'Verhard',#2860);
#2862=IFCCARTESIANPOINT((76.6881780490293,216.764306882633,-1.5));
#2863=IFCDIRECTION((0.0171589736505068,-0.999852773973879,0.));
#2864=IFCAXIS2PLACEMENT3D(#2862,#9,#2863);
#2865=IFCEXTRUDEDAREASOLID(#2861,#2864,#9,1.5);
#2866=IFCSTYLEDITEM(#2865,(#264),$);
#2867=IFCSHAPEREPRESENTATION(#24,'Body','SweptSolid',(#2865));
#2868=IFCPRODUCTDEFINITIONSHAPE($,$,(#2867));
#2869=IFCSPACE('1OC$L9Den3iPSPf74M5En5',#18,'{$this("Description")}',$,'Verhard',#2858,#2868,$,$,.USERDEFINED.,$);
#2870=IFCPROPERTYSET('2UvwkwOUOECwX$gHwFZyaC',#18,'Pset_SpaceCommon',$,(#238,#2817));
#2871=IFCPROPERTYSET('3Iw7P4$zIBrNrYYYcypRpt',#18,'Pset_SpaceHeaterTypeCommon',$,(#2817));
#2872=IFCPROPERTYSINGLEVALUE('Afnemer',$,IFCTEXT('Gemeente'),$);
#2873=IFCPROPERTYSET('1VrWnauomRYWTGe5iirYZE',#18,'MiniGIM_ILS','',(#2872));
#2874=IFCRELDEFINESBYPROPERTIES('1nmMeRMQKT4r04wwGPG89D',#18,$,$,(#2869),#2870);
#2875=IFCRELDEFINESBYPROPERTIES('1JqYG8bmJlm1St15qHt4Ph',#18,$,$,(#2869),#2871);
#2876=IFCRELDEFINESBYPROPERTIES('0D9pw0P0aeiDF_aEj6sCTm',#18,$,$,(#2869),#2873);
#2877=IFCQUANTITYAREA('GrossFloorArea','',$,125.957044464691,$);
#2878=IFCQUANTITYAREA('GrossCeilingArea','',$,125.957044464691,$);
#2879=IFCQUANTITYVOLUME('GrossVolume','',$,188.935566697037,$);
#2880=IFCQUANTITYVOLUME('NetVolume','',$,188.935566697037,$);
#2881=IFCELEMENTQUANTITY('1eJYNddy0NyENJIieHjkAV',#18,'Qto_SpaceBaseQuantities',$,$,(#2877,#2878,#2879,#2880));
#2882=IFCRELDEFINESBYPROPERTIES('31jJtYMcswI45GMqNTyD9A',#18,$,$,(#2869),#2881);
#2883=IFCAXIS2PLACEMENT3D(#3,$,$);
#2884=IFCLOCALPLACEMENT(#41,#2883);
#2885=IFCCARTESIANPOINTLIST2D(((-14.2536174647029,-3.24528412687055),(14.1978364509727,-3.24528412687055),(14.19807295227,3.24508434519941),(-14.1422919385397,3.2454839085417),(-14.2536174647029,-3.24528412687055)));
#2886=IFCINDEXEDPOLYCURVE(#2885,$,.F.);
#2887=IFCARBITRARYCLOSEDPROFILEDEF(.AREA.,'Verhard',#2886);
#2888=IFCCARTESIANPOINT((20.5430656051445,214.806158600904,-1.5));
#2889=IFCDIRECTION((0.0171488420002224,-0.999852947796851,0.));
#2890=IFCAXIS2PLACEMENT3D(#2888,#9,#2889);
#2891=IFCEXTRUDEDAREASOLID(#2887,#2890,#9,1.5);
#2892=IFCSTYLEDITEM(#2891,(#264),$);
#2893=IFCSHAPEREPRESENTATION(#24,'Body','SweptSolid',(#2891));
#2894=IFCPRODUCTDEFINITIONSHAPE($,$,(#2893));
#2895=IFCSPACE('1OC$L9Den3iPSPf74M5Emc',#18,'{$this("Description")}',$,'Verhard',#2884,#2894,$,$,.USERDEFINED.,$);
#2896=IFCPROPERTYSET('1SL2rn$ZnOlp6Oa$vcUXpK',#18,'Pset_SpaceCommon',$,(#238,#2817));
#2897=IFCPROPERTYSET('2BISfhLS2gmli_lGvgGLSB',#18,'Pset_SpaceHeaterTypeCommon',$,(#2817));
#2898=IFCPROPERTYSINGLEVALUE('Afnemer',$,IFCTEXT('Gemeente'),$);
#2899=IFCPROPERTYSET('23iImlQcLfucFgT1D0bJ1M',#18,'MiniGIM_ILS','',(#2898));
#2900=IFCRELDEFINESBYPROPERTIES('3AxFkokUtzd2TLvfsSLv1q',#18,$,$,(#2895),#2896);
#2901=IFCRELDEFINESBYPROPERTIES('0bOWK$L1rPct3t4n09k0ZH',#18,$,$,(#2895),#2897);
#2902=IFCRELDEFINESBYPROPERTIES('0g5hFffUNY1VQQtbhgU1yh',#18,$,$,(#2895),#2899);
#2903=IFCQUANTITYAREA('GrossFloorArea','',$,184.305599252819,$);
#2904=IFCQUANTITYAREA('GrossCeilingArea','',$,184.305599252819,$);
#2905=IFCQUANTITYVOLUME('GrossVolume','',$,276.458398879229,$);
#2906=IFCQUANTITYVOLUME('NetVolume','',$,276.458398879229,$);
#2907=IFCELEMENTQUANTITY('17qPmFKRVT1lVQphxEM8ah',#18,'Qto_SpaceBaseQuantities',$,$,(#2903,#2904,#2905,#2906));
#2908=IFCRELDEFINESBYPROPERTIES('2NEYNQpECyK7mpZXiaIsbv',#18,$,$,(#2895),#2907);
#2909=IFCAXIS2PLACEMENT3D(#3,$,$);
#2910=IFCLOCALPLACEMENT(#41,#2909);
#2911=IFCCARTESIANPOINTLIST2D(((-2.51306973072065,-2.55882664876733),(2.51319655280342,-2.55882664876733),(2.51318347987311,2.56001277575636),(-2.51331030195588,2.55764052177827),(-2.51306973072065,-2.55882664876733)));
#2912=IFCINDEXEDPOLYCURVE(#2911,$,.F.);
#2913=IFCARBITRARYCLOSEDPROFILEDEF(.AREA.,'Verhard',#2912);
#2914=IFCCARTESIANPOINT((143.230015231159,83.5602011473236,-1.5));
#2915=IFCDIRECTION((0.999854388065219,0.0170646613422477,0.));
#2916=IFCAXIS2PLACEMENT3D(#2914,#9,#2915);
#2917=IFCEXTRUDEDAREASOLID(#2913,#2916,#9,1.5);
#2918=IFCSTYLEDITEM(#2917,(#264),$);
#2919=IFCSHAPEREPRESENTATION(#24,'Body','SweptSolid',(#2917));
#2920=IFCPRODUCTDEFINITIONSHAPE($,$,(#2919));
#2921=IFCSPACE('1OC$L9Den3iPSPf74M5Eo1',#18,'{$this("Description")}',$,'Verhard',#2910,#2920,$,$,.USERDEFINED.,$);
#2922=IFCPROPERTYSET('3AMDLNdSG0PlUSg$VpcT_K',#18,'Pset_SpaceCommon',$,(#238,#2817));
#2923=IFCPROPERTYSET('2pdnFhU5XoKuwg7GaQsHX_',#18,'Pset_SpaceHeaterTypeCommon',$,(#2817));
#2924=IFCPROPERTYSINGLEVALUE('Afnemer',$,IFCTEXT('Gemeente'),$);
#2925=IFCPROPERTYSET('29kXCdmI6QSFy_y1tkEoox',#18,'MiniGIM_ILS','',(#2924));
#2926=IFCRELDEFINESBYPROPERTIES('2aOzp5l$sE34bNcCel9Mu9',#18,$,$,(#2921),#2922);
#2927=IFCRELDEFINESBYPROPERTIES('3iZnXNo25PpGlNkYmD9Uxi',#18,$,$,(#2921),#2923);
#2928=IFCRELDEFINESBYPROPERTIES('0Wq2KX7TUWY8FEPVv3zWut',#18,$,$,(#2921),#2925);
#2929=IFCQUANTITYAREA('GrossFloorArea','',$,25.7232704993164,$);
#2930=IFCQUANTITYAREA('GrossCeilingArea','',$,25.7232704993164,$);
#2931=IFCQUANTITYVOLUME('GrossVolume','',$,38.5849057489747,$);
#2932=IFCQUANTITYVOLUME('NetVolume','',$,38.5849057489746,$);
#2933=IFCELEMENTQUANTITY('2M_czDFJet$eTqWTwXgKSi',#18,'Qto_SpaceBaseQuantities',$,$,(#2929,#2930,#2931,#2932));
#2934=IFCRELDEFINESBYPROPERTIES('0Dhr_DvWwtbSTxHmBdLtet',#18,$,$,(#2921),#2933);
#2935=IFCAXIS2PLACEMENT3D(#3,$,$);
#2936=IFCLOCALPLACEMENT(#41,#2935);
#2937=IFCCARTESIANPOINTLIST2D(((-3.76964995786547,-2.56384365754233),(3.76969550831926,-2.56384365754233),(3.76932193201581,2.56562259995521),(-3.76936748246956,2.56206471512949),(-3.76964995786547,-2.56384365754233)));
#2938=IFCINDEXEDPOLYCURVE(#2937,$,.F.);
#2939=IFCARBITRARYCLOSEDPROFILEDEF(.AREA.,'Verhard',#2938);
#2940=IFCCARTESIANPOINT((164.487554994483,83.9280244325893,-1.5));
#2941=IFCDIRECTION((0.999854388065219,0.0170646613422489,0.));
#2942=IFCAXIS2PLACEMENT3D(#2940,#9,#2941);
#2943=IFCEXTRUDEDAREASOLID(#2939,#2942,#9,1.5);
#2944=IFCSTYLEDITEM(#2943,(#264),$);
#2945=IFCSHAPEREPRESENTATION(#24,'Body','SweptSolid',(#2943));
#2946=IFCPRODUCTDEFINITIONSHAPE($,$,(#2945));
#2947=IFCSPACE('1OC$L9Den3iPSPf74M5EoO',#18,'{$this("Description")}',$,'Verhard',#2936,#2946,$,$,.USERDEFINED.,$);
#2948=IFCPROPERTYSET('2CSmrTdAszRS3GC7MZvjTK',#18,'Pset_SpaceCommon',$,(#238,#2817));
#2949=IFCPROPERTYSET('1NY$L8r9bZqVtETCirkB12',#18,'Pset_SpaceHeaterTypeCommon',$,(#2817));
#2950=IFCPROPERTYSINGLEVALUE('Afnemer',$,IFCTEXT('Gemeente'),$);
#2951=IFCPROPERTYSET('2yQpNLYtu74JvQRISKR1qj',#18,'MiniGIM_ILS','',(#2950));
#2952=IFCRELDEFINESBYPROPERTIES('1HHwY34pUVxBtE_RTiGmV9',#18,$,$,(#2947),#2948);
#2953=IFCRELDEFINESBYPROPERTIES('388XEYwS498RJ0OmU$Lscr',#18,$,$,(#2947),#2949);
#2954=IFCRELDEFINESBYPROPERTIES('0$J$9i9grPJ5lPpk69Gg8x',#18,$,$,(#2947),#2951);
#2955=IFCQUANTITYAREA('GrossFloorArea','',$,38.6577241780398,$);
#2956=IFCQUANTITYAREA('GrossCeilingArea','',$,38.6577241780398,$);
#2957=IFCQUANTITYVOLUME('GrossVolume','',$,57.9865862670597,$);
#2958=IFCQUANTITYVOLUME('NetVolume','',$,57.9865862670597,$);
#2959=IFCELEMENTQUANTITY('1nP41wR$K91OBZr14L_Xh1',#18,'Qto_SpaceBaseQuantities',$,$,(#2955,#2956,#2957,#2958));
#2960=IFCRELDEFINESBYPROPERTIES('1c3lDo3xm3diiANw0Ab5ob',#18,$,$,(#2947),#2959);
#2961=IFCAXIS2PLACEMENT3D(#3,$,$);
#2962=IFCLOCALPLACEMENT(#41,#2961);
#2963=IFCCARTESIANPOINTLIST2D(((-15.5826804454083,0.848289202320376),(-15.5824457166274,-4.19400924095196),(10.3535891626484,-4.19300371767063),(10.3527478584078,3.3456443313455),(5.22931106234401,3.3447902226362),(5.2294780786355,0.848289202320376),(-15.5826804454083,0.848289202320376)));
#2964=IFCINDEXEDPOLYCURVE(#2963,$,.F.);
#2965=IFCARBITRARYCLOSEDPROFILEDEF(.AREA.,'Verhard',#2964);
#2966=IFCCARTESIANPOINT((163.739764047638,102.821396366861,-1.5));
#2967=IFCDIRECTION((0.0171762438070194,-0.999852477442889,0.));
#2968=IFCAXIS2PLACEMENT3D(#2966,#10,#2967);
#2969=IFCEXTRUDEDAREASOLID(#2965,#2968,#10,1.5);
#2970=IFCSTYLEDITEM(#2969,(#264),$);
#2971=IFCSHAPEREPRESENTATION(#24,'Body','SweptSolid',(#2969));
#2972=IFCPRODUCTDEFINITIONSHAPE($,$,(#2971));
#2973=IFCSPACE('1OC$L9Den3iPSPf74M5Ejp',#18,'{$this("Description")}',$,'Verhard',#2962,#2972,$,$,.USERDEFINED.,$);
#2974=IFCPROPERTYSET('1wNTTY$RDnqqs692PKzI6a',#18,'Pset_SpaceCommon',$,(#238,#2817));
#2975=IFCPROPERTYSET('0_AtmR9j0IH0KzE5bECDVS',#18,'Pset_SpaceHeaterTypeCommon',$,(#2817));
#2976=IFCPROPERTYSINGLEVALUE('Afnemer',$,IFCTEXT('Gemeente'),$);
#2977=IFCPROPERTYSET('3zkmFhhsrMa$O2wEseUOqv',#18,'MiniGIM_ILS','',(#2976));
#2978=IFCRELDEFINESBYPROPERTIES('1n_DKqXnqVvT$38lnDpSEM',#18,$,$,(#2973),#2974);
#2979=IFCRELDEFINESBYPROPERTIES('38e9GU5oOxfg5jHCF51yF_',#18,$,$,(#2973),#2975);
#2980=IFCRELDEFINESBYPROPERTIES('3wvcQRoncQxOTMaP6HPyI2',#18,$,$,(#2973),#2977);
#2981=IFCQUANTITYAREA('GrossFloorArea','',$,143.556355023159,$);
#2982=IFCQUANTITYAREA('GrossCeilingArea','',$,143.556355023159,$);
#2983=IFCQUANTITYVOLUME('GrossVolume','',$,215.334532534738,$);
#2984=IFCQUANTITYVOLUME('NetVolume','',$,215.334532534738,$);
#2985=IFCELEMENTQUANTITY('1BBlE4CAnKVKb2TdWtO_bW',#18,'Qto_SpaceBaseQuantities',$,$,(#2981,#2982,#2983,#2984));
#2986=IFCRELDEFINESBYPROPERTIES('0gGsYPonC0z3YMBoySzNRi',#18,$,$,(#2973),#2985);
#2987=IFCAXIS2PLACEMENT3D(#3,$,$);
#2988=IFCLOCALPLACEMENT(#41,#2987);
#2989=IFCCARTESIANPOINTLIST2D(((-36.0790271557591,-1.24744306704861),(36.0790886868842,-1.24744306704861),(36.0789961389491,1.24828818608301),(-36.0790576700742,1.2465979480142),(-36.0790271557591,-1.24744306704861)));
#2990=IFCINDEXEDPOLYCURVE(#2989,$,.F.);
#2991=IFCARBITRARYCLOSEDPROFILEDEF(.AREA.,'Voetpad',#2990);
#2992=IFCCARTESIANPOINT((75.9297909960657,158.979104318993,-1.5));
#2993=IFCDIRECTION((-0.0171089046650688,0.999853631978782,0.));
#2994=IFCAXIS2PLACEMENT3D(#2992,#9,#2993);
#2995=IFCEXTRUDEDAREASOLID(#2991,#2994,#9,1.5);
#2996=IFCSTYLEDITEM(#2995,(#264),$);
#2997=IFCSHAPEREPRESENTATION(#24,'Body','SweptSolid',(#2995));
#2998=IFCPRODUCTDEFINITIONSHAPE($,$,(#2997));
#2999=IFCSPACE('1OC$L9Den3iPSPf74M5EjK',#18,'{$this("Description")}',$,'Voetpad',#2988,#2998,$,$,.USERDEFINED.,$);
#3000=IFCPROPERTYSET('2aSna3oOi2$jc85um8To31',#18,'Pset_SpaceCommon',$,(#238,#271));
#3001=IFCPROPERTYSET('1QL5WqyGVso5uhdAWMZ965',#18,'Pset_SpaceHeaterTypeCommon',$,(#271));
#3002=IFCPROPERTYSINGLEVALUE('Afnemer',$,IFCTEXT('Gemeente'),$);
#3003=IFCPROPERTYSET('0cWzoMa2h1TKF9bcRAHg5G',#18,'MiniGIM_ILS','',(#3002));
#3004=IFCRELDEFINESBYPROPERTIES('0_1y6sqK2i$M6VjNihyjda',#18,$,$,(#2999),#3000);
#3005=IFCRELDEFINESBYPROPERTIES('2XLVtiAYCCcFbqqhFH0GPT',#18,$,$,(#2999),#3001);
#3006=IFCRELDEFINESBYPROPERTIES('1JRFs4Azp8nY_ZQsSu2lHk',#18,$,$,(#2999),#3003);
#3007=IFCQUANTITYAREA('GrossFloorArea','',$,180.026205346983,$);
#3008=IFCQUANTITYAREA('GrossCeilingArea','',$,180.026205346983,$);
#3009=IFCQUANTITYVOLUME('GrossVolume','',$,270.039308020475,$);
#3010=IFCQUANTITYVOLUME('NetVolume','',$,270.039308020474,$);
#3011=IFCELEMENTQUANTITY('007XdACfnTijt0oWFIu27y',#18,'Qto_SpaceBaseQuantities',$,$,(#3007,#3008,#3009,#3010));
#3012=IFCRELDEFINESBYPROPERTIES('1GGVASIAj89FgDSiSRbxEb',#18,$,$,(#2999),#3011);
#3013=IFCAXIS2PLACEMENT3D(#3,$,$);
#3014=IFCLOCALPLACEMENT(#41,#3013);
#3015=IFCCARTESIANPOINTLIST2D(((-36.0784004753382,-1.24718226718577),(36.0783507442,-1.24718226718577),(36.0784314154941,1.24470933533616),(-36.0783816843559,1.24965519903538),(-36.0784004753382,-1.24718226718577)));
#3016=IFCINDEXEDPOLYCURVE(#3015,$,.F.);
#3017=IFCARBITRARYCLOSEDPROFILEDEF(.AREA.,'Voetpad',#3016);
#3018=IFCCARTESIANPOINT((23.5127092991241,158.080881268542,-1.5));
#3019=IFCDIRECTION((0.0171535065244034,-0.999852867783014,0.));
#3020=IFCAXIS2PLACEMENT3D(#3018,#9,#3019);
#3021=IFCEXTRUDEDAREASOLID(#3017,#3020,#9,1.5);
#3022=IFCSTYLEDITEM(#3021,(#264),$);
#3023=IFCSHAPEREPRESENTATION(#24,'Body','SweptSolid',(#3021));
#3024=IFCPRODUCTDEFINITIONSHAPE($,$,(#3023));
#3025=IFCSPACE('1OC$L9Den3iPSPf74M5Eil',#18,'{$this("Description")}',$,'Voetpad',#3014,#3024,$,$,.USERDEFINED.,$);
#3026=IFCPROPERTYSET('2fQn9vISvmEgXifHPAkdp2',#18,'Pset_SpaceCommon',$,(#238,#271));
#3027=IFCPROPERTYSET('3w3DKp00Cjt2nf2SqhRjX$',#18,'Pset_SpaceHeaterTypeCommon',$,(#271));
#3028=IFCPROPERTYSINGLEVALUE('Afnemer',$,IFCTEXT('Gemeente'),$);
#3029=IFCPROPERTYSET('0jScpZWbABqnbPg3USoBb$',#18,'MiniGIM_ILS','',(#3028));
#3030=IFCRELDEFINESBYPROPERTIES('0kQ1ZqDTMB136_N09mfcaZ',#18,$,$,(#3025),#3026);
#3031=IFCRELDEFINESBYPROPERTIES('1iPeLZsB1zJSYJcnUXHbmI',#18,$,$,(#3025),#3027);
#3032=IFCRELDEFINESBYPROPERTIES('17zmpCRLij5phad6YMjuNN',#18,$,$,(#3025),#3029);
#3033=IFCQUANTITYAREA('GrossFloorArea','',$,179.985318456495,$);
#3034=IFCQUANTITYAREA('GrossCeilingArea','',$,179.985318456495,$);
#3035=IFCQUANTITYVOLUME('GrossVolume','',$,269.977977684743,$);
#3036=IFCQUANTITYVOLUME('NetVolume','',$,269.977977684743,$);
#3037=IFCELEMENTQUANTITY('30crkhvt8B48j8b0pRlMSb',#18,'Qto_SpaceBaseQuantities',$,$,(#3033,#3034,#3035,#3036));
#3038=IFCRELDEFINESBYPROPERTIES('3BGTQ$S5Ll1F$mMgF3KGgd',#18,$,$,(#3025),#3037);
#3039=IFCAXIS2PLACEMENT3D(#3,$,$);
#3040=IFCLOCALPLACEMENT(#41,#3039);
#3041=IFCCARTESIANPOINTLIST2D(((-9.98810156639821,-2.56530224457164),(9.98566833386435,-2.56530224457164),(9.98818712931049,2.5604679414671),(-9.98575389677663,2.57013654767617),(-9.98810156639821,-2.56530224457164)));
#3042=IFCINDEXEDPOLYCURVE(#3041,$,.F.);
#3043=IFCARBITRARYCLOSEDPROFILEDEF(.AREA.,'Parkeervak',#3042);
#3044=IFCCARTESIANPOINT((41.7404040135633,31.3563075360586,-1.5));
#3045=IFCDIRECTION((-0.987348492252082,-0.158565301524451,0.));
#3046=IFCAXIS2PLACEMENT3D(#3044,#9,#3045);
#3047=IFCEXTRUDEDAREASOLID(#3043,#3046,#9,1.5);
#3048=IFCCOLOURRGB($,0.27843137254902,0.172549019607843,0.172549019607843);
#3049=IFCSURFACESTYLERENDERING(#3048,0.,$,$,$,$,IFCNORMALISEDRATIOMEASURE(0.5),IFCSPECULAREXPONENT(64.),.NOTDEFINED.);
#3050=IFCSURFACESTYLE('steenachtig_ntb_klinker',.BOTH.,(#3049));
#3051=IFCSTYLEDITEM(#3047,(#3050),$);
#3052=IFCSHAPEREPRESENTATION(#24,'Body','SweptSolid',(#3047));
#3053=IFCPRODUCTDEFINITIONSHAPE($,$,(#3052));
#3054=IFCSPACE('1OC$L9Den3iPSPf74M5Ekf',#18,'{$this("Description")}',$,'Parkeervak',#3040,#3053,$,$,.USERDEFINED.,$);
#3055=IFCSPACETYPE('1OC$L9Den3iPSPf74M5EiM',#18,'Toposolid:Parkeervak',$,$,$,$,'1424503',$,.USERDEFINED.,$);
#3056=IFCMATERIAL('steenachtig_ntb_klinker',$,'Miscellaneous');
#3057=IFCPROPERTYSINGLEVALUE('Reference',$,IFCIDENTIFIER('Parkeervak'),$);
#3058=IFCPROPERTYSET('0VqpGjzr74QbA9x$ZtIXIi',#18,'Pset_SpaceCommon',$,(#238,#3057));
#3059=IFCPROPERTYSET('1h3u3i9r$GXuTFgI_tBoIF',#18,'Pset_SpaceHeaterTypeCommon',$,(#3057));
#3060=IFCPROPERTYSINGLEVALUE('Afnemer',$,IFCTEXT('Gemeente'),$);
#3061=IFCPROPERTYSET('1bR1gg$kr$R77M6dYKMYRx',#18,'MiniGIM_ILS','',(#3060));
#3062=IFCRELDEFINESBYPROPERTIES('2JkVfg_dTbkW3c5ufho1kM',#18,$,$,(#3054),#3058);
#3063=IFCRELDEFINESBYPROPERTIES('1YKO8HyNVFxEnV7pf6DcNR',#18,$,$,(#3054),#3059);
#3064=IFCRELDEFINESBYPROPERTIES('3LDGxEhrFKqgXa5kdMmETE',#18,$,$,(#3054),#3061);
#3065=IFCQUANTITYAREA('GrossFloorArea','',$,102.477964267847,$);
#3066=IFCQUANTITYAREA('GrossCeilingArea','',$,102.477964267847,$);
#3067=IFCQUANTITYVOLUME('GrossVolume','',$,153.716946401771,$);
#3068=IFCQUANTITYVOLUME('NetVolume','',$,153.716946401771,$);
#3069=IFCELEMENTQUANTITY('1dfHZCAQ4uYuzIQYT6MdAT',#18,'Qto_SpaceBaseQuantities',$,$,(#3065,#3066,#3067,#3068));
#3070=IFCRELDEFINESBYPROPERTIES('37sbwzAil5wELPdHP9VW1A',#18,$,$,(#3054),#3069);
#3071=IFCAXIS2PLACEMENT3D(#3,$,$);
#3072=IFCLOCALPLACEMENT(#41,#3071);
#3073=IFCCARTESIANPOINTLIST2D(((-2.56852523682209,-9.98624632770903),(2.57350571479611,-9.98624632770902),(2.57335916712663,9.98633454461024),(-2.57833964510065,9.9861581108078),(-2.56852523682209,-9.98624632770903)));
#3074=IFCINDEXEDPOLYCURVE(#3073,$,.F.);
#3075=IFCARBITRARYCLOSEDPROFILEDEF(.AREA.,'Parkeervak',#3074);
#3076=IFCCARTESIANPOINT((63.9251826965326,34.9108845079187,-1.5));
#3077=IFCDIRECTION((0.15808010093485,-0.98742629177495,0.));
#3078=IFCAXIS2PLACEMENT3D(#3076,#9,#3077);
#3079=IFCEXTRUDEDAREASOLID(#3075,#3078,#9,1.5);
#3080=IFCSTYLEDITEM(#3079,(#3050),$);
#3081=IFCSHAPEREPRESENTATION(#24,'Body','SweptSolid',(#3079));
#3082=IFCPRODUCTDEFINITIONSHAPE($,$,(#3081));
#3083=IFCSPACE('1OC$L9Den3iPSPf74M5Ek0',#18,'{$this("Description")}',$,'Parkeervak',#3072,#3082,$,$,.USERDEFINED.,$);
#3084=IFCPROPERTYSET('2_HAMENKeIRXL$pSIj$oDx',#18,'Pset_SpaceCommon',$,(#238,#3057));
#3085=IFCPROPERTYSET('1eGqisSUQFiVVDuB814$IY',#18,'Pset_SpaceHeaterTypeCommon',$,(#3057));
#3086=IFCPROPERTYSINGLEVALUE('Afnemer',$,IFCTEXT('Gemeente'),$);
#3087=IFCPROPERTYSET('2WLSaFY4W9Fhu4L_X_wD9N',#18,'MiniGIM_ILS','',(#3086));
#3088=IFCRELDEFINESBYPROPERTIES('0lQexwETED7GFcm6lkzoem',#18,$,$,(#3083),#3084);
#3089=IFCRELDEFINESBYPROPERTIES('1xoCr72vtLbFPnF$YULBdR',#18,$,$,(#3083),#3085);
#3090=IFCRELDEFINESBYPROPERTIES('3wNyJWukgSIIom$4dCY_WC',#18,$,$,(#3083),#3087);
#3091=IFCQUANTITYAREA('GrossFloorArea','',$,102.795721491993,$);
#3092=IFCQUANTITYAREA('GrossCeilingArea','',$,102.795721491993,$);
#3093=IFCQUANTITYVOLUME('GrossVolume','',$,154.19358223799,$);
#3094=IFCQUANTITYVOLUME('NetVolume','',$,154.19358223799,$);
#3095=IFCELEMENTQUANTITY('2Mumy26LwHW7ECwPUZ6i6$',#18,'Qto_SpaceBaseQuantities',$,$,(#3091,#3092,#3093,#3094));
#3096=IFCRELDEFINESBYPROPERTIES('1Zgoh19Y8Vd_aSqQQKe6Jh',#18,$,$,(#3083),#3095);
#3097=IFCAXIS2PLACEMENT3D(#3,$,$);
#3098=IFCLOCALPLACEMENT(#41,#3097);
#3099=IFCCARTESIANPOINTLIST2D(((-9.98618766365583,-2.5614416238027),(9.98667469099434,-2.5614416238027),(9.98610012910979,2.55945454633124),(-9.9865871564483,2.56342870127417),(-9.98618766365583,-2.5614416238027)));
#3100=IFCINDEXEDPOLYCURVE(#3099,$,.F.);
#3101=IFCARBITRARYCLOSEDPROFILEDEF(.AREA.,'Parkeervak',#3100);
#3102=IFCCARTESIANPOINT((62.1706520768257,45.8756491666006,-1.5));
#3103=IFCDIRECTION((0.987438611401,0.158003128812266,0.));
#3104=IFCAXIS2PLACEMENT3D(#3102,#9,#3103);
#3105=IFCEXTRUDEDAREASOLID(#3101,#3104,#9,1.5);
#3106=IFCSTYLEDITEM(#3105,(#3050),$);
#3107=IFCSHAPEREPRESENTATION(#24,'Body','SweptSolid',(#3105));
#3108=IFCPRODUCTDEFINITIONSHAPE($,$,(#3107));
#3109=IFCSPACE('1OC$L9Den3iPSPf74M5EkR',#18,'{$this("Description")}',$,'Parkeervak',#3098,#3108,$,$,.USERDEFINED.,$);
#3110=IFCPROPERTYSET('3XtY6cW5A69oIhFfgruskd',#18,'Pset_SpaceCommon',$,(#238,#3057));
#3111=IFCPROPERTYSET('15VTL65xkYS9UG3q5hnJmy',#18,'Pset_SpaceHeaterTypeCommon',$,(#3057));
#3112=IFCPROPERTYSINGLEVALUE('Afnemer',$,IFCTEXT('Gemeente'),$);
#3113=IFCPROPERTYSET('3tOCM3C96kVkpMypvEPJtY',#18,'MiniGIM_ILS','',(#3112));
#3114=IFCRELDEFINESBYPROPERTIES('3yTVke6dBXiMatf4EBBQTx',#18,$,$,(#3109),#3110);
#3115=IFCRELDEFINESBYPROPERTIES('2xetDN8Th43C1i7oVyjuC0',#18,$,$,(#3109),#3111);
#3116=IFCRELDEFINESBYPROPERTIES('1NnUeXzDAe$ZXC9_ewq1an',#18,$,$,(#3109),#3113);
#3117=IFCQUANTITYAREA('GrossFloorArea','',$,102.318192566345,$);
#3118=IFCQUANTITYAREA('GrossCeilingArea','',$,102.318192566345,$);
#3119=IFCQUANTITYVOLUME('GrossVolume','',$,153.477288849518,$);
#3120=IFCQUANTITYVOLUME('NetVolume','',$,153.477288849518,$);
#3121=IFCELEMENTQUANTITY('3iWYtWrIrkadJ7Hz8VI5bJ',#18,'Qto_SpaceBaseQuantities',$,$,(#3117,#3118,#3119,#3120));
#3122=IFCRELDEFINESBYPROPERTIES('1FIKFuEnRUx1zQgg0s7p$2',#18,$,$,(#3109),#3121);
#3123=IFCAXIS2PLACEMENT3D(#3,$,$);
#3124=IFCLOCALPLACEMENT(#41,#3123);
#3125=IFCCARTESIANPOINTLIST2D(((-2.56644244501481,-9.98639546268211),(2.56289845113818,-9.98639546268211),(2.56445537276269,9.98648322866281),(-2.56091137888602,9.98630769670143),(-2.56644244501481,-9.98639546268211)));
#3126=IFCINDEXEDPOLYCURVE(#3125,$,.F.);
#3127=IFCARBITRARYCLOSEDPROFILEDEF(.AREA.,'Parkeervak',#3126);
#3128=IFCCARTESIANPOINT((39.9851094710625,42.3279350821775,-1.5));
#3129=IFCDIRECTION((0.158080100938221,-0.98742629177441,0.));
#3130=IFCAXIS2PLACEMENT3D(#3128,#9,#3129);
#3131=IFCEXTRUDEDAREASOLID(#3127,#3130,#9,1.5);
#3132=IFCSTYLEDITEM(#3131,(#3050),$);
#3133=IFCSHAPEREPRESENTATION(#24,'Body','SweptSolid',(#3131));
#3134=IFCPRODUCTDEFINITIONSHAPE($,$,(#3133));
#3135=IFCSPACE('1OC$L9Den3iPSPf74M5Efo',#18,'{$this("Description")}',$,'Parkeervak',#3124,#3134,$,$,.USERDEFINED.,$);
#3136=IFCPROPERTYSET('2QFKxdlaCg1_N7VIMlBj2z',#18,'Pset_SpaceCommon',$,(#238,#3057));
#3137=IFCPROPERTYSET('0JyzTsvLUWbPfpOMcwu1TL',#18,'Pset_SpaceHeaterTypeCommon',$,(#3057));
#3138=IFCPROPERTYSINGLEVALUE('Afnemer',$,IFCTEXT('Gemeente'),$);
#3139=IFCPROPERTYSET('2yS50PxTu385B9pUcrJKdB',#18,'MiniGIM_ILS','',(#3138));
#3140=IFCRELDEFINESBYPROPERTIES('0Q3KSMq4_8vF2KkvYKw_Nj',#18,$,$,(#3135),#3136);
#3141=IFCRELDEFINESBYPROPERTIES('1NYWk40$cGblE_HChLk99M',#18,$,$,(#3135),#3137);
#3142=IFCRELDEFINESBYPROPERTIES('0uDQSvxjJScOid1psYHd3Z',#18,$,$,(#3135),#3139);
#3143=IFCQUANTITYAREA('GrossFloorArea','',$,102.407565614096,$);
#3144=IFCQUANTITYAREA('GrossCeilingArea','',$,102.407565614096,$);
#3145=IFCQUANTITYVOLUME('GrossVolume','',$,153.611348421145,$);
#3146=IFCQUANTITYVOLUME('NetVolume','',$,153.611348421145,$);
#3147=IFCELEMENTQUANTITY('2VMBY5EnK9H5jjof1qhDWx',#18,'Qto_SpaceBaseQuantities',$,$,(#3143,#3144,#3145,#3146));
#3148=IFCRELDEFINESBYPROPERTIES('298J1OJkp3zk2TeMFVCKD$',#18,$,$,(#3135),#3147);
#3149=IFCAXIS2PLACEMENT3D(#3,$,$);
#3150=IFCLOCALPLACEMENT(#41,#3149);
#3151=IFCCARTESIANPOINTLIST2D(((-27.7635408775967,-1.00035845767251),(27.759219041678,-1.00035845767251),(27.759491563124,0.996669798857365),(-27.7551697272053,1.00404711648765),(-27.7635408775967,-1.00035845767251)));
#3152=IFCINDEXEDPOLYCURVE(#3151,$,.F.);
#3153=IFCARBITRARYCLOSEDPROFILEDEF(.AREA.,'Parkeervak',#3152);
#3154=IFCCARTESIANPOINT((55.2015756308268,24.3356121318383,-1.5));
#3155=IFCDIRECTION((0.987424434138977,0.158091703973744,0.));
#3156=IFCAXIS2PLACEMENT3D(#3154,#9,#3155);
#3157=IFCEXTRUDEDAREASOLID(#3153,#3156,#9,1.5);
#3158=IFCSTYLEDITEM(#3157,(#3050),$);
#3159=IFCSHAPEREPRESENTATION(#24,'Body','SweptSolid',(#3157));
#3160=IFCPRODUCTDEFINITIONSHAPE($,$,(#3159));
#3161=IFCSPACE('1OC$L9Den3iPSPf74M5EfD',#18,'{$this("Description")}',$,'Parkeervak',#3150,#3160,$,$,.USERDEFINED.,$);
#3162=IFCPROPERTYSET('2CB2sp7oYEhlPiBefaEn0f',#18,'Pset_SpaceCommon',$,(#238,#3057));
#3163=IFCPROPERTYSET('2tPacMtL9Ar0fuzt9AGd5p',#18,'Pset_SpaceHeaterTypeCommon',$,(#3057));
#3164=IFCPROPERTYSINGLEVALUE('Afnemer',$,IFCTEXT('Gemeente'),$);
#3165=IFCPROPERTYSET('3iSoFS64PnE2x2$nD9UXVz',#18,'MiniGIM_ILS','',(#3164));
#3166=IFCRELDEFINESBYPROPERTIES('3JTdkb0LstiZnwFlqpmG51',#18,$,$,(#3161),#3162);
#3167=IFCRELDEFINESBYPROPERTIES('3UrYipLCip$KpP7Ey54l5I',#18,$,$,(#3161),#3163);
#3168=IFCRELDEFINESBYPROPERTIES('24svkxd41MSf15FAUYMv5v',#18,$,$,(#3161),#3165);
#3169=IFCQUANTITYAREA('GrossFloorArea','',$,111.07723936695,$);
#3170=IFCQUANTITYAREA('GrossCeilingArea','',$,111.07723936695,$);
#3171=IFCQUANTITYVOLUME('GrossVolume','',$,166.615859050425,$);
#3172=IFCQUANTITYVOLUME('NetVolume','',$,166.615859050425,$);
#3173=IFCELEMENTQUANTITY('2xwO9GOj2b4uXyRikwrt73',#18,'Qto_SpaceBaseQuantities',$,$,(#3169,#3170,#3171,#3172));
#3174=IFCRELDEFINESBYPROPERTIES('0xslLX1wxgjQqvMd6FsUrv',#18,$,$,(#3161),#3173);
#3175=IFCAXIS2PLACEMENT3D(#3,$,$);
#3176=IFCLOCALPLACEMENT(#41,#3175);
#3177=IFCCARTESIANPOINTLIST2D(((-25.5760476991554,-1.00631456724306),(25.5737346803232,-1.00631456724306),(25.5784114700998,1.01128005281874),(-25.5760984512676,1.00134908166738),(-25.5760476991554,-1.00631456724306)));
#3178=IFCINDEXEDPOLYCURVE(#3177,$,.F.);
#3179=IFCARBITRARYCLOSEDPROFILEDEF(.AREA.,'Parkeervak',#3178);
#3180=IFCCARTESIANPOINT((113.284175992473,33.6854551238711,-1.5));
#3181=IFCDIRECTION((-0.987439197832859,-0.157999463869978,0.));
#3182=IFCAXIS2PLACEMENT3D(#3180,#9,#3181);
#3183=IFCEXTRUDEDAREASOLID(#3179,#3182,#9,1.5);
#3184=IFCSTYLEDITEM(#3183,(#3050),$);
#3185=IFCSHAPEREPRESENTATION(#24,'Body','SweptSolid',(#3183));
#3186=IFCPRODUCTDEFINITIONSHAPE($,$,(#3185));
#3187=IFCSPACE('1OC$L9Den3iPSPf74M5Eea',#18,'{$this("Description")}',$,'Parkeervak',#3176,#3186,$,$,.USERDEFINED.,$);
#3188=IFCPROPERTYSET('1F_ho$Rwe7ryHUKaxyU0mE',#18,'Pset_SpaceCommon',$,(#238,#3057));
#3189=IFCPROPERTYSET('0u516NnQd8ixJYWL8xpKkz',#18,'Pset_SpaceHeaterTypeCommon',$,(#3057));
#3190=IFCPROPERTYSINGLEVALUE('Afnemer',$,IFCTEXT('Gemeente'),$);
#3191=IFCPROPERTYSET('31LVd0N1ZNJuo8du5YMD2R',#18,'MiniGIM_ILS','',(#3190));
#3192=IFCRELDEFINESBYPROPERTIES('3PRB8q170eMKptJFFLHLlW',#18,$,$,(#3187),#3188);
#3193=IFCRELDEFINESBYPROPERTIES('1Sqg2XiDXQUtuhBVELOoQs',#18,$,$,(#3187),#3189);
#3194=IFCRELDEFINESBYPROPERTIES('3IRGbAgeh_HcqCd75Je6z5',#18,$,$,(#3187),#3191);
#3195=IFCQUANTITYAREA('GrossFloorArea','',$,102.950288148572,$);
#3196=IFCQUANTITYAREA('GrossCeilingArea','',$,102.950288148572,$);
#3197=IFCQUANTITYVOLUME('GrossVolume','',$,154.425432222858,$);
#3198=IFCQUANTITYVOLUME('NetVolume','',$,154.425432222858,$);
#3199=IFCELEMENTQUANTITY('3nJYV2lpGoahr5B5KGSBMz',#18,'Qto_SpaceBaseQuantities',$,$,(#3195,#3196,#3197,#3198));
#3200=IFCRELDEFINESBYPROPERTIES('21zxh5j2qHJpJ_e1lrK7Xb',#18,$,$,(#3187),#3199);
#3201=IFCAXIS2PLACEMENT3D(#3,$,$);
#3202=IFCLOCALPLACEMENT(#41,#3201);
#3203=IFCCARTESIANPOINTLIST2D(((-9.9849174000218,-2.56405579400702),(9.98642529886969,-2.56405579400702),(9.98500437830472,2.56689443268348),(-9.98651227715263,2.56121715533054),(-9.9849174000218,-2.56405579400702)));
#3204=IFCINDEXEDPOLYCURVE(#3203,$,.F.);
#3205=IFCARBITRARYCLOSEDPROFILEDEF(.AREA.,'Parkeervak',#3204);
#3206=IFCCARTESIANPOINT((101.395887845627,40.8957747292435,-1.5));
#3207=IFCDIRECTION((-0.987470031233141,-0.157806645666206,0.));
#3208=IFCAXIS2PLACEMENT3D(#3206,#9,#3207);
#3209=IFCEXTRUDEDAREASOLID(#3205,#3208,#9,1.5);
#3210=IFCSTYLEDITEM(#3209,(#3050),$);
#3211=IFCSHAPEREPRESENTATION(#24,'Body','SweptSolid',(#3209));
#3212=IFCPRODUCTDEFINITIONSHAPE($,$,(#3211));
#3213=IFCSPACE('1OC$L9Den3iPSPf74M5Ee$',#18,'{$this("Description")}',$,'Parkeervak',#3202,#3212,$,$,.USERDEFINED.,$);
#3214=IFCPROPERTYSET('0ei7KXTP1lHUbSZQpCP6yq',#18,'Pset_SpaceCommon',$,(#238,#3057));
#3215=IFCPROPERTYSET('2e2tj$dJIWG9W9dto4U$Iz',#18,'Pset_SpaceHeaterTypeCommon',$,(#3057));
#3216=IFCPROPERTYSINGLEVALUE('Afnemer',$,IFCTEXT('Gemeente'),$);
#3217=IFCPROPERTYSET('2NyuLaTXKTyUMYDfUkd$Af',#18,'MiniGIM_ILS','',(#3216));
#3218=IFCRELDEFINESBYPROPERTIES('1SqMvsYnBTq4Tv21Mg7fth',#18,$,$,(#3213),#3214);
#3219=IFCRELDEFINESBYPROPERTIES('3e8NbBOr6IE7P91uqlbrg6',#18,$,$,(#3213),#3215);
#3220=IFCRELDEFINESBYPROPERTIES('1lV6xNy3q_qXUWz8hfrjsL',#18,$,$,(#3213),#3217);
#3221=IFCQUANTITYAREA('GrossFloorArea','',$,102.415724237105,$);
#3222=IFCQUANTITYAREA('GrossCeilingArea','',$,102.415724237105,$);
#3223=IFCQUANTITYVOLUME('GrossVolume','',$,153.623586355658,$);
#3224=IFCQUANTITYVOLUME('NetVolume','',$,153.623586355658,$);
#3225=IFCELEMENTQUANTITY('2wZv0ptD4qZgEdPL2jGydM',#18,'Qto_SpaceBaseQuantities',$,$,(#3221,#3222,#3223,#3224));
#3226=IFCRELDEFINESBYPROPERTIES('2wzEpWKnd_xKL_hi6n_V7t',#18,$,$,(#3213),#3225);
#3227=IFCAXIS2PLACEMENT3D(#3,$,$);
#3228=IFCLOCALPLACEMENT(#41,#3227);
#3229=IFCCARTESIANPOINTLIST2D(((-2.56362772475601,-9.9858034203032),(2.56093562629212,-9.9858034203032),(2.56078908508253,9.9858910753297),(-2.55809698661863,9.98571576527671),(-2.56362772475601,-9.9858034203032)));
#3230=IFCINDEXEDPOLYCURVE(#3229,$,.F.);
#3231=IFCARBITRARYCLOSEDPROFILEDEF(.AREA.,'Parkeervak',#3230);
#3232=IFCCARTESIANPOINT((123.582375048169,44.4446102000552,-1.5));
#3233=IFCDIRECTION((0.158080100932681,-0.987426291775297,0.));
#3234=IFCAXIS2PLACEMENT3D(#3232,#9,#3233);
#3235=IFCEXTRUDEDAREASOLID(#3231,#3234,#9,1.5);
#3236=IFCSTYLEDITEM(#3235,(#3050),$);
#3237=IFCSHAPEREPRESENTATION(#24,'Body','SweptSolid',(#3235));
#3238=IFCPRODUCTDEFINITIONSHAPE($,$,(#3237));
#3239=IFCSPACE('1OC$L9Den3iPSPf74M5EeM',#18,'{$this("Description")}',$,'Parkeervak',#3228,#3238,$,$,.USERDEFINED.,$);
#3240=IFCPROPERTYSET('0sSEtjklUVdV3f0llTiLWu',#18,'Pset_SpaceCommon',$,(#238,#3057));
#3241=IFCPROPERTYSET('21GonELUksmxY6917BM4Tt',#18,'Pset_SpaceHeaterTypeCommon',$,(#3057));
#3242=IFCPROPERTYSINGLEVALUE('Afnemer',$,IFCTEXT('Gemeente'),$);
#3243=IFCPROPERTYSET('2rq7iYykdqd1AAJE33Guyt',#18,'MiniGIM_ILS','',(#3242));
#3244=IFCRELDEFINESBYPROPERTIES('2cSqE5Ndi5Cb_BnGuMzPuF',#18,$,$,(#3239),#3240);
#3245=IFCRELDEFINESBYPROPERTIES('056wuFtOqO1PlVNOqgZQxn',#18,$,$,(#3239),#3241);
#3246=IFCRELDEFINESBYPROPERTIES('2P4EYFBrmRXIBjhV5_9CRt',#18,$,$,(#3239),#3243);
#3247=IFCQUANTITYAREA('GrossFloorArea','',$,102.289072045417,$);
#3248=IFCQUANTITYAREA('GrossCeilingArea','',$,102.289072045417,$);
#3249=IFCQUANTITYVOLUME('GrossVolume','',$,153.433608068125,$);
#3250=IFCQUANTITYVOLUME('NetVolume','',$,153.433608068125,$);
#3251=IFCELEMENTQUANTITY('31auMbs94ODHBxeK1DX$RC',#18,'Qto_SpaceBaseQuantities',$,$,(#3247,#3248,#3249,#3250));
#3252=IFCRELDEFINESBYPROPERTIES('3n09v8NZDxh3nprEiYcIyv',#18,$,$,(#3239),#3251);
#3253=IFCAXIS2PLACEMENT3D(#3,$,$);
#3254=IFCLOCALPLACEMENT(#41,#3253);
#3255=IFCCARTESIANPOINTLIST2D(((-8.73800493490343,-2.56581508332584),(8.73805511271916,-2.56581508332584),(8.73791708596338,2.5633311599875),(-8.73796726377911,2.5682990066642),(-8.73800493490343,-2.56581508332584)));
#3256=IFCINDEXEDPOLYCURVE(#3255,$,.F.);
#3257=IFCARBITRARYCLOSEDPROFILEDEF(.AREA.,'Parkeervak',#3256);
#3258=IFCCARTESIANPOINT((98.4076855537156,51.6725975250477,-1.5));
#3259=IFCDIRECTION((0.98742513184911,0.158087346086803,0.));
#3260=IFCAXIS2PLACEMENT3D(#3258,#9,#3259);
#3261=IFCEXTRUDEDAREASOLID(#3257,#3260,#9,1.5);
#3262=IFCSTYLEDITEM(#3261,(#3050),$);
#3263=IFCSHAPEREPRESENTATION(#24,'Body','SweptSolid',(#3261));
#3264=IFCPRODUCTDEFINITIONSHAPE($,$,(#3263));
#3265=IFCSPACE('1OC$L9Den3iPSPf74M5Ehn',#18,'{$this("Description")}',$,'Parkeervak',#3254,#3264,$,$,.USERDEFINED.,$);
#3266=IFCPROPERTYSET('0nRKjQ0LWWPXwOCkJdSkAI',#18,'Pset_SpaceCommon',$,(#238,#3057));
#3267=IFCPROPERTYSET('2ouLK7ePziwF0fRuK$fSMd',#18,'Pset_SpaceHeaterTypeCommon',$,(#3057));
#3268=IFCPROPERTYSINGLEVALUE('Afnemer',$,IFCTEXT('Gemeente'),$);
#3269=IFCPROPERTYSET('1BCWZB5nvtPjkW_$UVVhuH',#18,'MiniGIM_ILS','',(#3268));
#3270=IFCRELDEFINESBYPROPERTIES('1xNUbhiXrPpNOcxsIfsmYU',#18,$,$,(#3265),#3266);
#3271=IFCRELDEFINESBYPROPERTIES('2p4OwtylFObqVaIGMC7_5e',#18,$,$,(#3265),#3267);
#3272=IFCRELDEFINESBYPROPERTIES('1J6K9nif96pWOBOnBbOAXS',#18,$,$,(#3265),#3269);
#3273=IFCQUANTITYAREA('GrossFloorArea','',$,89.6802260016878,$);
#3274=IFCQUANTITYAREA('GrossCeilingArea','',$,89.6802260016878,$);
#3275=IFCQUANTITYVOLUME('GrossVolume','',$,134.520339002532,$);
#3276=IFCQUANTITYVOLUME('NetVolume','',$,134.520339002532,$);
#3277=IFCELEMENTQUANTITY('0NcraLmIWOJReV6fb_WGL0',#18,'Qto_SpaceBaseQuantities',$,$,(#3273,#3274,#3275,#3276));
#3278=IFCRELDEFINESBYPROPERTIES('0_FYiojOEKoFPxPHwE9Epf',#18,$,$,(#3265),#3277);
#3279=IFCAXIS2PLACEMENT3D(#3,$,$);
#3280=IFCLOCALPLACEMENT(#41,#3279);
#3281=IFCCARTESIANPOINTLIST2D(((-11.2341369809241,-2.56262147264692),(11.2342749026298,-2.56262147264692),(11.2341370668629,2.55942793966378),(-11.2342749885687,2.56581500563004),(-11.2341369809241,-2.56262147264692)));
#3282=IFCINDEXEDPOLYCURVE(#3281,$,.F.);
#3283=IFCARBITRARYCLOSEDPROFILEDEF(.AREA.,'Parkeervak',#3282);
#3284=IFCCARTESIANPOINT((120.594648242154,55.2215090581185,-1.5));
#3285=IFCDIRECTION((0.987425131849109,0.158087346086804,0.));
#3286=IFCAXIS2PLACEMENT3D(#3284,#9,#3285);
#3287=IFCEXTRUDEDAREASOLID(#3283,#3286,#9,1.5);
#3288=IFCSTYLEDITEM(#3287,(#3050),$);
#3289=IFCSHAPEREPRESENTATION(#24,'Body','SweptSolid',(#3287));
#3290=IFCPRODUCTDEFINITIONSHAPE($,$,(#3289));
#3291=IFCSPACE('1OC$L9Den3iPSPf74M5Eh8',#18,'{$this("Description")}',$,'Parkeervak',#3280,#3290,$,$,.USERDEFINED.,$);
#3292=IFCPROPERTYSET('1cQ_2A8zIlUW3jjRa_0aaa',#18,'Pset_SpaceCommon',$,(#238,#3057));
#3293=IFCPROPERTYSET('01fWkgQGcHwvB3IHSo11pT',#18,'Pset_SpaceHeaterTypeCommon',$,(#3057));
#3294=IFCPROPERTYSINGLEVALUE('Afnemer',$,IFCTEXT('Gemeente'),$);
#3295=IFCPROPERTYSET('3IuQU9ATxuef6WO5zEFNzI',#18,'MiniGIM_ILS','',(#3294));
#3296=IFCRELDEFINESBYPROPERTIES('1ru7htrWv2RB7gmUkGNdOe',#18,$,$,(#3291),#3292);
#3297=IFCRELDEFINESBYPROPERTIES('3IwvL5$C1xc9qC7$AtHwD0',#18,$,$,(#3291),#3293);
#3298=IFCRELDEFINESBYPROPERTIES('2I6RfQm6kUD0f92sqeJr5L',#18,$,$,(#3291),#3295);
#3299=IFCQUANTITYAREA('GrossFloorArea','',$,115.156069498141,$);
#3300=IFCQUANTITYAREA('GrossCeilingArea','',$,115.156069498141,$);
#3301=IFCQUANTITYVOLUME('GrossVolume','',$,172.734104247211,$);
#3302=IFCQUANTITYVOLUME('NetVolume','',$,172.734104247211,$);
#3303=IFCELEMENTQUANTITY('3TuhihcT0IdpiKBrDfxDuH',#18,'Qto_SpaceBaseQuantities',$,$,(#3299,#3300,#3301,#3302));
#3304=IFCRELDEFINESBYPROPERTIES('3fs5k8dt7H2Y6ih6BqaG04',#18,$,$,(#3291),#3303);
#3305=IFCAXIS2PLACEMENT3D(#3,$,$);
#3306=IFCLOCALPLACEMENT(#41,#3305);
#3307=IFCCARTESIANPOINTLIST2D(((-13.9210902813391,-1.00058111758214),(13.7784850515717,-1.00058111758214),(14.0634847262003,0.996864454164758),(-13.9208794964329,1.00429778099955),(-13.9210902813391,-1.00058111758214)));
#3308=IFCINDEXEDPOLYCURVE(#3307,$,.F.);
#3309=IFCARBITRARYCLOSEDPROFILEDEF(.AREA.,'Parkeervak',#3308);
#3310=IFCCARTESIANPOINT((157.709472819361,40.796955534708,-1.5));
#3311=IFCDIRECTION((0.987408505720563,0.158191159141984,0.));
#3312=IFCAXIS2PLACEMENT3D(#3310,#9,#3311);
#3313=IFCEXTRUDEDAREASOLID(#3309,#3312,#9,1.5);
#3314=IFCSTYLEDITEM(#3313,(#3050),$);
#3315=IFCSHAPEREPRESENTATION(#24,'Body','SweptSolid',(#3313));
#3316=IFCPRODUCTDEFINITIONSHAPE($,$,(#3315));
#3317=IFCSPACE('1OC$L9Den3iPSPf74M5EgZ',#18,'{$this("Description")}',$,'Parkeervak',#3306,#3316,$,$,.USERDEFINED.,$);
#3318=IFCPROPERTYSET('1rzo9CE2y2cu9n8NqvkfDU',#18,'Pset_SpaceCommon',$,(#238,#3057));
#3319=IFCPROPERTYSET('2tvOojfQdAsaGwA$IgTjoL',#18,'Pset_SpaceHeaterTypeCommon',$,(#3057));
#3320=IFCPROPERTYSINGLEVALUE('Afnemer',$,IFCTEXT('Gemeente'),$);
#3321=IFCPROPERTYSET('3mDW$yOKdbn5sR6cTSOi8O',#18,'MiniGIM_ILS','',(#3320));
#3322=IFCRELDEFINESBYPROPERTIES('2ZaU77qC3vufpMvOd0_2l3',#18,$,$,(#3317),#3318);
#3323=IFCRELDEFINESBYPROPERTIES('1JHioUEXScqlyoURejppqH',#18,$,$,(#3317),#3319);
#3324=IFCRELDEFINESBYPROPERTIES('1lRsFN$sLuzaLFODarVt_t',#18,$,$,(#3317),#3321);
#3325=IFCQUANTITYAREA('GrossFloorArea','',$,55.7168284875033,$);
#3326=IFCQUANTITYAREA('GrossCeilingArea','',$,55.7168284875033,$);
#3327=IFCQUANTITYVOLUME('GrossVolume','',$,83.575242731255,$);
#3328=IFCQUANTITYVOLUME('NetVolume','',$,83.5752427312548,$);
#3329=IFCELEMENTQUANTITY('33tWV999dV3nM1yzzuj7F5',#18,'Qto_SpaceBaseQuantities',$,$,(#3325,#3326,#3327,#3328));
#3330=IFCRELDEFINESBYPROPERTIES('0HG1Xa_VhQ0MTsfTKYHXLk',#18,$,$,(#3317),#3329);
#3331=IFCAXIS2PLACEMENT3D(#3,$,$);
#3332=IFCLOCALPLACEMENT(#41,#3331);
#3333=IFCCARTESIANPOINTLIST2D(((-7.48900469109599,-2.56118694929888),(7.4888699898632,-2.56118694929888),(7.48915246525911,2.56472142337294),(-7.4890177640263,2.55765247522479),(-7.48900469109599,-2.56118694929888)));
#3334=IFCINDEXEDPOLYCURVE(#3333,$,.F.);
#3335=IFCARBITRARYCLOSEDPROFILEDEF(.AREA.,'Parkeervak',#3334);
#3336=IFCCARTESIANPOINT((153.230719757454,83.7332452810713,-1.5));
#3337=IFCDIRECTION((0.99985438806522,0.0170646613422485,0.));
#3338=IFCAXIS2PLACEMENT3D(#3336,#9,#3337);
#3339=IFCEXTRUDEDAREASOLID(#3335,#3338,#9,1.5);
#3340=IFCSTYLEDITEM(#3339,(#3050),$);
#3341=IFCSHAPEREPRESENTATION(#24,'Body','SweptSolid',(#3339));
#3342=IFCPRODUCTDEFINITIONSHAPE($,$,(#3341));
#3343=IFCSPACE('1OC$L9Den3iPSPf74M5Egw',#18,'{$this("Description")}',$,'Parkeervak',#3332,#3342,$,$,.USERDEFINED.,$);
#3344=IFCPROPERTYSET('0a64m7s0NcBeU91e1pNTZh',#18,'Pset_SpaceCommon',$,(#238,#3057));
#3345=IFCPROPERTYSET('0tA_H1p8REWg6P_Axk65TP',#18,'Pset_SpaceHeaterTypeCommon',$,(#3057));
#3346=IFCPROPERTYSINGLEVALUE('Afnemer',$,IFCTEXT('Gemeente'),$);
#3347=IFCPROPERTYSET('1I6B9n7u7kv3w__aMCtAFw',#18,'MiniGIM_ILS','',(#3346));
#3348=IFCRELDEFINESBYPROPERTIES('0wc4x6gZtpwWC_sx2lALbl',#18,$,$,(#3343),#3344);
#3349=IFCRELDEFINESBYPROPERTIES('1aYHPWoUSCvpZ3Zfnr1HN7',#18,$,$,(#3343),#3345);
#3350=IFCRELDEFINESBYPROPERTIES('2a2g9_Wk0LJRYVkkut40bJ',#18,$,$,(#3343),#3347);
#3351=IFCQUANTITYAREA('GrossFloorArea','',$,76.7230308006314,$);
#3352=IFCQUANTITYAREA('GrossCeilingArea','',$,76.7230308006314,$);
#3353=IFCQUANTITYVOLUME('GrossVolume','',$,115.084546200947,$);
#3354=IFCQUANTITYVOLUME('NetVolume','',$,115.084546200947,$);
#3355=IFCELEMENTQUANTITY('37h5SxJN1Kri90IfXgIl2X',#18,'Qto_SpaceBaseQuantities',$,$,(#3351,#3352,#3353,#3354));
#3356=IFCRELDEFINESBYPROPERTIES('3W_rJ65ec5xDPraLyXbKGJ',#18,$,$,(#3343),#3355);
#3357=IFCAXIS2PLACEMENT3D(#3,$,$);
#3358=IFCLOCALPLACEMENT(#41,#3357);
#3359=IFCCARTESIANPOINTLIST2D(((-13.1607112292636,-2.56142429673771),(13.1604962332462,-2.56142429673771),(13.1604148752605,2.56083604847464),(-13.1601998792431,2.56201254500074),(-13.1607112292636,-2.56142429673771)));
#3360=IFCINDEXEDPOLYCURVE(#3359,$,.F.);
#3361=IFCARBITRARYCLOSEDPROFILEDEF(.AREA.,'Parkeervak',#3360);
#3362=IFCCARTESIANPOINT((147.370326671557,94.7491851864675,-1.5));
#3363=IFCDIRECTION((-0.99985362429868,-0.0171093534885089,0.));
#3364=IFCAXIS2PLACEMENT3D(#3362,#9,#3363);
#3365=IFCEXTRUDEDAREASOLID(#3361,#3364,#9,1.5);
#3366=IFCSTYLEDITEM(#3365,(#3050),$);
#3367=IFCSHAPEREPRESENTATION(#24,'Body','SweptSolid',(#3365));
#3368=IFCPRODUCTDEFINITIONSHAPE($,$,(#3367));
#3369=IFCSPACE('1OC$L9Den3iPSPf74M5EgL',#18,'{$this("Description")}',$,'Parkeervak',#3358,#3368,$,$,.USERDEFINED.,$);
#3370=IFCPROPERTYSET('0MQg_edT6Hdt7zX5hw26X9',#18,'Pset_SpaceCommon',$,(#238,#3057));
#3371=IFCPROPERTYSET('37IDKGZWpbIlv0v9WfVED0',#18,'Pset_SpaceHeaterTypeCommon',$,(#3057));
#3372=IFCPROPERTYSINGLEVALUE('Afnemer',$,IFCTEXT('Gemeente'),$);
#3373=IFCPROPERTYSET('1dUwla12j_uON2VW4$5Woz',#18,'MiniGIM_ILS','',(#3372));
#3374=IFCRELDEFINESBYPROPERTIES('1jcbgkgYbzoymlFOCMaccN',#18,$,$,(#3369),#3370);
#3375=IFCRELDEFINESBYPROPERTIES('36CWl7mXCp3fRrAoBrmntn',#18,$,$,(#3369),#3371);
#3376=IFCRELDEFINESBYPROPERTIES('2E41MUoFqGZGJJPJxMI4E_',#18,$,$,(#3369),#3373);
#3377=IFCQUANTITYAREA('GrossFloorArea','',$,134.838042577675,$);
#3378=IFCQUANTITYAREA('GrossCeilingArea','',$,134.838042577675,$);
#3379=IFCQUANTITYVOLUME('GrossVolume','',$,202.257063866513,$);
#3380=IFCQUANTITYVOLUME('NetVolume','',$,202.257063866513,$);
#3381=IFCELEMENTQUANTITY('0SmmQzUSGdiWPtNjOyfJNB',#18,'Qto_SpaceBaseQuantities',$,$,(#3377,#3378,#3379,#3380));
#3382=IFCRELDEFINESBYPROPERTIES('24uoorJwZP5_Wie2YtsV$C',#18,$,$,(#3369),#3381);
#3383=IFCAXIS2PLACEMENT3D(#3,$,$);
#3384=IFCLOCALPLACEMENT(#41,#3383);
#3385=IFCCARTESIANPOINTLIST2D(((-2.56265978152634,-12.481925663126),(2.56050412659363,-12.481925663126),(2.56158696270394,12.4817678044923),(-2.55943130777123,12.4820835217596),(-2.56265978152634,-12.481925663126)));
#3386=IFCINDEXEDPOLYCURVE(#3385,$,.F.);
#3387=IFCARBITRARYCLOSEDPROFILEDEF(.AREA.,'Parkeervak',#3386);
#3388=IFCCARTESIANPOINT((62.5029482295433,141.205880558875,-1.5));
#3389=IFCDIRECTION((0.0171939675264854,-0.999852172813911,0.));
#3390=IFCAXIS2PLACEMENT3D(#3388,#9,#3389);
#3391=IFCEXTRUDEDAREASOLID(#3387,#3390,#9,1.5);
#3392=IFCSTYLEDITEM(#3391,(#3050),$);
#3393=IFCSHAPEREPRESENTATION(#24,'Body','SweptSolid',(#3391));
#3394=IFCPRODUCTDEFINITIONSHAPE($,$,(#3393));
#3395=IFCSPACE('1OC$L9Den3iPSPf74M5Ebi',#18,'{$this("Description")}',$,'Parkeervak',#3384,#3394,$,$,.USERDEFINED.,$);
#3396=IFCPROPERTYSET('1ImuHybH_nyRKAqnckH4pJ',#18,'Pset_SpaceCommon',$,(#238,#3057));
#3397=IFCPROPERTYSET('0hRHltaS8eoiu_3CuXgCgE',#18,'Pset_SpaceHeaterTypeCommon',$,(#3057));
#3398=IFCPROPERTYSINGLEVALUE('Afnemer',$,IFCTEXT('Gemeente'),$);
#3399=IFCPROPERTYSET('0mHaV1lg35tjQukzZK4ONq',#18,'MiniGIM_ILS','',(#3398));
#3400=IFCRELDEFINESBYPROPERTIES('34iAw72rwXxUxofcRuaOtr',#18,$,$,(#3395),#3396);
#3401=IFCRELDEFINESBYPROPERTIES('3fAYPFUzGzwi2uDyEBF1hM',#18,$,$,(#3395),#3397);
#3402=IFCRELDEFINESBYPROPERTIES('2h4t$rLY6UHIyr2E2sU6qz',#18,$,$,(#3395),#3399);
#3403=IFCQUANTITYAREA('GrossFloorArea','',$,127.867120773033,$);
#3404=IFCQUANTITYAREA('GrossCeilingArea','',$,127.867120773033,$);
#3405=IFCQUANTITYVOLUME('GrossVolume','',$,191.80068115955,$);
#3406=IFCQUANTITYVOLUME('NetVolume','',$,191.80068115955,$);
#3407=IFCELEMENTQUANTITY('1IISIFx6uo5qafmLi1$L8s',#18,'Qto_SpaceBaseQuantities',$,$,(#3403,#3404,#3405,#3406));
#3408=IFCRELDEFINESBYPROPERTIES('23$IswXVwIIbZy1O5YGd6v',#18,$,$,(#3395),#3407);
#3409=IFCAXIS2PLACEMENT3D(#3,$,$);
#3410=IFCLOCALPLACEMENT(#41,#3409);
#3411=IFCCARTESIANPOINTLIST2D(((-12.4822001680389,-2.55967313200064),(12.482494384611,-2.55967313200064),(12.4820420712736,2.56471606593529),(-12.4823362878457,2.55463019806598),(-12.4822001680389,-2.55967313200064)));
#3412=IFCINDEXEDPOLYCURVE(#3411,$,.F.);
#3413=IFCARBITRARYCLOSEDPROFILEDEF(.AREA.,'Parkeervak',#3412);
#3414=IFCCARTESIANPOINT((62.3121605319481,152.320373618469,-1.5));
#3415=IFCDIRECTION((-0.999853686575129,-0.0171057137274213,0.));
#3416=IFCAXIS2PLACEMENT3D(#3414,#9,#3415);
#3417=IFCEXTRUDEDAREASOLID(#3413,#3416,#9,1.5);
#3418=IFCSTYLEDITEM(#3417,(#3050),$);
#3419=IFCSHAPEREPRESENTATION(#24,'Body','SweptSolid',(#3417));
#3420=IFCPRODUCTDEFINITIONSHAPE($,$,(#3419));
#3421=IFCSPACE('1OC$L9Den3iPSPf74M5Eb7',#18,'{$this("Description")}',$,'Parkeervak',#3410,#3420,$,$,.USERDEFINED.,$);
#3422=IFCPROPERTYSET('2xSu7Koy6Jiy_SCo6MIRAg',#18,'Pset_SpaceCommon',$,(#238,#3057));
#3423=IFCPROPERTYSET('1dz14SN$hmU2KQJoqqLHs7',#18,'Pset_SpaceHeaterTypeCommon',$,(#3057));
#3424=IFCPROPERTYSINGLEVALUE('Afnemer',$,IFCTEXT('Gemeente'),$);
#3425=IFCPROPERTYSET('13_NZQO$0zjJc4chBE0SIx',#18,'MiniGIM_ILS','',(#3424));
#3426=IFCRELDEFINESBYPROPERTIES('1PEhsE4yzXJbeMXDZDzCP2',#18,$,$,(#3421),#3422);
#3427=IFCRELDEFINESBYPROPERTIES('0hVaTWa1fUNMMaiLyZugh4',#18,$,$,(#3421),#3423);
#3428=IFCRELDEFINESBYPROPERTIES('1r6lukQ5BgL6DUCKEhvJxk',#18,$,$,(#3421),#3425);
#3429=IFCQUANTITYAREA('GrossFloorArea','',$,127.802107921671,$);
#3430=IFCQUANTITYAREA('GrossCeilingArea','',$,127.802107921671,$);
#3431=IFCQUANTITYVOLUME('GrossVolume','',$,191.703161882507,$);
#3432=IFCQUANTITYVOLUME('NetVolume','',$,191.703161882507,$);
#3433=IFCELEMENTQUANTITY('1JjjoZzMTXkgXZFaWs$aW0',#18,'Qto_SpaceBaseQuantities',$,$,(#3429,#3430,#3431,#3432));
#3434=IFCRELDEFINESBYPROPERTIES('1AaaMYEmpV8FLLW_PnL8pz',#18,$,$,(#3421),#3433);
#3435=IFCAXIS2PLACEMENT3D(#3,$,$);
#3436=IFCLOCALPLACEMENT(#41,#3435);
#3437=IFCCARTESIANPOINTLIST2D(((-24.9643115432308,-0.998496163411733),(24.9642262175274,-0.998496163411699),(24.9642642497348,0.998361665107244),(-24.9641789240315,0.998630661716118),(-24.9643115432308,-0.998496163411733)));
#3438=IFCINDEXEDPOLYCURVE(#3437,$,.F.);
#3439=IFCARBITRARYCLOSEDPROFILEDEF(.AREA.,'Parkeervak',#3438);
#3440=IFCCARTESIANPOINT((49.1209445651909,193.605076695357,-1.5));
#3441=IFCDIRECTION((0.999852904459568,0.0171513685683195,0.));
#3442=IFCAXIS2PLACEMENT3D(#3440,#9,#3441);
#3443=IFCEXTRUDEDAREASOLID(#3439,#3442,#9,1.5);
#3444=IFCSTYLEDITEM(#3443,(#3050),$);
#3445=IFCSHAPEREPRESENTATION(#24,'Body','SweptSolid',(#3443));
#3446=IFCPRODUCTDEFINITIONSHAPE($,$,(#3445));
#3447=IFCSPACE('1OC$L9Den3iPSPf74M5EbU',#18,'{$this("Description")}',$,'Parkeervak',#3436,#3446,$,$,.USERDEFINED.,$);
#3448=IFCPROPERTYSET('1Vyy6h1$ENWpfeKXqnFW2h',#18,'Pset_SpaceCommon',$,(#238,#3057));
#3449=IFCPROPERTYSET('0YhL3D02GUEdLp_jT4CeG_',#18,'Pset_SpaceHeaterTypeCommon',$,(#3057));
#3450=IFCPROPERTYSINGLEVALUE('Afnemer',$,IFCTEXT('Gemeente'),$);
#3451=IFCPROPERTYSET('23P4ZsoREbQWhXJoqLD0ud',#18,'MiniGIM_ILS','',(#3450));
#3452=IFCRELDEFINESBYPROPERTIES('1ufF1hJJFDv8IYBLq9GoOp',#18,$,$,(#3447),#3448);
#3453=IFCRELDEFINESBYPROPERTIES('0nENyoV6bWvwtRESpRxoZ$',#18,$,$,(#3447),#3449);
#3454=IFCRELDEFINESBYPROPERTIES('1D100bjXy0yuPEwQygjgpv',#18,$,$,(#3447),#3451);
#3455=IFCQUANTITYAREA('GrossFloorArea','',$,99.7068123644735,$);
#3456=IFCQUANTITYAREA('GrossCeilingArea','',$,99.7068123644737,$);
#3457=IFCQUANTITYVOLUME('GrossVolume','',$,149.56021854671,$);
#3458=IFCQUANTITYVOLUME('NetVolume','',$,149.56021854671,$);
#3459=IFCELEMENTQUANTITY('2JZnv5tssVk2eQzs5XYzkc',#18,'Qto_SpaceBaseQuantities',$,$,(#3455,#3456,#3457,#3458));
#3460=IFCRELDEFINESBYPROPERTIES('1Yb6ACtWf6rREA7CNDJg8o',#18,$,$,(#3447),#3459);
#3461=IFCAXIS2PLACEMENT3D(#3,$,$);
#3463=IFCCARTESIANPOINTLIST2D(((-0.949999999999967,-2.265),(0.94999999999997,-2.265),(0.949999999999967,2.265),(-0.94999999999997,2.265),(-0.949999999999967,-2.265)));
#3464=IFCINDEXEDPOLYCURVE(#3463,$,.F.);
#3465=IFCARBITRARYCLOSEDPROFILEDEF(.AREA.,'openbaar 90\X2\00B0\X0\ - 2500',#3464);
#3466=IFCCARTESIANPOINT((0.,2.565,0.));
#3467=IFCAXIS2PLACEMENT3D(#3466,$,$);
#3468=IFCEXTRUDEDAREASOLID(#3465,#3467,#9,0.005);
#3469=IFCSTYLEDITEM(#3468,(#230),$);
#3470=IFCSHAPEREPRESENTATION(#24,'Body','SweptSolid',(#3468));
#3471=IFCAXIS2PLACEMENT3D(#3,$,$);
#3472=IFCREPRESENTATIONMAP(#3471,#3470);
#3473=IFCSPACETYPE('3gXEHwlXr4i8cVlpifXmeL',#18,'71_PA_parkeervak:openbaar 90\X2\00B0\X0\ - 2500',$,$,$,(#3472),'1263832',$,.PARKING.,$);
#3474=IFCCLASSIFICATION('BIM loket','2019','2019-10-13','NL-SfB',$,$,$);
#3475=IFCCLASSIFICATIONREFERENCE($,'71.10','vaste verkeersvoorzieningen; standaard, algemeen (verzamelniveau)',#3474,$,$);
#3476=IFCMAPPEDITEM(#3472,#191);
#3477=IFCSHAPEREPRESENTATION(#24,'Body','MappedRepresentation',(#3476));
#3478=IFCPRODUCTDEFINITIONSHAPE($,$,(#3477));
#3479=IFCCARTESIANPOINT((49.9610970150487,35.2752787785487,0.));
#3480=IFCDIRECTION((-0.98742087731736,-0.158113917913053,0.));
#3481=IFCAXIS2PLACEMENT3D(#3479,#9,#3480);
#3482=IFCLOCALPLACEMENT(#41,#3481);
#3483=IFCSPACE('0ZcnFg2izD2Aqi5s8w_cJx',#18,'{$this("Description")}',$,'Parkeerplaats',#3482,#3478,$,$,.PARKING.,$);
#3484=IFCPROPERTYSINGLEVALUE('Reference',$,IFCIDENTIFIER('openbaar 90\X2\00B0\X0\ - 2500'),$);
#3485=IFCPROPERTYSET('0qb1xc8b65zzfGhewVy8u$',#18,'Pset_SpaceCommon',$,(#238,#3484));
#3486=IFCPROPERTYSET('2tND2X3vJXe183xVC$wQA3',#18,'Pset_SpaceHeaterTypeCommon',$,(#3484));
#3487=IFCPROPERTYSINGLEVALUE('Bepalingsmethode',$,IFCTEXT('NVO'),$);
#3488=IFCPROPERTYSINGLEVALUE('BuitenruimteSoort',$,IFCTEXT('Subruimte'),$);
#3489=IFCPROPERTYSINGLEVALUE('BuitenruimteType',$,IFCTEXT('Parkeerplaats auto'),$);
#3490=IFCPROPERTYSET('2dp54MthD7vkPjJLlHOtNl',#18,'MiniGIM_ILS','',(#3487,#3488,#3489));
#3491=IFCRELDEFINESBYPROPERTIES('1$1kBycQOcxVrKwnj38X8c',#18,$,$,(#3483),#3485);
#3492=IFCRELDEFINESBYPROPERTIES('1Mtul4AJ0xHl$WOQIaBcOy',#18,$,$,(#3483),#3486);
#3493=IFCRELDEFINESBYPROPERTIES('3TzC2$9c33JcxwJXWyEX50',#18,$,$,(#3483),#3490);
#3494=IFCQUANTITYLENGTH('Height','',$,4.53,$);
#3495=IFCQUANTITYAREA('GrossFloorArea','',$,8.60699999999972,$);
#3496=IFCQUANTITYAREA('GrossCeilingArea','',$,11.3409673134263,$);
#3497=IFCQUANTITYVOLUME('GrossVolume','',$,0.0430349999999986,$);
#3498=IFCQUANTITYVOLUME('NetVolume','',$,0.0430349999999986,$);
#3499=IFCELEMENTQUANTITY('3hOsQmwUnGXKPGjnr5mDu1',#18,'Qto_SpaceBaseQuantities',$,$,(#3494,#3495,#3496,#3497,#3498));
#3500=IFCRELDEFINESBYPROPERTIES('1FRYj_mh9ETfsr$m7Sz88y',#18,$,$,(#3483),#3499);
#3501=IFCMAPPEDITEM(#3472,#191);
#3502=IFCSHAPEREPRESENTATION(#24,'Body','MappedRepresentation',(#3501));
#3503=IFCPRODUCTDEFINITIONSHAPE($,$,(#3502));
#3504=IFCCARTESIANPOINT((47.4925448217553,34.8799939837661,0.));
#3505=IFCDIRECTION((-0.98742087731736,-0.158113917913053,0.));
#3506=IFCAXIS2PLACEMENT3D(#3504,#9,#3505);
#3507=IFCLOCALPLACEMENT(#41,#3506);
#3508=IFCSPACE('0ZcnFg2izD2Aqi5s8w_cIT',#18,'{$this("Description")}',$,'Parkeerplaats',#3507,#3503,$,$,.PARKING.,$);
#3509=IFCPROPERTYSET('1ALTvL1dNBdDOwb60$Iguo',#18,'Pset_SpaceCommon',$,(#238,#3484));
#3510=IFCPROPERTYSET('1bWvtXFe$rndURKIvuh_7W',#18,'Pset_SpaceHeaterTypeCommon',$,(#3484));
#3511=IFCPROPERTYSINGLEVALUE('Bepalingsmethode',$,IFCTEXT('NVO'),$);
#3512=IFCPROPERTYSINGLEVALUE('BuitenruimteSoort',$,IFCTEXT('Subruimte'),$);
#3513=IFCPROPERTYSINGLEVALUE('BuitenruimteType',$,IFCTEXT('Parkeerplaats auto'),$);
#3514=IFCPROPERTYSET('2V7qEPyrcSk72lKlwuCC6O',#18,'MiniGIM_ILS','',(#3511,#3512,#3513));
#3515=IFCRELDEFINESBYPROPERTIES('10slwipLr3GvpIIHnIuIOs',#18,$,$,(#3508),#3509);
#3516=IFCRELDEFINESBYPROPERTIES('0zuFFeKSwmpLaEO6ovtpNA',#18,$,$,(#3508),#3510);
#3517=IFCRELDEFINESBYPROPERTIES('0aixsCpnRAojq3hRNy5rP1',#18,$,$,(#3508),#3514);
#3518=IFCQUANTITYLENGTH('Height','',$,4.53,$);
#3519=IFCQUANTITYAREA('GrossFloorArea','',$,8.60699999999972,$);
#3520=IFCQUANTITYAREA('GrossCeilingArea','',$,11.3409673134263,$);
#3521=IFCQUANTITYVOLUME('GrossVolume','',$,0.0430349999999986,$);
#3522=IFCQUANTITYVOLUME('NetVolume','',$,0.0430349999999986,$);
#3523=IFCELEMENTQUANTITY('0hJOTwxRMq9vnLzQDKaI53',#18,'Qto_SpaceBaseQuantities',$,$,(#3518,#3519,#3520,#3521,#3522));
#3524=IFCRELDEFINESBYPROPERTIES('3jqJ96p2s7SzvxZb$L8CET',#18,$,$,(#3508),#3523);
#3525=IFCMAPPEDITEM(#3472,#191);
#3526=IFCSHAPEREPRESENTATION(#24,'Body','MappedRepresentation',(#3525));
#3527=IFCPRODUCTDEFINITIONSHAPE($,$,(#3526));
#3528=IFCCARTESIANPOINT((45.0239926284619,34.4847091889835,0.));
#3529=IFCDIRECTION((-0.98742087731736,-0.158113917913053,0.));
#3530=IFCAXIS2PLACEMENT3D(#3528,#9,#3529);
#3531=IFCLOCALPLACEMENT(#41,#3530);
#3532=IFCSPACE('0ZcnFg2izD2Aqi5s8w_cI5',#18,'{$this("Description")}',$,'Parkeerplaats',#3531,#3527,$,$,.PARKING.,$);
#3533=IFCPROPERTYSET('34su3ExOuLgZ_LWBVagiFl',#18,'Pset_SpaceCommon',$,(#238,#3484));
#3534=IFCPROPERTYSET('1e4s1vScVzousYUxPHCVoT',#18,'Pset_SpaceHeaterTypeCommon',$,(#3484));
#3535=IFCPROPERTYSINGLEVALUE('Bepalingsmethode',$,IFCTEXT('NVO'),$);
#3536=IFCPROPERTYSINGLEVALUE('BuitenruimteSoort',$,IFCTEXT('Subruimte'),$);
#3537=IFCPROPERTYSINGLEVALUE('BuitenruimteType',$,IFCTEXT('Parkeerplaats auto'),$);
#3538=IFCPROPERTYSET('1oNiduocv5BBFvP$Db4fdm',#18,'MiniGIM_ILS','',(#3535,#3536,#3537));
#3539=IFCRELDEFINESBYPROPERTIES('3oMzfZJPHvvJzC2N_xttT$',#18,$,$,(#3532),#3533);
#3540=IFCRELDEFINESBYPROPERTIES('2OPFhI_Mcovsix277W0z7b',#18,$,$,(#3532),#3534);
#3541=IFCRELDEFINESBYPROPERTIES('2YcLwcjFxqMvb9Znb5ow_r',#18,$,$,(#3532),#3538);
#3542=IFCQUANTITYLENGTH('Height','',$,4.53,$);
#3543=IFCQUANTITYAREA('GrossFloorArea','',$,8.60699999999972,$);
#3544=IFCQUANTITYAREA('GrossCeilingArea','',$,11.3409673134263,$);
#3545=IFCQUANTITYVOLUME('GrossVolume','',$,0.0430349999999986,$);
#3546=IFCQUANTITYVOLUME('NetVolume','',$,0.0430349999999986,$);
#3547=IFCELEMENTQUANTITY('1rEYrbdmyuxtK7Bbt4VDZa',#18,'Qto_SpaceBaseQuantities',$,$,(#3542,#3543,#3544,#3545,#3546));
#3548=IFCRELDEFINESBYPROPERTIES('3Acb6dUP9KxYPVWhZ7czrm',#18,$,$,(#3532),#3547);
#3549=IFCMAPPEDITEM(#3472,#191);
#3550=IFCSHAPEREPRESENTATION(#24,'Body','MappedRepresentation',(#3549));
#3551=IFCPRODUCTDEFINITIONSHAPE($,$,(#3550));
#3552=IFCCARTESIANPOINT((42.5554404351685,34.0894243942008,0.));
#3553=IFCDIRECTION((-0.98742087731736,-0.158113917913053,0.));
#3554=IFCAXIS2PLACEMENT3D(#3552,#9,#3553);
#3555=IFCLOCALPLACEMENT(#41,#3554);
#3556=IFCSPACE('0ZcnFg2izD2Aqi5s8w_cID',#18,'{$this("Description")}',$,'Parkeerplaats',#3555,#3551,$,$,.PARKING.,$);
#3557=IFCPROPERTYSET('0y1zVifTAe_Ss5MvvHjN7O',#18,'Pset_SpaceCommon',$,(#238,#3484));
#3558=IFCPROPERTYSET('0j0QR$PjrXh7OzjQwAx7iq',#18,'Pset_SpaceHeaterTypeCommon',$,(#3484));
#3559=IFCPROPERTYSINGLEVALUE('Bepalingsmethode',$,IFCTEXT('NVO'),$);
#3560=IFCPROPERTYSINGLEVALUE('BuitenruimteSoort',$,IFCTEXT('Subruimte'),$);
#3561=IFCPROPERTYSINGLEVALUE('BuitenruimteType',$,IFCTEXT('Parkeerplaats auto'),$);
#3562=IFCPROPERTYSET('1BrzESnexwlKSBxnF4CReF',#18,'MiniGIM_ILS','',(#3559,#3560,#3561));
#3563=IFCRELDEFINESBYPROPERTIES('189VH$U2ehKLL9mtRFAG0M',#18,$,$,(#3556),#3557);
#3564=IFCRELDEFINESBYPROPERTIES('0VM2gU0Y6D3Ej7yQB_ujrU',#18,$,$,(#3556),#3558);
#3565=IFCRELDEFINESBYPROPERTIES('2U3Z2mckf7lcjaqazIVJiS',#18,$,$,(#3556),#3562);
#3566=IFCQUANTITYLENGTH('Height','',$,4.53,$);
#3567=IFCQUANTITYAREA('GrossFloorArea','',$,8.60699999999972,$);
#3568=IFCQUANTITYAREA('GrossCeilingArea','',$,11.3409673134263,$);
#3569=IFCQUANTITYVOLUME('GrossVolume','',$,0.0430349999999986,$);
#3570=IFCQUANTITYVOLUME('NetVolume','',$,0.0430349999999986,$);
#3571=IFCELEMENTQUANTITY('0kcDODUn2_rBJK4j8rS_MS',#18,'Qto_SpaceBaseQuantities',$,$,(#3566,#3567,#3568,#3569,#3570));
#3572=IFCRELDEFINESBYPROPERTIES('2hlAxB$sl7UBGzskpYbGqU',#18,$,$,(#3556),#3571);
#3573=IFCMAPPEDITEM(#3472,#191);
#3574=IFCSHAPEREPRESENTATION(#24,'Body','MappedRepresentation',(#3573));
#3575=IFCPRODUCTDEFINITIONSHAPE($,$,(#3574));
#3576=IFCCARTESIANPOINT((40.0868882418751,33.6941395994182,0.));
#3577=IFCDIRECTION((-0.98742087731736,-0.158113917913053,0.));
#3578=IFCAXIS2PLACEMENT3D(#3576,#9,#3577);
#3579=IFCLOCALPLACEMENT(#41,#3578);
#3580=IFCSPACE('0ZcnFg2izD2Aqi5s8w_cLr',#18,'{$this("Description")}',$,'Parkeerplaats',#3579,#3575,$,$,.PARKING.,$);
#3581=IFCPROPERTYSET('2llYpLMsxA4qoTsnCTAxDp',#18,'Pset_SpaceCommon',$,(#238,#3484));
#3582=IFCPROPERTYSET('0sTmrwhgo8dWaiji4wyS0f',#18,'Pset_SpaceHeaterTypeCommon',$,(#3484));
#3583=IFCPROPERTYSINGLEVALUE('Bepalingsmethode',$,IFCTEXT('NVO'),$);
#3584=IFCPROPERTYSINGLEVALUE('BuitenruimteSoort',$,IFCTEXT('Subruimte'),$);
#3585=IFCPROPERTYSINGLEVALUE('BuitenruimteType',$,IFCTEXT('Parkeerplaats auto'),$);
#3586=IFCPROPERTYSET('2mVzePkBDX$vK$yF8mPekr',#18,'MiniGIM_ILS','',(#3583,#3584,#3585));
#3587=IFCRELDEFINESBYPROPERTIES('3zJDA36S6RrJp7g8km_Zlj',#18,$,$,(#3580),#3581);
#3588=IFCRELDEFINESBYPROPERTIES('2HBQuQ0d2XKfha0ypogE_n',#18,$,$,(#3580),#3582);
#3589=IFCRELDEFINESBYPROPERTIES('0ho7fq6rOYt4Ynq1W8h4G_',#18,$,$,(#3580),#3586);
#3590=IFCQUANTITYLENGTH('Height','',$,4.53,$);
#3591=IFCQUANTITYAREA('GrossFloorArea','',$,8.60699999999972,$);
#3592=IFCQUANTITYAREA('GrossCeilingArea','',$,11.3409673134263,$);
#3593=IFCQUANTITYVOLUME('GrossVolume','',$,0.0430349999999986,$);
#3594=IFCQUANTITYVOLUME('NetVolume','',$,0.0430349999999986,$);
#3595=IFCELEMENTQUANTITY('3T_pZrnRnZR3WemfKZ5kyx',#18,'Qto_SpaceBaseQuantities',$,$,(#3590,#3591,#3592,#3593,#3594));
#3596=IFCRELDEFINESBYPROPERTIES('3onRMB4gB8CE5oisD9uULP',#18,$,$,(#3580),#3595);
#3597=IFCMAPPEDITEM(#3472,#191);
#3598=IFCSHAPEREPRESENTATION(#24,'Body','MappedRepresentation',(#3597));
#3599=IFCPRODUCTDEFINITIONSHAPE($,$,(#3598));
#3600=IFCCARTESIANPOINT((37.6183360485817,33.2988548046356,0.));
#3601=IFCDIRECTION((-0.98742087731736,-0.158113917913053,0.));
#3602=IFCAXIS2PLACEMENT3D(#3600,#9,#3601);
#3603=IFCLOCALPLACEMENT(#41,#3602);
#3604=IFCSPACE('0ZcnFg2izD2Aqi5s8w_cLz',#18,'{$this("Description")}',$,'Parkeerplaats',#3603,#3599,$,$,.PARKING.,$);
#3605=IFCPROPERTYSET('08rlSmnDi_qiJyeEZfjLia',#18,'Pset_SpaceCommon',$,(#238,#3484));
#3606=IFCPROPERTYSET('0uiSS0C8mnOEbzKx7MQXqo',#18,'Pset_SpaceHeaterTypeCommon',$,(#3484));
#3607=IFCPROPERTYSINGLEVALUE('Bepalingsmethode',$,IFCTEXT('NVO'),$);
#3608=IFCPROPERTYSINGLEVALUE('BuitenruimteSoort',$,IFCTEXT('Subruimte'),$);
#3609=IFCPROPERTYSINGLEVALUE('BuitenruimteType',$,IFCTEXT('Parkeerplaats auto'),$);
#3610=IFCPROPERTYSET('3jfn$y9aEExG$_zRRZD9JE',#18,'MiniGIM_ILS','',(#3607,#3608,#3609));
#3611=IFCRELDEFINESBYPROPERTIES('0zpo1Ky$QcDRZeNoflF$z3',#18,$,$,(#3604),#3605);
#3612=IFCRELDEFINESBYPROPERTIES('3Sq5D9Q$MwtQcsqECH3rTo',#18,$,$,(#3604),#3606);
#3613=IFCRELDEFINESBYPROPERTIES('3OiDQuNfLBZjJJiaQhvs$i',#18,$,$,(#3604),#3610);
#3614=IFCQUANTITYLENGTH('Height','',$,4.53,$);
#3615=IFCQUANTITYAREA('GrossFloorArea','',$,8.60699999999972,$);
#3616=IFCQUANTITYAREA('GrossCeilingArea','',$,11.3409673134263,$);
#3617=IFCQUANTITYVOLUME('GrossVolume','',$,0.0430349999999986,$);
#3618=IFCQUANTITYVOLUME('NetVolume','',$,0.0430349999999986,$);
#3619=IFCELEMENTQUANTITY('3aEpAYSqCrS7PeChrS$kFi',#18,'Qto_SpaceBaseQuantities',$,$,(#3614,#3615,#3616,#3617,#3618));
#3620=IFCRELDEFINESBYPROPERTIES('0UdrBgf0k3gMELGvdgQm7O',#18,$,$,(#3604),#3619);
#3621=IFCMAPPEDITEM(#3472,#191);
#3622=IFCSHAPEREPRESENTATION(#24,'Body','MappedRepresentation',(#3621));
#3623=IFCPRODUCTDEFINITIONSHAPE($,$,(#3622));
#3624=IFCCARTESIANPOINT((35.1497838552883,32.9035700098529,0.));
#3625=IFCDIRECTION((-0.98742087731736,-0.158113917913053,0.));
#3626=IFCAXIS2PLACEMENT3D(#3624,#9,#3625);
#3627=IFCLOCALPLACEMENT(#41,#3626);
#3628=IFCSPACE('0ZcnFg2izD2Aqi5s8w_cLb',#18,'{$this("Description")}',$,'Parkeerplaats',#3627,#3623,$,$,.PARKING.,$);
#3629=IFCPROPERTYSET('3JGFaGjRWcM5aHZ5fU4pTJ',#18,'Pset_SpaceCommon',$,(#238,#3484));
#3630=IFCPROPERTYSET('049ysWxOE1_1pWChuXSzhP',#18,'Pset_SpaceHeaterTypeCommon',$,(#3484));
#3631=IFCPROPERTYSINGLEVALUE('Bepalingsmethode',$,IFCTEXT('NVO'),$);
#3632=IFCPROPERTYSINGLEVALUE('BuitenruimteSoort',$,IFCTEXT('Subruimte'),$);
#3633=IFCPROPERTYSINGLEVALUE('BuitenruimteType',$,IFCTEXT('Parkeerplaats auto'),$);
#3634=IFCPROPERTYSET('3UgAkKTtPeNeH319_4XdJ5',#18,'MiniGIM_ILS','',(#3631,#3632,#3633));
#3635=IFCRELDEFINESBYPROPERTIES('0qai3HkaROVMt7tdtUcVZW',#18,$,$,(#3628),#3629);
#3636=IFCRELDEFINESBYPROPERTIES('25ofqn9WONBasC6cuI0skn',#18,$,$,(#3628),#3630);
#3637=IFCRELDEFINESBYPROPERTIES('2mAtXBlMlspGmlmkTDMpnT',#18,$,$,(#3628),#3634);
#3638=IFCQUANTITYLENGTH('Height','',$,4.53,$);
#3639=IFCQUANTITYAREA('GrossFloorArea','',$,8.60699999999972,$);
#3640=IFCQUANTITYAREA('GrossCeilingArea','',$,11.3409673134263,$);
#3641=IFCQUANTITYVOLUME('GrossVolume','',$,0.0430349999999986,$);
#3642=IFCQUANTITYVOLUME('NetVolume','',$,0.0430349999999986,$);
#3643=IFCELEMENTQUANTITY('0H44eW2QO6A8jtcXL9AkkE',#18,'Qto_SpaceBaseQuantities',$,$,(#3638,#3639,#3640,#3641,#3642));
#3644=IFCRELDEFINESBYPROPERTIES('2LIqnR$uuYx8sgFh0tZt08',#18,$,$,(#3628),#3643);
#3645=IFCMAPPEDITEM(#3472,#191);
#3646=IFCSHAPEREPRESENTATION(#24,'Body','MappedRepresentation',(#3645));
#3647=IFCPRODUCTDEFINITIONSHAPE($,$,(#3646));
#3648=IFCCARTESIANPOINT((32.6812316619949,32.5082852150703,0.));
#3649=IFCDIRECTION((-0.98742087731736,-0.158113917913053,0.));
#3650=IFCAXIS2PLACEMENT3D(#3648,#9,#3649);
#3651=IFCLOCALPLACEMENT(#41,#3650);
#3652=IFCSPACE('0ZcnFg2izD2Aqi5s8w_cLh',#18,'{$this("Description")}',$,'Parkeerplaats',#3651,#3647,$,$,.PARKING.,$);
#3653=IFCPROPERTYSET('0ecAQpB2LtPsZatt17oJsA',#18,'Pset_SpaceCommon',$,(#238,#3484));
#3654=IFCPROPERTYSET('2Inu4lEwOsrS4ymebTtudN',#18,'Pset_SpaceHeaterTypeCommon',$,(#3484));
#3655=IFCPROPERTYSINGLEVALUE('Bepalingsmethode',$,IFCTEXT('NVO'),$);
#3656=IFCPROPERTYSINGLEVALUE('BuitenruimteSoort',$,IFCTEXT('Subruimte'),$);
#3657=IFCPROPERTYSINGLEVALUE('BuitenruimteType',$,IFCTEXT('Parkeerplaats auto'),$);
#3658=IFCPROPERTYSET('0lrmEoa6ED2l8PgW59yySs',#18,'MiniGIM_ILS','',(#3655,#3656,#3657));
#3659=IFCRELDEFINESBYPROPERTIES('0L5IL8ghjVfnt0n_ses5lt',#18,$,$,(#3652),#3653);
#3660=IFCRELDEFINESBYPROPERTIES('3Znc1aq89eEGCh$p4Jp8F7',#18,$,$,(#3652),#3654);
#3661=IFCRELDEFINESBYPROPERTIES('1fcmKiOweRxeOzI$kmhxa$',#18,$,$,(#3652),#3658);
#3662=IFCQUANTITYLENGTH('Height','',$,4.53,$);
#3663=IFCQUANTITYAREA('GrossFloorArea','',$,8.60699999999972,$);
#3664=IFCQUANTITYAREA('GrossCeilingArea','',$,11.3409673134263,$);
#3665=IFCQUANTITYVOLUME('GrossVolume','',$,0.0430349999999986,$);
#3666=IFCQUANTITYVOLUME('NetVolume','',$,0.0430349999999986,$);
#3667=IFCELEMENTQUANTITY('0UqZbGzeAjgm45tIOHZBq9',#18,'Qto_SpaceBaseQuantities',$,$,(#3662,#3663,#3664,#3665,#3666));
#3668=IFCRELDEFINESBYPROPERTIES('02utQSSTfbvPn3YcNCn1gJ',#18,$,$,(#3652),#3667);
#3669=IFCMAPPEDITEM(#3472,#191);
#3670=IFCSHAPEREPRESENTATION(#24,'Body','MappedRepresentation',(#3669));
#3671=IFCPRODUCTDEFINITIONSHAPE($,$,(#3670));
#3672=IFCCARTESIANPOINT((72.1439174809773,38.8377753473333,0.));
#3673=IFCDIRECTION((-0.98742087731736,-0.158113917913053,0.));
#3674=IFCAXIS2PLACEMENT3D(#3672,#9,#3673);
#3675=IFCLOCALPLACEMENT(#41,#3674);
#3676=IFCSPACE('0ZcnFg2izD2Aqi5s8w_cLO',#18,'{$this("Description")}',$,'Parkeerplaats',#3675,#3671,$,$,.PARKING.,$);
#3677=IFCPROPERTYSET('3Eybxpqqvuuv80n1wg7fpN',#18,'Pset_SpaceCommon',$,(#238,#3484));
#3678=IFCPROPERTYSET('3fl7dvE7cFEX01X7zSKU3h',#18,'Pset_SpaceHeaterTypeCommon',$,(#3484));
#3679=IFCPROPERTYSINGLEVALUE('Bepalingsmethode',$,IFCTEXT('NVO'),$);
#3680=IFCPROPERTYSINGLEVALUE('BuitenruimteSoort',$,IFCTEXT('Subruimte'),$);
#3681=IFCPROPERTYSINGLEVALUE('BuitenruimteType',$,IFCTEXT('Parkeerplaats auto'),$);
#3682=IFCPROPERTYSET('1XVKhwXQRLPmJPoH0I9qf3',#18,'MiniGIM_ILS','',(#3679,#3680,#3681));
#3683=IFCRELDEFINESBYPROPERTIES('32x7ur22fribdwAF4jJ11T',#18,$,$,(#3676),#3677);
#3684=IFCRELDEFINESBYPROPERTIES('2dZwOMHXokY92ji_Enmz33',#18,$,$,(#3676),#3678);
#3685=IFCRELDEFINESBYPROPERTIES('1bM_wkyYALhU8UVialXQV9',#18,$,$,(#3676),#3682);
#3686=IFCQUANTITYLENGTH('Height','',$,4.53,$);
#3687=IFCQUANTITYAREA('GrossFloorArea','',$,8.60699999999972,$);
#3688=IFCQUANTITYAREA('GrossCeilingArea','',$,11.3409673134263,$);
#3689=IFCQUANTITYVOLUME('GrossVolume','',$,0.0430349999999986,$);
#3690=IFCQUANTITYVOLUME('NetVolume','',$,0.0430349999999986,$);
#3691=IFCELEMENTQUANTITY('0TgjT4wVQrgoxtpv$P0eJV',#18,'Qto_SpaceBaseQuantities',$,$,(#3686,#3687,#3688,#3689,#3690));
#3692=IFCRELDEFINESBYPROPERTIES('1Xf7sGDs1ZsCX1wTDh6VQb',#18,$,$,(#3676),#3691);
#3693=IFCMAPPEDITEM(#3472,#191);
#3694=IFCSHAPEREPRESENTATION(#24,'Body','MappedRepresentation',(#3693));
#3695=IFCPRODUCTDEFINITIONSHAPE($,$,(#3694));
#3696=IFCCARTESIANPOINT((69.6753652876839,38.4424905525507,0.));
#3697=IFCDIRECTION((-0.98742087731736,-0.158113917913053,0.));
#3698=IFCAXIS2PLACEMENT3D(#3696,#9,#3697);
#3699=IFCLOCALPLACEMENT(#41,#3698);
#3700=IFCSPACE('0ZcnFg2izD2Aqi5s8w_cLP',#18,'{$this("Description")}',$,'Parkeerplaats',#3699,#3695,$,$,.PARKING.,$);
#3701=IFCPROPERTYSET('30FJd$mRy9$GqJ9j$uUFbG',#18,'Pset_SpaceCommon',$,(#238,#3484));
#3702=IFCPROPERTYSET('2YZ2CbTfa3CZ2T$ezPPqFn',#18,'Pset_SpaceHeaterTypeCommon',$,(#3484));
#3703=IFCPROPERTYSINGLEVALUE('Bepalingsmethode',$,IFCTEXT('NVO'),$);
#3704=IFCPROPERTYSINGLEVALUE('BuitenruimteSoort',$,IFCTEXT('Subruimte'),$);
#3705=IFCPROPERTYSINGLEVALUE('BuitenruimteType',$,IFCTEXT('Parkeerplaats auto'),$);
#3706=IFCPROPERTYSET('2sFrOUWRFVUEMvb0w01i1t',#18,'MiniGIM_ILS','',(#3703,#3704,#3705));
#3707=IFCRELDEFINESBYPROPERTIES('1v19J_MbLTV4B1OiuuAuc1',#18,$,$,(#3700),#3701);
#3708=IFCRELDEFINESBYPROPERTIES('0UD4x9bNFLuVZiapfy5haR',#18,$,$,(#3700),#3702);
#3709=IFCRELDEFINESBYPROPERTIES('1kbZG6lbyx3037Mk$_PH8N',#18,$,$,(#3700),#3706);
#3710=IFCQUANTITYLENGTH('Height','',$,4.53,$);
#3711=IFCQUANTITYAREA('GrossFloorArea','',$,8.60699999999972,$);
#3712=IFCQUANTITYAREA('GrossCeilingArea','',$,11.3409673134263,$);
#3713=IFCQUANTITYVOLUME('GrossVolume','',$,0.0430349999999986,$);
#3714=IFCQUANTITYVOLUME('NetVolume','',$,0.0430349999999986,$);
#3715=IFCELEMENTQUANTITY('12H$$SFuEL6mtXQBA56kBg',#18,'Qto_SpaceBaseQuantities',$,$,(#3710,#3711,#3712,#3713,#3714));
#3716=IFCRELDEFINESBYPROPERTIES('2aNK0sdYHs5UeAKG1i8ZeC',#18,$,$,(#3700),#3715);
#3717=IFCMAPPEDITEM(#3472,#191);
#3718=IFCSHAPEREPRESENTATION(#24,'Body','MappedRepresentation',(#3717));
#3719=IFCPRODUCTDEFINITIONSHAPE($,$,(#3718));
#3720=IFCCARTESIANPOINT((67.2068130943905,38.0472057577681,0.));
#3721=IFCDIRECTION((-0.98742087731736,-0.158113917913053,0.));
#3722=IFCAXIS2PLACEMENT3D(#3720,#9,#3721);
#3723=IFCLOCALPLACEMENT(#41,#3722);
#3724=IFCSPACE('0ZcnFg2izD2Aqi5s8w_cL6',#18,'{$this("Description")}',$,'Parkeerplaats',#3723,#3719,$,$,.PARKING.,$);
#3725=IFCPROPERTYSET('37CmWRBztGbQ_$ZMdoFI0Z',#18,'Pset_SpaceCommon',$,(#238,#3484));
#3726=IFCPROPERTYSET('0qSc78b6$obQw__OvgM80m',#18,'Pset_SpaceHeaterTypeCommon',$,(#3484));
#3727=IFCPROPERTYSINGLEVALUE('Bepalingsmethode',$,IFCTEXT('NVO'),$);
#3728=IFCPROPERTYSINGLEVALUE('BuitenruimteSoort',$,IFCTEXT('Subruimte'),$);
#3729=IFCPROPERTYSINGLEVALUE('BuitenruimteType',$,IFCTEXT('Parkeerplaats auto'),$);
#3730=IFCPROPERTYSET('2xtw5mpu8vJcadNVhKLY9I',#18,'MiniGIM_ILS','',(#3727,#3728,#3729));
#3731=IFCRELDEFINESBYPROPERTIES('0SMmFTxnjoygd98PxXbjHL',#18,$,$,(#3724),#3725);
#3732=IFCRELDEFINESBYPROPERTIES('1uYO52CFvBgxKmXv$VVmaf',#18,$,$,(#3724),#3726);
#3733=IFCRELDEFINESBYPROPERTIES('3GB3LgcLbHUCN0NfmZrLXE',#18,$,$,(#3724),#3730);
#3734=IFCQUANTITYLENGTH('Height','',$,4.53,$);
#3735=IFCQUANTITYAREA('GrossFloorArea','',$,8.60699999999972,$);
#3736=IFCQUANTITYAREA('GrossCeilingArea','',$,11.3409673134263,$);
#3737=IFCQUANTITYVOLUME('GrossVolume','',$,0.0430349999999986,$);
#3738=IFCQUANTITYVOLUME('NetVolume','',$,0.0430349999999986,$);
#3739=IFCELEMENTQUANTITY('2UOQNDfUWqQH9R$tcy4K3v',#18,'Qto_SpaceBaseQuantities',$,$,(#3734,#3735,#3736,#3737,#3738));
#3740=IFCRELDEFINESBYPROPERTIES('36evqpxTVjcSyzFmBWLFN8',#18,$,$,(#3724),#3739);
#3741=IFCMAPPEDITEM(#3472,#191);
#3742=IFCSHAPEREPRESENTATION(#24,'Body','MappedRepresentation',(#3741));
#3743=IFCPRODUCTDEFINITIONSHAPE($,$,(#3742));
#3744=IFCCARTESIANPOINT((64.7382609010971,37.6519209629855,0.));
#3745=IFCDIRECTION((-0.98742087731736,-0.158113917913053,0.));
#3746=IFCAXIS2PLACEMENT3D(#3744,#9,#3745);
#3747=IFCLOCALPLACEMENT(#41,#3746);
#3748=IFCSPACE('0ZcnFg2izD2Aqi5s8w_cL7',#18,'{$this("Description")}',$,'Parkeerplaats',#3747,#3743,$,$,.PARKING.,$);
#3749=IFCPROPERTYSET('0wkrMWiiw_UcW8vsYYInhA',#18,'Pset_SpaceCommon',$,(#238,#3484));
#3750=IFCPROPERTYSET('3Pp2mHLPEVO0VaGs61vakC',#18,'Pset_SpaceHeaterTypeCommon',$,(#3484));
#3751=IFCPROPERTYSINGLEVALUE('Bepalingsmethode',$,IFCTEXT('NVO'),$);
#3752=IFCPROPERTYSINGLEVALUE('BuitenruimteSoort',$,IFCTEXT('Subruimte'),$);
#3753=IFCPROPERTYSINGLEVALUE('BuitenruimteType',$,IFCTEXT('Parkeerplaats auto'),$);
#3754=IFCPROPERTYSET('2WyXfz6dH9Hux50L2L2nbe',#18,'MiniGIM_ILS','',(#3751,#3752,#3753));
#3755=IFCRELDEFINESBYPROPERTIES('1Q19471y1oO$2vzuzD6qsP',#18,$,$,(#3748),#3749);
#3756=IFCRELDEFINESBYPROPERTIES('2FMSdciinyfiZKnbNUie6E',#18,$,$,(#3748),#3750);
#3757=IFCRELDEFINESBYPROPERTIES('36MzO_tuYLsoUcF2$x3vFn',#18,$,$,(#3748),#3754);
#3758=IFCQUANTITYLENGTH('Height','',$,4.53,$);
#3759=IFCQUANTITYAREA('GrossFloorArea','',$,8.60699999999972,$);
#3760=IFCQUANTITYAREA('GrossCeilingArea','',$,11.3409673134263,$);
#3761=IFCQUANTITYVOLUME('GrossVolume','',$,0.0430349999999986,$);
#3762=IFCQUANTITYVOLUME('NetVolume','',$,0.0430349999999986,$);
#3763=IFCELEMENTQUANTITY('0NG_Ro3$iR4WT2kbsiFomT',#18,'Qto_SpaceBaseQuantities',$,$,(#3758,#3759,#3760,#3761,#3762));
#3764=IFCRELDEFINESBYPROPERTIES('2T26TApUcseZlSLULcCKuK',#18,$,$,(#3748),#3763);
#3765=IFCMAPPEDITEM(#3472,#191);
#3766=IFCSHAPEREPRESENTATION(#24,'Body','MappedRepresentation',(#3765));
#3767=IFCPRODUCTDEFINITIONSHAPE($,$,(#3766));
#3768=IFCCARTESIANPOINT((62.2697087078037,37.2566361682028,0.));
#3769=IFCDIRECTION((-0.98742087731736,-0.158113917913053,0.));
#3770=IFCAXIS2PLACEMENT3D(#3768,#9,#3769);
#3771=IFCLOCALPLACEMENT(#41,#3770);
#3772=IFCSPACE('0ZcnFg2izD2Aqi5s8w_cL4',#18,'{$this("Description")}',$,'Parkeerplaats',#3771,#3767,$,$,.PARKING.,$);
#3773=IFCPROPERTYSET('1CVfBNsl04Y2Kw7xRWYDhM',#18,'Pset_SpaceCommon',$,(#238,#3484));
#3774=IFCPROPERTYSET('0ceIRCWXn$rfu$wYxIm6Ft',#18,'Pset_SpaceHeaterTypeCommon',$,(#3484));
#3775=IFCPROPERTYSINGLEVALUE('Bepalingsmethode',$,IFCTEXT('NVO'),$);
#3776=IFCPROPERTYSINGLEVALUE('BuitenruimteSoort',$,IFCTEXT('Subruimte'),$);
#3777=IFCPROPERTYSINGLEVALUE('BuitenruimteType',$,IFCTEXT('Parkeerplaats auto'),$);
#3778=IFCPROPERTYSET('2nPiOoCheqDU4X0kZ5I89Z',#18,'MiniGIM_ILS','',(#3775,#3776,#3777));
#3779=IFCRELDEFINESBYPROPERTIES('1npAMGb_Btb3aWs172hYDa',#18,$,$,(#3772),#3773);
#3780=IFCRELDEFINESBYPROPERTIES('1vmYTqOyWwrwGXvEMOfwrV',#18,$,$,(#3772),#3774);
#3781=IFCRELDEFINESBYPROPERTIES('06mzzFYKj6pDmNn8$wnSA1',#18,$,$,(#3772),#3778);
#3782=IFCQUANTITYLENGTH('Height','',$,4.53,$);
#3783=IFCQUANTITYAREA('GrossFloorArea','',$,8.60699999999972,$);
#3784=IFCQUANTITYAREA('GrossCeilingArea','',$,11.3409673134263,$);
#3785=IFCQUANTITYVOLUME('GrossVolume','',$,0.0430349999999986,$);
#3786=IFCQUANTITYVOLUME('NetVolume','',$,0.0430349999999986,$);
#3787=IFCELEMENTQUANTITY('3099Orap0C$WL3tqiPuoG9',#18,'Qto_SpaceBaseQuantities',$,$,(#3782,#3783,#3784,#3785,#3786));
#3788=IFCRELDEFINESBYPROPERTIES('2FcnCqhZXf_saiiajY4_ya',#18,$,$,(#3772),#3787);
#3789=IFCMAPPEDITEM(#3472,#191);
#3790=IFCSHAPEREPRESENTATION(#24,'Body','MappedRepresentation',(#3789));
#3791=IFCPRODUCTDEFINITIONSHAPE($,$,(#3790));
#3792=IFCCARTESIANPOINT((59.8011565145103,36.8613513734202,0.));
#3793=IFCDIRECTION((-0.98742087731736,-0.158113917913053,0.));
#3794=IFCAXIS2PLACEMENT3D(#3792,#9,#3793);
#3795=IFCLOCALPLACEMENT(#41,#3794);
#3796=IFCSPACE('0ZcnFg2izD2Aqi5s8w_cL5',#18,'{$this("Description")}',$,'Parkeerplaats',#3795,#3791,$,$,.PARKING.,$);
#3797=IFCPROPERTYSET('0svgQkgrhhKEa589YCQhaD',#18,'Pset_SpaceCommon',$,(#238,#3484));
#3798=IFCPROPERTYSET('2cE5AL30MPGMU0G6nKEcka',#18,'Pset_SpaceHeaterTypeCommon',$,(#3484));
#3799=IFCPROPERTYSINGLEVALUE('Bepalingsmethode',$,IFCTEXT('NVO'),$);
#3800=IFCPROPERTYSINGLEVALUE('BuitenruimteSoort',$,IFCTEXT('Subruimte'),$);
#3801=IFCPROPERTYSINGLEVALUE('BuitenruimteType',$,IFCTEXT('Parkeerplaats auto'),$);
#3802=IFCPROPERTYSET('2u1tdkcEOk9D9dXZc0d3tF',#18,'MiniGIM_ILS','',(#3799,#3800,#3801));
#3803=IFCRELDEFINESBYPROPERTIES('3UJJBA6YPaOXWKMF3Zxq1c',#18,$,$,(#3796),#3797);
#3804=IFCRELDEFINESBYPROPERTIES('0Y0fqjC9wBEVhMDQEHYWti',#18,$,$,(#3796),#3798);
#3805=IFCRELDEFINESBYPROPERTIES('1UuYB7XU6jtcXBe8JGNsQn',#18,$,$,(#3796),#3802);
#3806=IFCQUANTITYLENGTH('Height','',$,4.53,$);
#3807=IFCQUANTITYAREA('GrossFloorArea','',$,8.60699999999972,$);
#3808=IFCQUANTITYAREA('GrossCeilingArea','',$,11.3409673134263,$);
#3809=IFCQUANTITYVOLUME('GrossVolume','',$,0.0430349999999986,$);
#3810=IFCQUANTITYVOLUME('NetVolume','',$,0.0430349999999986,$);
#3811=IFCELEMENTQUANTITY('2ks641eoREdi7MN9H$om8c',#18,'Qto_SpaceBaseQuantities',$,$,(#3806,#3807,#3808,#3809,#3810));
#3812=IFCRELDEFINESBYPROPERTIES('03z5wSI07iN82CcwYM1yId',#18,$,$,(#3796),#3811);
#3813=IFCMAPPEDITEM(#3472,#191);
#3814=IFCSHAPEREPRESENTATION(#24,'Body','MappedRepresentation',(#3813));
#3815=IFCPRODUCTDEFINITIONSHAPE($,$,(#3814));
#3816=IFCCARTESIANPOINT((57.3326043212169,36.4660665786376,0.));
#3817=IFCDIRECTION((-0.98742087731736,-0.158113917913053,0.));
#3818=IFCAXIS2PLACEMENT3D(#3816,#9,#3817);
#3819=IFCLOCALPLACEMENT(#41,#3818);
#3820=IFCSPACE('0ZcnFg2izD2Aqi5s8w_cL2',#18,'{$this("Description")}',$,'Parkeerplaats',#3819,#3815,$,$,.PARKING.,$);
#3821=IFCPROPERTYSET('0SgjYo2du4p5yZiw4grUXN',#18,'Pset_SpaceCommon',$,(#238,#3484));
#3822=IFCPROPERTYSET('0RyWuFpSY2Oy1rDrYOW_Iy',#18,'Pset_SpaceHeaterTypeCommon',$,(#3484));
#3823=IFCPROPERTYSINGLEVALUE('Bepalingsmethode',$,IFCTEXT('NVO'),$);
#3824=IFCPROPERTYSINGLEVALUE('BuitenruimteSoort',$,IFCTEXT('Subruimte'),$);
#3825=IFCPROPERTYSINGLEVALUE('BuitenruimteType',$,IFCTEXT('Parkeerplaats auto'),$);
#3826=IFCPROPERTYSET('2lpwIxJm7YrsiWyKIuyigB',#18,'MiniGIM_ILS','',(#3823,#3824,#3825));
#3827=IFCRELDEFINESBYPROPERTIES('2JRSACxsl7FkL7cFsRj30D',#18,$,$,(#3820),#3821);
#3828=IFCRELDEFINESBYPROPERTIES('3e45PY3r5VoMttodCTtUDW',#18,$,$,(#3820),#3822);
#3829=IFCRELDEFINESBYPROPERTIES('1RZwhVVAFa3B__9KlyTaRV',#18,$,$,(#3820),#3826);
#3830=IFCQUANTITYLENGTH('Height','',$,4.53,$);
#3831=IFCQUANTITYAREA('GrossFloorArea','',$,8.60699999999972,$);
#3832=IFCQUANTITYAREA('GrossCeilingArea','',$,11.3409673134263,$);
#3833=IFCQUANTITYVOLUME('GrossVolume','',$,0.0430349999999986,$);
#3834=IFCQUANTITYVOLUME('NetVolume','',$,0.0430349999999986,$);
#3835=IFCELEMENTQUANTITY('2ZMMLYz6CK0J5EjxEf61i5',#18,'Qto_SpaceBaseQuantities',$,$,(#3830,#3831,#3832,#3833,#3834));
#3836=IFCRELDEFINESBYPROPERTIES('2WqjBWYil442KKeg2KXia1',#18,$,$,(#3820),#3835);
#3837=IFCMAPPEDITEM(#3472,#191);
#3838=IFCSHAPEREPRESENTATION(#24,'Body','MappedRepresentation',(#3837));
#3839=IFCPRODUCTDEFINITIONSHAPE($,$,(#3838));
#3840=IFCCARTESIANPOINT((54.8640521279235,36.0707817838549,0.));
#3841=IFCDIRECTION((-0.98742087731736,-0.158113917913053,0.));
#3842=IFCAXIS2PLACEMENT3D(#3840,#9,#3841);
#3843=IFCLOCALPLACEMENT(#41,#3842);
#3844=IFCSPACE('0ZcnFg2izD2Aqi5s8w_cL3',#18,'{$this("Description")}',$,'Parkeerplaats',#3843,#3839,$,$,.PARKING.,$);
#3845=IFCPROPERTYSET('0w3Q58T$XK6fLFlXkFMtGl',#18,'Pset_SpaceCommon',$,(#238,#3484));
#3846=IFCPROPERTYSET('0aDvQrLu$Ihpo73vZPrIkh',#18,'Pset_SpaceHeaterTypeCommon',$,(#3484));
#3847=IFCPROPERTYSINGLEVALUE('Bepalingsmethode',$,IFCTEXT('NVO'),$);
#3848=IFCPROPERTYSINGLEVALUE('BuitenruimteSoort',$,IFCTEXT('Subruimte'),$);
#3849=IFCPROPERTYSINGLEVALUE('BuitenruimteType',$,IFCTEXT('Parkeerplaats auto'),$);
#3850=IFCPROPERTYSET('3fdRCLG3aXhbuxfdzX5exD',#18,'MiniGIM_ILS','',(#3847,#3848,#3849));
#3851=IFCRELDEFINESBYPROPERTIES('23198X1F_6WgRymUwGcBcN',#18,$,$,(#3844),#3845);
#3852=IFCRELDEFINESBYPROPERTIES('0z$ABp$Xj7m0wlkBggZg1v',#18,$,$,(#3844),#3846);
#3853=IFCRELDEFINESBYPROPERTIES('3HDIrRD$j$RnSG9uhvjHZ8',#18,$,$,(#3844),#3850);
#3854=IFCQUANTITYLENGTH('Height','',$,4.53,$);
#3855=IFCQUANTITYAREA('GrossFloorArea','',$,8.60699999999972,$);
#3856=IFCQUANTITYAREA('GrossCeilingArea','',$,11.3409673134263,$);
#3857=IFCQUANTITYVOLUME('GrossVolume','',$,0.0430349999999986,$);
#3858=IFCQUANTITYVOLUME('NetVolume','',$,0.0430349999999986,$);
#3859=IFCELEMENTQUANTITY('1ymMv8v_4L4nV8XV0zmNOQ',#18,'Qto_SpaceBaseQuantities',$,$,(#3854,#3855,#3856,#3857,#3858));
#3860=IFCRELDEFINESBYPROPERTIES('1YBxs1rzJmV_xDkX9imcjf',#18,$,$,(#3844),#3859);
#3861=IFCMAPPEDITEM(#3472,#191);
#3862=IFCSHAPEREPRESENTATION(#24,'Body','MappedRepresentation',(#3861));
#3863=IFCPRODUCTDEFINITIONSHAPE($,$,(#3862));
#3864=IFCCARTESIANPOINT((109.616793401687,44.8057469089954,0.));
#3865=IFCDIRECTION((-0.98742087731736,-0.158113917913053,0.));
#3866=IFCAXIS2PLACEMENT3D(#3864,#9,#3865);
#3867=IFCLOCALPLACEMENT(#41,#3866);
#3868=IFCSPACE('0ZcnFg2izD2Aqi5s8w_cKt',#18,'{$this("Description")}',$,'Parkeerplaats',#3867,#3863,$,$,.PARKING.,$);
#3869=IFCPROPERTYSET('3oFwYI6n6z$YApJ9DUuN02',#18,'Pset_SpaceCommon',$,(#238,#3484));
#3870=IFCPROPERTYSET('3OweafxxK8khezAUe0WW1q',#18,'Pset_SpaceHeaterTypeCommon',$,(#3484));
#3871=IFCPROPERTYSINGLEVALUE('Bepalingsmethode',$,IFCTEXT('NVO'),$);
#3872=IFCPROPERTYSINGLEVALUE('BuitenruimteSoort',$,IFCTEXT('Subruimte'),$);
#3873=IFCPROPERTYSINGLEVALUE('BuitenruimteType',$,IFCTEXT('Parkeerplaats auto'),$);
#3874=IFCPROPERTYSET('3932RFLjGdYjAe41Z7d$_N',#18,'MiniGIM_ILS','',(#3871,#3872,#3873));
#3875=IFCRELDEFINESBYPROPERTIES('2aV0Uuk6hsIQWOtbOPviHA',#18,$,$,(#3868),#3869);
#3876=IFCRELDEFINESBYPROPERTIES('1PP7evFiFNfODklEq17x$a',#18,$,$,(#3868),#3870);
#3877=IFCRELDEFINESBYPROPERTIES('34jmx$Ef1HHpE1pRPJG2Gz',#18,$,$,(#3868),#3874);
#3878=IFCQUANTITYLENGTH('Height','',$,4.53,$);
#3879=IFCQUANTITYAREA('GrossFloorArea','',$,8.60699999999972,$);
#3880=IFCQUANTITYAREA('GrossCeilingArea','',$,11.3409673134263,$);
#3881=IFCQUANTITYVOLUME('GrossVolume','',$,0.0430349999999986,$);
#3882=IFCQUANTITYVOLUME('NetVolume','',$,0.0430349999999987,$);
#3883=IFCELEMENTQUANTITY('1EUjx5FyOF7$KSCnIsV0KF',#18,'Qto_SpaceBaseQuantities',$,$,(#3878,#3879,#3880,#3881,#3882));
#3884=IFCRELDEFINESBYPROPERTIES('1KyxwfrysStBvKaJaHpmcz',#18,$,$,(#3868),#3883);
#3885=IFCMAPPEDITEM(#3472,#191);
#3886=IFCSHAPEREPRESENTATION(#24,'Body','MappedRepresentation',(#3885));
#3887=IFCPRODUCTDEFINITIONSHAPE($,$,(#3886));
#3888=IFCCARTESIANPOINT((107.148241208393,44.4104621142128,0.));
#3889=IFCDIRECTION((-0.98742087731736,-0.158113917913053,0.));
#3890=IFCAXIS2PLACEMENT3D(#3888,#9,#3889);
#3891=IFCLOCALPLACEMENT(#41,#3890);
#3892=IFCSPACE('0ZcnFg2izD2Aqi5s8w_cKq',#18,'{$this("Description")}',$,'Parkeerplaats',#3891,#3887,$,$,.PARKING.,$);
#3893=IFCPROPERTYSET('1b_j1yP6dBHHUtqWn5izJ4',#18,'Pset_SpaceCommon',$,(#238,#3484));
#3894=IFCPROPERTYSET('04FlO$YOXiullr0sV$mF88',#18,'Pset_SpaceHeaterTypeCommon',$,(#3484));
#3895=IFCPROPERTYSINGLEVALUE('Bepalingsmethode',$,IFCTEXT('NVO'),$);
#3896=IFCPROPERTYSINGLEVALUE('BuitenruimteSoort',$,IFCTEXT('Subruimte'),$);
#3897=IFCPROPERTYSINGLEVALUE('BuitenruimteType',$,IFCTEXT('Parkeerplaats auto'),$);
#3898=IFCPROPERTYSET('2ljmZdmqaoyfrJDJJK$dz0',#18,'MiniGIM_ILS','',(#3895,#3896,#3897));
#3899=IFCRELDEFINESBYPROPERTIES('3$2NhYDSNCJyutiDBg1EXh',#18,$,$,(#3892),#3893);
#3900=IFCRELDEFINESBYPROPERTIES('1pbcWbmqZ1dDQlH6ZiiQ62',#18,$,$,(#3892),#3894);
#3901=IFCRELDEFINESBYPROPERTIES('1lY9BJJhGLTJfS3B3YiIIf',#18,$,$,(#3892),#3898);
#3902=IFCQUANTITYLENGTH('Height','',$,4.53,$);
#3903=IFCQUANTITYAREA('GrossFloorArea','',$,8.60699999999972,$);
#3904=IFCQUANTITYAREA('GrossCeilingArea','',$,11.3409673134263,$);
#3905=IFCQUANTITYVOLUME('GrossVolume','',$,0.0430349999999986,$);
#3906=IFCQUANTITYVOLUME('NetVolume','',$,0.0430349999999987,$);
#3907=IFCELEMENTQUANTITY('3gjK0rHT6zyECaQbnaxl3G',#18,'Qto_SpaceBaseQuantities',$,$,(#3902,#3903,#3904,#3905,#3906));
#3908=IFCRELDEFINESBYPROPERTIES('1aGe13ncpX88nfAoQEiBUV',#18,$,$,(#3892),#3907);
#3909=IFCMAPPEDITEM(#3472,#191);
#3910=IFCSHAPEREPRESENTATION(#24,'Body','MappedRepresentation',(#3909));
#3911=IFCPRODUCTDEFINITIONSHAPE($,$,(#3910));
#3912=IFCCARTESIANPOINT((104.6796890151,44.0151773194302,0.));
#3913=IFCDIRECTION((-0.98742087731736,-0.158113917913053,0.));
#3914=IFCAXIS2PLACEMENT3D(#3912,#9,#3913);
#3915=IFCLOCALPLACEMENT(#41,#3914);
#3916=IFCSPACE('0ZcnFg2izD2Aqi5s8w_cKr',#18,'{$this("Description")}',$,'Parkeerplaats',#3915,#3911,$,$,.PARKING.,$);
#3917=IFCPROPERTYSET('1Hrgh3JRZ56XeeXpWuho2g',#18,'Pset_SpaceCommon',$,(#238,#3484));
#3918=IFCPROPERTYSET('0uslYX0sdUgOUrOuqxo5VU',#18,'Pset_SpaceHeaterTypeCommon',$,(#3484));
#3919=IFCPROPERTYSINGLEVALUE('Bepalingsmethode',$,IFCTEXT('NVO'),$);
#3920=IFCPROPERTYSINGLEVALUE('BuitenruimteSoort',$,IFCTEXT('Subruimte'),$);
#3921=IFCPROPERTYSINGLEVALUE('BuitenruimteType',$,IFCTEXT('Parkeerplaats auto'),$);
#3922=IFCPROPERTYSET('21BntZDfTooF7dEccvvV$X',#18,'MiniGIM_ILS','',(#3919,#3920,#3921));
#3923=IFCRELDEFINESBYPROPERTIES('1gYnjLxVJnLUgeDJLhj4S0',#18,$,$,(#3916),#3917);
#3924=IFCRELDEFINESBYPROPERTIES('2sZLX6V$yBmC4XjdTU6Zoi',#18,$,$,(#3916),#3918);
#3925=IFCRELDEFINESBYPROPERTIES('2mwnhJSHnTupkkWDB1iz6I',#18,$,$,(#3916),#3922);
#3926=IFCQUANTITYLENGTH('Height','',$,4.53,$);
#3927=IFCQUANTITYAREA('GrossFloorArea','',$,8.60699999999972,$);
#3928=IFCQUANTITYAREA('GrossCeilingArea','',$,11.3409673134263,$);
#3929=IFCQUANTITYVOLUME('GrossVolume','',$,0.0430349999999986,$);
#3930=IFCQUANTITYVOLUME('NetVolume','',$,0.0430349999999987,$);
#3931=IFCELEMENTQUANTITY('35a$ReqzV6ZuS0n_AaQVOj',#18,'Qto_SpaceBaseQuantities',$,$,(#3926,#3927,#3928,#3929,#3930));
#3932=IFCRELDEFINESBYPROPERTIES('0wetGyMLWDZInj9tZTwZRl',#18,$,$,(#3916),#3931);
#3933=IFCMAPPEDITEM(#3472,#191);
#3934=IFCSHAPEREPRESENTATION(#24,'Body','MappedRepresentation',(#3933));
#3935=IFCPRODUCTDEFINITIONSHAPE($,$,(#3934));
#3936=IFCCARTESIANPOINT((102.211136821806,43.6198925246475,0.));
#3937=IFCDIRECTION((-0.98742087731736,-0.158113917913053,0.));
#3938=IFCAXIS2PLACEMENT3D(#3936,#9,#3937);
#3939=IFCLOCALPLACEMENT(#41,#3938);
#3940=IFCSPACE('0ZcnFg2izD2Aqi5s8w_cKo',#18,'{$this("Description")}',$,'Parkeerplaats',#3939,#3935,$,$,.PARKING.,$);
#3941=IFCPROPERTYSET('3TkbmR3PkKg6bjINvZghJQ',#18,'Pset_SpaceCommon',$,(#238,#3484));
#3942=IFCPROPERTYSET('0U56859PXAP81xPxEI4Pui',#18,'Pset_SpaceHeaterTypeCommon',$,(#3484));
#3943=IFCPROPERTYSINGLEVALUE('Bepalingsmethode',$,IFCTEXT('NVO'),$);
#3944=IFCPROPERTYSINGLEVALUE('BuitenruimteSoort',$,IFCTEXT('Subruimte'),$);
#3945=IFCPROPERTYSINGLEVALUE('BuitenruimteType',$,IFCTEXT('Parkeerplaats auto'),$);
#3946=IFCPROPERTYSET('2n0sVI2i$GBV2dEnTvFAF9',#18,'MiniGIM_ILS','',(#3943,#3944,#3945));
#3947=IFCRELDEFINESBYPROPERTIES('16UhLRCgiwDyDhDk7iD_mD',#18,$,$,(#3940),#3941);
#3948=IFCRELDEFINESBYPROPERTIES('1eULIIuHQ6EK4aXoI$GtRb',#18,$,$,(#3940),#3942);
#3949=IFCRELDEFINESBYPROPERTIES('3rKICMNBPeLj1qh8zB7hLk',#18,$,$,(#3940),#3946);
#3950=IFCQUANTITYLENGTH('Height','',$,4.53,$);
#3951=IFCQUANTITYAREA('GrossFloorArea','',$,8.60699999999972,$);
#3952=IFCQUANTITYAREA('GrossCeilingArea','',$,11.3409673134263,$);
#3953=IFCQUANTITYVOLUME('GrossVolume','',$,0.0430349999999986,$);
#3954=IFCQUANTITYVOLUME('NetVolume','',$,0.0430349999999986,$);
#3955=IFCELEMENTQUANTITY('1jEgBkQXiINegGTJ1zxjW1',#18,'Qto_SpaceBaseQuantities',$,$,(#3950,#3951,#3952,#3953,#3954));
#3956=IFCRELDEFINESBYPROPERTIES('1Y$URbWXArkznvxqpzz$P3',#18,$,$,(#3940),#3955);
#3957=IFCMAPPEDITEM(#3472,#191);
#3958=IFCSHAPEREPRESENTATION(#24,'Body','MappedRepresentation',(#3957));
#3959=IFCPRODUCTDEFINITIONSHAPE($,$,(#3958));
#3960=IFCCARTESIANPOINT((99.7425846285129,43.2246077298649,0.));
#3961=IFCDIRECTION((-0.98742087731736,-0.158113917913053,0.));
#3962=IFCAXIS2PLACEMENT3D(#3960,#9,#3961);
#3963=IFCLOCALPLACEMENT(#41,#3962);
#3964=IFCSPACE('0ZcnFg2izD2Aqi5s8w_cKp',#18,'{$this("Description")}',$,'Parkeerplaats',#3963,#3959,$,$,.PARKING.,$);
#3965=IFCPROPERTYSET('18hkR4eKWkuTdAyXYWdDMP',#18,'Pset_SpaceCommon',$,(#238,#3484));
#3966=IFCPROPERTYSET('09O63KzHiZLG2v0TbnHLMk',#18,'Pset_SpaceHeaterTypeCommon',$,(#3484));
#3967=IFCPROPERTYSINGLEVALUE('Bepalingsmethode',$,IFCTEXT('NVO'),$);
#3968=IFCPROPERTYSINGLEVALUE('BuitenruimteSoort',$,IFCTEXT('Subruimte'),$);
#3969=IFCPROPERTYSINGLEVALUE('BuitenruimteType',$,IFCTEXT('Parkeerplaats auto'),$);
#3970=IFCPROPERTYSET('3sFLSDuCqQAQTupjQEZWOJ',#18,'MiniGIM_ILS','',(#3967,#3968,#3969));
#3971=IFCRELDEFINESBYPROPERTIES('1QoC4yzQgpQZ52TeJ4J$cT',#18,$,$,(#3964),#3965);
#3972=IFCRELDEFINESBYPROPERTIES('1orimEvva9hqpXtvAZJH44',#18,$,$,(#3964),#3966);
#3973=IFCRELDEFINESBYPROPERTIES('2njl8OrO3A3siw1gDWmPFi',#18,$,$,(#3964),#3970);
#3974=IFCQUANTITYLENGTH('Height','',$,4.53,$);
#3975=IFCQUANTITYAREA('GrossFloorArea','',$,8.60699999999972,$);
#3976=IFCQUANTITYAREA('GrossCeilingArea','',$,11.3409673134263,$);
#3977=IFCQUANTITYVOLUME('GrossVolume','',$,0.0430349999999986,$);
#3978=IFCQUANTITYVOLUME('NetVolume','',$,0.0430349999999986,$);
#3979=IFCELEMENTQUANTITY('1CzfTzSnCFK2RnoQLz9Hsq',#18,'Qto_SpaceBaseQuantities',$,$,(#3974,#3975,#3976,#3977,#3978));
#3980=IFCRELDEFINESBYPROPERTIES('1enDVHxIhJ8dFw68C3RNrS',#18,$,$,(#3964),#3979);
#3981=IFCMAPPEDITEM(#3472,#191);
#3982=IFCSHAPEREPRESENTATION(#24,'Body','MappedRepresentation',(#3981));
#3983=IFCPRODUCTDEFINITIONSHAPE($,$,(#3982));
#3984=IFCCARTESIANPOINT((97.2740324352195,42.8293229350823,0.));
#3985=IFCDIRECTION((-0.98742087731736,-0.158113917913053,0.));
#3986=IFCAXIS2PLACEMENT3D(#3984,#9,#3985);
#3987=IFCLOCALPLACEMENT(#41,#3986);
#3988=IFCSPACE('0ZcnFg2izD2Aqi5s8w_cKm',#18,'{$this("Description")}',$,'Parkeerplaats',#3987,#3983,$,$,.PARKING.,$);
#3989=IFCPROPERTYSET('0hFiWx7_UEconT2LZ0wMcp',#18,'Pset_SpaceCommon',$,(#238,#3484));
#3990=IFCPROPERTYSET('2$x0ph10$LV6veTK6ErCas',#18,'Pset_SpaceHeaterTypeCommon',$,(#3484));
#3991=IFCPROPERTYSINGLEVALUE('Bepalingsmethode',$,IFCTEXT('NVO'),$);
#3992=IFCPROPERTYSINGLEVALUE('BuitenruimteSoort',$,IFCTEXT('Subruimte'),$);
#3993=IFCPROPERTYSINGLEVALUE('BuitenruimteType',$,IFCTEXT('Parkeerplaats auto'),$);
#3994=IFCPROPERTYSET('22M8AfNDSnJg6SHa79Ynjg',#18,'MiniGIM_ILS','',(#3991,#3992,#3993));
#3995=IFCRELDEFINESBYPROPERTIES('3dnVoKak9NswdiGC9uWH2N',#18,$,$,(#3988),#3989);
#3996=IFCRELDEFINESBYPROPERTIES('2UtDg7J1T4rITF5TpkVSiF',#18,$,$,(#3988),#3990);
#3997=IFCRELDEFINESBYPROPERTIES('0FIEP3l8aEi3KgYiCVt8xo',#18,$,$,(#3988),#3994);
#3998=IFCQUANTITYLENGTH('Height','',$,4.53,$);
#3999=IFCQUANTITYAREA('GrossFloorArea','',$,8.60699999999972,$);
#4000=IFCQUANTITYAREA('GrossCeilingArea','',$,11.3409673134263,$);
#4001=IFCQUANTITYVOLUME('GrossVolume','',$,0.0430349999999986,$);
#4002=IFCQUANTITYVOLUME('NetVolume','',$,0.0430349999999986,$);
#4003=IFCELEMENTQUANTITY('1HlYxZ1llEva9jsUqBOpjx',#18,'Qto_SpaceBaseQuantities',$,$,(#3998,#3999,#4000,#4001,#4002));
#4004=IFCRELDEFINESBYPROPERTIES('3PWNu89QKRdxDkNI6z6EXT',#18,$,$,(#3988),#4003);
#4005=IFCMAPPEDITEM(#3472,#191);
#4006=IFCSHAPEREPRESENTATION(#24,'Body','MappedRepresentation',(#4005));
#4007=IFCPRODUCTDEFINITIONSHAPE($,$,(#4006));
#4008=IFCCARTESIANPOINT((94.8054802419261,42.4340381402996,0.));
#4009=IFCDIRECTION((-0.98742087731736,-0.158113917913053,0.));
#4010=IFCAXIS2PLACEMENT3D(#4008,#9,#4009);
#4011=IFCLOCALPLACEMENT(#41,#4010);
#4012=IFCSPACE('0ZcnFg2izD2Aqi5s8w_cKn',#18,'{$this("Description")}',$,'Parkeerplaats',#4011,#4007,$,$,.PARKING.,$);
#4013=IFCPROPERTYSET('0_VtEzSfULAyeP7DNKVnGJ',#18,'Pset_SpaceCommon',$,(#238,#3484));
#4014=IFCPROPERTYSET('10rr9KQGTBvB1ogwN57dX0',#18,'Pset_SpaceHeaterTypeCommon',$,(#3484));
#4015=IFCPROPERTYSINGLEVALUE('Bepalingsmethode',$,IFCTEXT('NVO'),$);
#4016=IFCPROPERTYSINGLEVALUE('BuitenruimteSoort',$,IFCTEXT('Subruimte'),$);
#4017=IFCPROPERTYSINGLEVALUE('BuitenruimteType',$,IFCTEXT('Parkeerplaats auto'),$);
#4018=IFCPROPERTYSET('1kxeJH4KrA6NmjBavDnB$_',#18,'MiniGIM_ILS','',(#4015,#4016,#4017));
#4019=IFCRELDEFINESBYPROPERTIES('3vuLyQ7dsemM$nzhBecZAY',#18,$,$,(#4012),#4013);
#4020=IFCRELDEFINESBYPROPERTIES('1Ue0O85obewdqEYke4yFDa',#18,$,$,(#4012),#4014);
#4021=IFCRELDEFINESBYPROPERTIES('3QdpxUFYhZmr3OIN4nFxCH',#18,$,$,(#4012),#4018);
#4022=IFCQUANTITYLENGTH('Height','',$,4.53,$);
#4023=IFCQUANTITYAREA('GrossFloorArea','',$,8.60699999999972,$);
#4024=IFCQUANTITYAREA('GrossCeilingArea','',$,11.3409673134263,$);
#4025=IFCQUANTITYVOLUME('GrossVolume','',$,0.0430349999999986,$);
#4026=IFCQUANTITYVOLUME('NetVolume','',$,0.0430349999999986,$);
#4027=IFCELEMENTQUANTITY('0FYHDjiPgX3G8K4Meli4rq',#18,'Qto_SpaceBaseQuantities',$,$,(#4022,#4023,#4024,#4025,#4026));
#4028=IFCRELDEFINESBYPROPERTIES('3jRpPgGKWkGYOSOToxX1Ns',#18,$,$,(#4012),#4027);
#4029=IFCMAPPEDITEM(#3472,#191);
#4030=IFCSHAPEREPRESENTATION(#24,'Body','MappedRepresentation',(#4029));
#4031=IFCPRODUCTDEFINITIONSHAPE($,$,(#4030));
#4032=IFCCARTESIANPOINT((92.3369280486328,42.038753345517,0.));
#4033=IFCDIRECTION((-0.98742087731736,-0.158113917913053,0.));
#4034=IFCAXIS2PLACEMENT3D(#4032,#9,#4033);
#4035=IFCLOCALPLACEMENT(#41,#4034);
#4036=IFCSPACE('0ZcnFg2izD2Aqi5s8w_cK_',#18,'{$this("Description")}',$,'Parkeerplaats',#4035,#4031,$,$,.PARKING.,$);
#4037=IFCPROPERTYSET('1XTm$NBeq5jDwdI7Z309bZ',#18,'Pset_SpaceCommon',$,(#238,#3484));
#4038=IFCPROPERTYSET('2CpNSQJQTVT8h2c5kJmbkk',#18,'Pset_SpaceHeaterTypeCommon',$,(#3484));
#4039=IFCPROPERTYSINGLEVALUE('Bepalingsmethode',$,IFCTEXT('NVO'),$);
#4040=IFCPROPERTYSINGLEVALUE('BuitenruimteSoort',$,IFCTEXT('Subruimte'),$);
#4041=IFCPROPERTYSINGLEVALUE('BuitenruimteType',$,IFCTEXT('Parkeerplaats auto'),$);
#4042=IFCPROPERTYSET('34$OASnJOf6EdUOKwfzxQm',#18,'MiniGIM_ILS','',(#4039,#4040,#4041));
#4043=IFCRELDEFINESBYPROPERTIES('1RcSMGkAa9r_fhqUD77B$N',#18,$,$,(#4036),#4037);
#4044=IFCRELDEFINESBYPROPERTIES('2qRg3Owcm0_77XWv70w2JA',#18,$,$,(#4036),#4038);
#4045=IFCRELDEFINESBYPROPERTIES('2tpQY8BDyRSDpKotmE$n1j',#18,$,$,(#4036),#4042);
#4046=IFCQUANTITYLENGTH('Height','',$,4.53,$);
#4047=IFCQUANTITYAREA('GrossFloorArea','',$,8.60699999999972,$);
#4048=IFCQUANTITYAREA('GrossCeilingArea','',$,11.3409673134263,$);
#4049=IFCQUANTITYVOLUME('GrossVolume','',$,0.0430349999999986,$);
#4050=IFCQUANTITYVOLUME('NetVolume','',$,0.0430349999999986,$);
#4051=IFCELEMENTQUANTITY('3BTwaceK8cuxBKKH1XFZFP',#18,'Qto_SpaceBaseQuantities',$,$,(#4046,#4047,#4048,#4049,#4050));
#4052=IFCRELDEFINESBYPROPERTIES('2oJp6aIGTi9_jup1qoSlxe',#18,$,$,(#4036),#4051);
#4053=IFCMAPPEDITEM(#3472,#191);
#4054=IFCSHAPEREPRESENTATION(#24,'Body','MappedRepresentation',(#4053));
#4055=IFCPRODUCTDEFINITIONSHAPE($,$,(#4054));
#4056=IFCCARTESIANPOINT((131.803873010511,48.3514429802223,0.));
#4057=IFCDIRECTION((-0.98742087731736,-0.158113917913053,0.));
#4058=IFCAXIS2PLACEMENT3D(#4056,#9,#4057);
#4059=IFCLOCALPLACEMENT(#41,#4058);
#4060=IFCSPACE('0ZcnFg2izD2Aqi5s8w_cKa',#18,'{$this("Description")}',$,'Parkeerplaats',#4059,#4055,$,$,.PARKING.,$);
#4061=IFCPROPERTYSET('1G4H7buqG_hMoWt9CiLOW7',#18,'Pset_SpaceCommon',$,(#238,#3484));
#4062=IFCPROPERTYSET('3QOpHZqasfZ6iZAA_N4Fu_',#18,'Pset_SpaceHeaterTypeCommon',$,(#3484));
#4063=IFCPROPERTYSINGLEVALUE('Bepalingsmethode',$,IFCTEXT('NVO'),$);
#4064=IFCPROPERTYSINGLEVALUE('BuitenruimteSoort',$,IFCTEXT('Subruimte'),$);
#4065=IFCPROPERTYSINGLEVALUE('BuitenruimteType',$,IFCTEXT('Parkeerplaats auto'),$);
#4066=IFCPROPERTYSET('1zsyswDyFGy1rdKkG1k$i0',#18,'MiniGIM_ILS','',(#4063,#4064,#4065));
#4067=IFCRELDEFINESBYPROPERTIES('1FVCv1fRtQ$DCuECwCZvu$',#18,$,$,(#4060),#4061);
#4068=IFCRELDEFINESBYPROPERTIES('2slri$CA2ImAKtPdP4L1nr',#18,$,$,(#4060),#4062);
#4069=IFCRELDEFINESBYPROPERTIES('1Ir3ysh3AXXHwTxaVBDHvh',#18,$,$,(#4060),#4066);
#4070=IFCQUANTITYLENGTH('Height','',$,4.53,$);
#4071=IFCQUANTITYAREA('GrossFloorArea','',$,8.60699999999972,$);
#4072=IFCQUANTITYAREA('GrossCeilingArea','',$,11.3409673134263,$);
#4073=IFCQUANTITYVOLUME('GrossVolume','',$,0.0430349999999986,$);
#4074=IFCQUANTITYVOLUME('NetVolume','',$,0.0430349999999987,$);
#4075=IFCELEMENTQUANTITY('1$alFKOJXsnREp$JQYToFu',#18,'Qto_SpaceBaseQuantities',$,$,(#4070,#4071,#4072,#4073,#4074));
#4076=IFCRELDEFINESBYPROPERTIES('0uDAHTz2IYoNRK5EH6KKL4',#18,$,$,(#4060),#4075);
#4077=IFCMAPPEDITEM(#3472,#191);
#4078=IFCSHAPEREPRESENTATION(#24,'Body','MappedRepresentation',(#4077));
#4079=IFCPRODUCTDEFINITIONSHAPE($,$,(#4078));
#4080=IFCCARTESIANPOINT((129.335320817218,47.9561581854397,0.));
#4081=IFCDIRECTION((-0.98742087731736,-0.158113917913053,0.));
#4082=IFCAXIS2PLACEMENT3D(#4080,#9,#4081);
#4083=IFCLOCALPLACEMENT(#41,#4082);
#4084=IFCSPACE('0ZcnFg2izD2Aqi5s8w_cKb',#18,'{$this("Description")}',$,'Parkeerplaats',#4083,#4079,$,$,.PARKING.,$);
#4085=IFCPROPERTYSET('33Vc1CF1GE7SJ8zjwsJOoo',#18,'Pset_SpaceCommon',$,(#238,#3484));
#4086=IFCPROPERTYSET('3rHmlnVrArGcliUa3o_VKt',#18,'Pset_SpaceHeaterTypeCommon',$,(#3484));
#4087=IFCPROPERTYSINGLEVALUE('Bepalingsmethode',$,IFCTEXT('NVO'),$);
#4088=IFCPROPERTYSINGLEVALUE('BuitenruimteSoort',$,IFCTEXT('Subruimte'),$);
#4089=IFCPROPERTYSINGLEVALUE('BuitenruimteType',$,IFCTEXT('Parkeerplaats auto'),$);
#4090=IFCPROPERTYSET('1KXATPFtLea1LfIz2mG12Y',#18,'MiniGIM_ILS','',(#4087,#4088,#4089));
#4091=IFCRELDEFINESBYPROPERTIES('2TfVUakm$0EJO50MqlDAJM',#18,$,$,(#4084),#4085);
#4092=IFCRELDEFINESBYPROPERTIES('2drfmk880t7tUXCJfAV_$x',#18,$,$,(#4084),#4086);
#4093=IFCRELDEFINESBYPROPERTIES('1JF3P6UmTxlwqI_2sUs9zz',#18,$,$,(#4084),#4090);
#4094=IFCQUANTITYLENGTH('Height','',$,4.53,$);
#4095=IFCQUANTITYAREA('GrossFloorArea','',$,8.60699999999972,$);
#4096=IFCQUANTITYAREA('GrossCeilingArea','',$,11.3409673134263,$);
#4097=IFCQUANTITYVOLUME('GrossVolume','',$,0.0430349999999986,$);
#4098=IFCQUANTITYVOLUME('NetVolume','',$,0.0430349999999987,$);
#4099=IFCELEMENTQUANTITY('0X2uKL0Il0VuArRXOVKTCj',#18,'Qto_SpaceBaseQuantities',$,$,(#4094,#4095,#4096,#4097,#4098));
#4100=IFCRELDEFINESBYPROPERTIES('3fTyOl2997qXqBZaUEalsT',#18,$,$,(#4084),#4099);
#4101=IFCMAPPEDITEM(#3472,#191);
#4102=IFCSHAPEREPRESENTATION(#24,'Body','MappedRepresentation',(#4101));
#4103=IFCPRODUCTDEFINITIONSHAPE($,$,(#4102));
#4104=IFCCARTESIANPOINT((126.866768623924,47.5608733906571,0.));
#4105=IFCDIRECTION((-0.98742087731736,-0.158113917913053,0.));
#4106=IFCAXIS2PLACEMENT3D(#4104,#9,#4105);
#4107=IFCLOCALPLACEMENT(#41,#4106);
#4108=IFCSPACE('0ZcnFg2izD2Aqi5s8w_cKY',#18,'{$this("Description")}',$,'Parkeerplaats',#4107,#4103,$,$,.PARKING.,$);
#4109=IFCPROPERTYSET('0JWN3PyTrcaj_LsjYRxGUZ',#18,'Pset_SpaceCommon',$,(#238,#3484));
#4110=IFCPROPERTYSET('0Emg$OFlKhx6btWmJdCWxU',#18,'Pset_SpaceHeaterTypeCommon',$,(#3484));
#4111=IFCPROPERTYSINGLEVALUE('Bepalingsmethode',$,IFCTEXT('NVO'),$);
#4112=IFCPROPERTYSINGLEVALUE('BuitenruimteSoort',$,IFCTEXT('Subruimte'),$);
#4113=IFCPROPERTYSINGLEVALUE('BuitenruimteType',$,IFCTEXT('Parkeerplaats auto'),$);
#4114=IFCPROPERTYSET('1475OeJm$XnX4EqjcxtdbG',#18,'MiniGIM_ILS','',(#4111,#4112,#4113));
#4115=IFCRELDEFINESBYPROPERTIES('09U1GHlUweaJDm6M7pri4q',#18,$,$,(#4108),#4109);
#4116=IFCRELDEFINESBYPROPERTIES('2CET37itWIRpexe0wDUM9u',#18,$,$,(#4108),#4110);
#4117=IFCRELDEFINESBYPROPERTIES('3jsIjS5566OKub8Om3TvDy',#18,$,$,(#4108),#4114);
#4118=IFCQUANTITYLENGTH('Height','',$,4.53,$);
#4119=IFCQUANTITYAREA('GrossFloorArea','',$,8.60699999999972,$);
#4120=IFCQUANTITYAREA('GrossCeilingArea','',$,11.3409673134263,$);
#4121=IFCQUANTITYVOLUME('GrossVolume','',$,0.0430349999999986,$);
#4122=IFCQUANTITYVOLUME('NetVolume','',$,0.0430349999999987,$);
#4123=IFCELEMENTQUANTITY('1qv5J$84ZxJbr0CDHSSXcG',#18,'Qto_SpaceBaseQuantities',$,$,(#4118,#4119,#4120,#4121,#4122));
#4124=IFCRELDEFINESBYPROPERTIES('1M1vE5gSdb1QiQa7Pol0eu',#18,$,$,(#4108),#4123);
#4125=IFCMAPPEDITEM(#3472,#191);
#4126=IFCSHAPEREPRESENTATION(#24,'Body','MappedRepresentation',(#4125));
#4127=IFCPRODUCTDEFINITIONSHAPE($,$,(#4126));
#4128=IFCCARTESIANPOINT((124.398216430631,47.1655885958745,0.));
#4129=IFCDIRECTION((-0.98742087731736,-0.158113917913053,0.));
#4130=IFCAXIS2PLACEMENT3D(#4128,#9,#4129);
#4131=IFCLOCALPLACEMENT(#41,#4130);
#4132=IFCSPACE('0ZcnFg2izD2Aqi5s8w_cKZ',#18,'{$this("Description")}',$,'Parkeerplaats',#4131,#4127,$,$,.PARKING.,$);
#4133=IFCPROPERTYSET('3Q3GRARCDaAEPGErdh$b_w',#18,'Pset_SpaceCommon',$,(#238,#3484));
#4134=IFCPROPERTYSET('0sU$OOd4gTGkU07MZKdddE',#18,'Pset_SpaceHeaterTypeCommon',$,(#3484));
#4135=IFCPROPERTYSINGLEVALUE('Bepalingsmethode',$,IFCTEXT('NVO'),$);
#4136=IFCPROPERTYSINGLEVALUE('BuitenruimteSoort',$,IFCTEXT('Subruimte'),$);
#4137=IFCPROPERTYSINGLEVALUE('BuitenruimteType',$,IFCTEXT('Parkeerplaats auto'),$);
#4138=IFCPROPERTYSET('1KGgpyyixLFrTkfqb4tsAs',#18,'MiniGIM_ILS','',(#4135,#4136,#4137));
#4139=IFCRELDEFINESBYPROPERTIES('21B0z72nlRe7D5_4C$RTQh',#18,$,$,(#4132),#4133);
#4140=IFCRELDEFINESBYPROPERTIES('2GHk4CFJ2tQwXegGcc723n',#18,$,$,(#4132),#4134);
#4141=IFCRELDEFINESBYPROPERTIES('3kdQGNxre565UGHjbLd4Ib',#18,$,$,(#4132),#4138);
#4142=IFCQUANTITYLENGTH('Height','',$,4.53,$);
#4143=IFCQUANTITYAREA('GrossFloorArea','',$,8.60699999999972,$);
#4144=IFCQUANTITYAREA('GrossCeilingArea','',$,11.3409673134263,$);
#4145=IFCQUANTITYVOLUME('GrossVolume','',$,0.0430349999999986,$);
#4146=IFCQUANTITYVOLUME('NetVolume','',$,0.0430349999999987,$);
#4147=IFCELEMENTQUANTITY('33OpBuD67bZYpXqgoSuvWI',#18,'Qto_SpaceBaseQuantities',$,$,(#4142,#4143,#4144,#4145,#4146));
#4148=IFCRELDEFINESBYPROPERTIES('1WkA6x9QcuNSRcEW6lfiE2',#18,$,$,(#4132),#4147);
#4149=IFCMAPPEDITEM(#3472,#191);
#4150=IFCSHAPEREPRESENTATION(#24,'Body','MappedRepresentation',(#4149));
#4151=IFCPRODUCTDEFINITIONSHAPE($,$,(#4150));
#4152=IFCCARTESIANPOINT((121.929664237337,46.7703038010918,0.));
#4153=IFCDIRECTION((-0.98742087731736,-0.158113917913053,0.));
#4154=IFCAXIS2PLACEMENT3D(#4152,#9,#4153);
#4155=IFCLOCALPLACEMENT(#41,#4154);
#4156=IFCSPACE('0ZcnFg2izD2Aqi5s8w_cKW',#18,'{$this("Description")}',$,'Parkeerplaats',#4155,#4151,$,$,.PARKING.,$);
#4157=IFCPROPERTYSET('298yZL6KLvBEwLQCNNnng6',#18,'Pset_SpaceCommon',$,(#238,#3484));
#4158=IFCPROPERTYSET('2S5K5Pbm_liKasWaJPOcj_',#18,'Pset_SpaceHeaterTypeCommon',$,(#3484));
#4159=IFCPROPERTYSINGLEVALUE('Bepalingsmethode',$,IFCTEXT('NVO'),$);
#4160=IFCPROPERTYSINGLEVALUE('BuitenruimteSoort',$,IFCTEXT('Subruimte'),$);
#4161=IFCPROPERTYSINGLEVALUE('BuitenruimteType',$,IFCTEXT('Parkeerplaats auto'),$);
#4162=IFCPROPERTYSET('2$bcLgSfkCPiyPxSXw8HD0',#18,'MiniGIM_ILS','',(#4159,#4160,#4161));
#4163=IFCRELDEFINESBYPROPERTIES('1KN0EEXC1Ylbf$MYKUViOQ',#18,$,$,(#4156),#4157);
#4164=IFCRELDEFINESBYPROPERTIES('21kP7YbLMJ592bEIRLFCGM',#18,$,$,(#4156),#4158);
#4165=IFCRELDEFINESBYPROPERTIES('263CKaTc2l4rVOh70LdMNO',#18,$,$,(#4156),#4162);
#4166=IFCQUANTITYLENGTH('Height','',$,4.53,$);
#4167=IFCQUANTITYAREA('GrossFloorArea','',$,8.60699999999972,$);
#4168=IFCQUANTITYAREA('GrossCeilingArea','',$,11.3409673134263,$);
#4169=IFCQUANTITYVOLUME('GrossVolume','',$,0.0430349999999986,$);
#4170=IFCQUANTITYVOLUME('NetVolume','',$,0.0430349999999987,$);
#4171=IFCELEMENTQUANTITY('3OEVuxW$QTWZkE1aYEk1PW',#18,'Qto_SpaceBaseQuantities',$,$,(#4166,#4167,#4168,#4169,#4170));
#4172=IFCRELDEFINESBYPROPERTIES('2y$Pjo7aTlTUM9toy6WRIa',#18,$,$,(#4156),#4171);
#4173=IFCMAPPEDITEM(#3472,#191);
#4174=IFCSHAPEREPRESENTATION(#24,'Body','MappedRepresentation',(#4173));
#4175=IFCPRODUCTDEFINITIONSHAPE($,$,(#4174));
#4176=IFCCARTESIANPOINT((119.461112044044,46.3750190063092,0.));
#4177=IFCDIRECTION((-0.98742087731736,-0.158113917913053,0.));
#4178=IFCAXIS2PLACEMENT3D(#4176,#9,#4177);
#4179=IFCLOCALPLACEMENT(#41,#4178);
#4180=IFCSPACE('0ZcnFg2izD2Aqi5s8w_cKX',#18,'{$this("Description")}',$,'Parkeerplaats',#4179,#4175,$,$,.PARKING.,$);
#4181=IFCPROPERTYSET('3OPJNT7vN_g35DAgwXU3_J',#18,'Pset_SpaceCommon',$,(#238,#3484));
#4182=IFCPROPERTYSET('2DSw$gzI9rHeqKNY46hbo9',#18,'Pset_SpaceHeaterTypeCommon',$,(#3484));
#4183=IFCPROPERTYSINGLEVALUE('Bepalingsmethode',$,IFCTEXT('NVO'),$);
#4184=IFCPROPERTYSINGLEVALUE('BuitenruimteSoort',$,IFCTEXT('Subruimte'),$);
#4185=IFCPROPERTYSINGLEVALUE('BuitenruimteType',$,IFCTEXT('Parkeerplaats auto'),$);
#4186=IFCPROPERTYSET('2xriWU1dcVeEEgqF7q_a_B',#18,'MiniGIM_ILS','',(#4183,#4184,#4185));
#4187=IFCRELDEFINESBYPROPERTIES('3seVKpGfSA0KP3A7cSZqqa',#18,$,$,(#4180),#4181);
#4188=IFCRELDEFINESBYPROPERTIES('1woqDCr1HGZ9k5N3$C0BCT',#18,$,$,(#4180),#4182);
#4189=IFCRELDEFINESBYPROPERTIES('1ZnCiJzH6VR8yFA2TxsA4m',#18,$,$,(#4180),#4186);
#4190=IFCQUANTITYLENGTH('Height','',$,4.53,$);
#4191=IFCQUANTITYAREA('GrossFloorArea','',$,8.60699999999972,$);
#4192=IFCQUANTITYAREA('GrossCeilingArea','',$,11.3409673134263,$);
#4193=IFCQUANTITYVOLUME('GrossVolume','',$,0.0430349999999986,$);
#4194=IFCQUANTITYVOLUME('NetVolume','',$,0.0430349999999987,$);
#4195=IFCELEMENTQUANTITY('0wIEt45mqM1L3m_G5nW9Qe',#18,'Qto_SpaceBaseQuantities',$,$,(#4190,#4191,#4192,#4193,#4194));
#4196=IFCRELDEFINESBYPROPERTIES('198rU07ejdT184$y0D9Pnk',#18,$,$,(#4180),#4195);
#4197=IFCMAPPEDITEM(#3472,#191);
#4198=IFCSHAPEREPRESENTATION(#24,'Body','MappedRepresentation',(#4197));
#4199=IFCPRODUCTDEFINITIONSHAPE($,$,(#4198));
#4200=IFCCARTESIANPOINT((116.992559850751,45.9797342115266,0.));
#4201=IFCDIRECTION((-0.98742087731736,-0.158113917913053,0.));
#4202=IFCAXIS2PLACEMENT3D(#4200,#9,#4201);
#4203=IFCLOCALPLACEMENT(#41,#4202);
#4204=IFCSPACE('0ZcnFg2izD2Aqi5s8w_cKk',#18,'{$this("Description")}',$,'Parkeerplaats',#4203,#4199,$,$,.PARKING.,$);
#4205=IFCPROPERTYSET('1UT3dY8RLbz46kxT5_MIuX',#18,'Pset_SpaceCommon',$,(#238,#3484));
#4206=IFCPROPERTYSET('2JLOhSRIrsDsTFtAftPsaU',#18,'Pset_SpaceHeaterTypeCommon',$,(#3484));
#4207=IFCPROPERTYSINGLEVALUE('Bepalingsmethode',$,IFCTEXT('NVO'),$);
#4208=IFCPROPERTYSINGLEVALUE('BuitenruimteSoort',$,IFCTEXT('Subruimte'),$);
#4209=IFCPROPERTYSINGLEVALUE('BuitenruimteType',$,IFCTEXT('Parkeerplaats auto'),$);
#4210=IFCPROPERTYSET('2g_eMiYji9ZIIks5p3n2XN',#18,'MiniGIM_ILS','',(#4207,#4208,#4209));
#4211=IFCRELDEFINESBYPROPERTIES('0np6yH3opoWfrD3dhj5TF1',#18,$,$,(#4204),#4205);
#4212=IFCRELDEFINESBYPROPERTIES('0C4KKfaaKE3i8JT0YDoUBT',#18,$,$,(#4204),#4206);
#4213=IFCRELDEFINESBYPROPERTIES('3PYj0XJGMJqmyW6g$UXaV$',#18,$,$,(#4204),#4210);
#4214=IFCQUANTITYLENGTH('Height','',$,4.53,$);
#4215=IFCQUANTITYAREA('GrossFloorArea','',$,8.60699999999972,$);
#4216=IFCQUANTITYAREA('GrossCeilingArea','',$,11.3409673134263,$);
#4217=IFCQUANTITYVOLUME('GrossVolume','',$,0.0430349999999986,$);
#4218=IFCQUANTITYVOLUME('NetVolume','',$,0.0430349999999987,$);
#4219=IFCELEMENTQUANTITY('0ezPFMDZj6KSrL8WAdkleU',#18,'Qto_SpaceBaseQuantities',$,$,(#4214,#4215,#4216,#4217,#4218));
#4220=IFCRELDEFINESBYPROPERTIES('3l3jViqe9zzw6dmIcWQgWg',#18,$,$,(#4204),#4219);
#4221=IFCMAPPEDITEM(#3472,#191);
#4222=IFCSHAPEREPRESENTATION(#24,'Body','MappedRepresentation',(#4221));
#4223=IFCPRODUCTDEFINITIONSHAPE($,$,(#4222));
#4224=IFCCARTESIANPOINT((114.524007657457,45.5844494167439,0.));
#4225=IFCDIRECTION((-0.98742087731736,-0.158113917913053,0.));
#4226=IFCAXIS2PLACEMENT3D(#4224,#9,#4225);
#4227=IFCLOCALPLACEMENT(#41,#4226);
#4228=IFCSPACE('0ZcnFg2izD2Aqi5s8w_cKl',#18,'{$this("Description")}',$,'Parkeerplaats',#4227,#4223,$,$,.PARKING.,$);
#4229=IFCPROPERTYSET('0EdZFFZNLWW68wdrdBn44F',#18,'Pset_SpaceCommon',$,(#238,#3484));
#4230=IFCPROPERTYSET('09nzScWYlqRx6KwrZXnkM6',#18,'Pset_SpaceHeaterTypeCommon',$,(#3484));
#4231=IFCPROPERTYSINGLEVALUE('Bepalingsmethode',$,IFCTEXT('NVO'),$);
#4232=IFCPROPERTYSINGLEVALUE('BuitenruimteSoort',$,IFCTEXT('Subruimte'),$);
#4233=IFCPROPERTYSINGLEVALUE('BuitenruimteType',$,IFCTEXT('Parkeerplaats auto'),$);
#4234=IFCPROPERTYSET('3_ZuqAknUx8kJGhhXzgRW5',#18,'MiniGIM_ILS','',(#4231,#4232,#4233));
#4235=IFCRELDEFINESBYPROPERTIES('1LEXWpAP8nrUqTH8fQLXsl',#18,$,$,(#4228),#4229);
#4236=IFCRELDEFINESBYPROPERTIES('3_ZuwEVIS6nAh$jb0DWq$n',#18,$,$,(#4228),#4230);
#4237=IFCRELDEFINESBYPROPERTIES('1Py00vhQNxkcg7JxHMSWM1',#18,$,$,(#4228),#4234);
#4238=IFCQUANTITYLENGTH('Height','',$,4.53,$);
#4239=IFCQUANTITYAREA('GrossFloorArea','',$,8.60699999999972,$);
#4240=IFCQUANTITYAREA('GrossCeilingArea','',$,11.3409673134263,$);
#4241=IFCQUANTITYVOLUME('GrossVolume','',$,0.0430349999999986,$);
#4242=IFCQUANTITYVOLUME('NetVolume','',$,0.0430349999999987,$);
#4243=IFCELEMENTQUANTITY('2IgcsVEpdC7rniHeaIL_DT',#18,'Qto_SpaceBaseQuantities',$,$,(#4238,#4239,#4240,#4241,#4242));
#4244=IFCRELDEFINESBYPROPERTIES('2FClivmyJ$g7YKrOCeAfE2',#18,$,$,(#4228),#4243);
#4245=IFCMAPPEDITEM(#3472,#191);
#4246=IFCSHAPEREPRESENTATION(#24,'Body','MappedRepresentation',(#4245));
#4247=IFCPRODUCTDEFINITIONSHAPE($,$,(#4246));
#4248=IFCCARTESIANPOINT((31.7636993736505,38.4162537630173,0.));
#4249=IFCDIRECTION((0.98742087731736,0.15811391791305,0.));
#4250=IFCAXIS2PLACEMENT3D(#4248,#9,#4249);
#4251=IFCLOCALPLACEMENT(#41,#4250);
#4252=IFCSPACE('0ZcnFg2izD2Aqi5s8w_cKU',#18,'{$this("Description")}',$,'Parkeerplaats',#4251,#4247,$,$,.PARKING.,$);
#4253=IFCPROPERTYSET('2njp1hOlfF2e7ZXGBVgQI_',#18,'Pset_SpaceCommon',$,(#238,#3484));
#4254=IFCPROPERTYSET('19FSs0Wm_PDuYw0e0nBcYM',#18,'Pset_SpaceHeaterTypeCommon',$,(#3484));
#4255=IFCPROPERTYSINGLEVALUE('Bepalingsmethode',$,IFCTEXT('NVO'),$);
#4256=IFCPROPERTYSINGLEVALUE('BuitenruimteSoort',$,IFCTEXT('Subruimte'),$);
#4257=IFCPROPERTYSINGLEVALUE('BuitenruimteType',$,IFCTEXT('Parkeerplaats auto'),$);
#4258=IFCPROPERTYSET('10fr0s5rPjnaxBXRR0GyDg',#18,'MiniGIM_ILS','',(#4255,#4256,#4257));
#4259=IFCRELDEFINESBYPROPERTIES('2JaqHWVNDazy2bGlmlvNXN',#18,$,$,(#4252),#4253);
#4260=IFCRELDEFINESBYPROPERTIES('3$4dav2Ad$qwe54UyOwHY$',#18,$,$,(#4252),#4254);
#4261=IFCRELDEFINESBYPROPERTIES('09fRy3H28qHDWgy6qvKt0O',#18,$,$,(#4252),#4258);
#4262=IFCQUANTITYLENGTH('Height','',$,4.53,$);
#4263=IFCQUANTITYAREA('GrossFloorArea','',$,8.60699999999972,$);
#4264=IFCQUANTITYAREA('GrossCeilingArea','',$,11.3409673134263,$);
#4265=IFCQUANTITYVOLUME('GrossVolume','',$,0.0430349999999986,$);
#4266=IFCQUANTITYVOLUME('NetVolume','',$,0.0430349999999986,$);
#4267=IFCELEMENTQUANTITY('3Nz6Tjx1oj0y4m$Pe98Ysh',#18,'Qto_SpaceBaseQuantities',$,$,(#4262,#4263,#4264,#4265,#4266));
#4268=IFCRELDEFINESBYPROPERTIES('13jX8wmxmJMtzPYIJzwZdy',#18,$,$,(#4252),#4267);
#4269=IFCMAPPEDITEM(#3472,#191);
#4270=IFCSHAPEREPRESENTATION(#24,'Body','MappedRepresentation',(#4269));
#4271=IFCPRODUCTDEFINITIONSHAPE($,$,(#4270));
#4272=IFCCARTESIANPOINT((34.2322515669439,38.8115385577999,0.));
#4273=IFCDIRECTION((0.98742087731736,0.15811391791305,0.));
#4274=IFCAXIS2PLACEMENT3D(#4272,#9,#4273);
#4275=IFCLOCALPLACEMENT(#41,#4274);
#4276=IFCSPACE('0ZcnFg2izD2Aqi5s8w_cKV',#18,'{$this("Description")}',$,'Parkeerplaats',#4275,#4271,$,$,.PARKING.,$);
#4277=IFCPROPERTYSET('2TK0mikUHy17M7rUyUlJmo',#18,'Pset_SpaceCommon',$,(#238,#3484));
#4278=IFCPROPERTYSET('3V9NB2WaYCVxUM$TtK513A',#18,'Pset_SpaceHeaterTypeCommon',$,(#3484));
#4279=IFCPROPERTYSINGLEVALUE('Bepalingsmethode',$,IFCTEXT('NVO'),$);
#4280=IFCPROPERTYSINGLEVALUE('BuitenruimteSoort',$,IFCTEXT('Subruimte'),$);
#4281=IFCPROPERTYSINGLEVALUE('BuitenruimteType',$,IFCTEXT('Parkeerplaats auto'),$);
#4282=IFCPROPERTYSET('0OGdkiQMUf1k8WCujDJv6v',#18,'MiniGIM_ILS','',(#4279,#4280,#4281));
#4283=IFCRELDEFINESBYPROPERTIES('0LDMpcwiIWBwCHHQ0Da$uN',#18,$,$,(#4276),#4277);
#4284=IFCRELDEFINESBYPROPERTIES('2Ctymug5$D0ZPhQZSMsZM9',#18,$,$,(#4276),#4278);
#4285=IFCRELDEFINESBYPROPERTIES('0egX9ruCSy4bP1AjmV39Pw',#18,$,$,(#4276),#4282);
#4286=IFCQUANTITYLENGTH('Height','',$,4.53,$);
#4287=IFCQUANTITYAREA('GrossFloorArea','',$,8.60699999999972,$);
#4288=IFCQUANTITYAREA('GrossCeilingArea','',$,11.3409673134263,$);
#4289=IFCQUANTITYVOLUME('GrossVolume','',$,0.0430349999999986,$);
#4290=IFCQUANTITYVOLUME('NetVolume','',$,0.0430349999999986,$);
#4291=IFCELEMENTQUANTITY('3Xj8SK6R_le0lJah5U4T1O',#18,'Qto_SpaceBaseQuantities',$,$,(#4286,#4287,#4288,#4289,#4290));
#4292=IFCRELDEFINESBYPROPERTIES('0aJF0WZJgiTEoK4skxyBKv',#18,$,$,(#4276),#4291);
#4293=IFCMAPPEDITEM(#3472,#191);
#4294=IFCSHAPEREPRESENTATION(#24,'Body','MappedRepresentation',(#4293));
#4295=IFCPRODUCTDEFINITIONSHAPE($,$,(#4294));
#4296=IFCCARTESIANPOINT((36.7008037602373,39.2068233525825,0.));
#4297=IFCDIRECTION((0.98742087731736,0.15811391791305,0.));
#4298=IFCAXIS2PLACEMENT3D(#4296,#9,#4297);
#4299=IFCLOCALPLACEMENT(#41,#4298);
#4300=IFCSPACE('0ZcnFg2izD2Aqi5s8w_cKS',#18,'{$this("Description")}',$,'Parkeerplaats',#4299,#4295,$,$,.PARKING.,$);
#4301=IFCPROPERTYSET('3Re2omHDO4HQOD5OrQ_37P',#18,'Pset_SpaceCommon',$,(#238,#3484));
#4302=IFCPROPERTYSET('0MmoTVpF1nLX4Xj4OqBm7w',#18,'Pset_SpaceHeaterTypeCommon',$,(#3484));
#4303=IFCPROPERTYSINGLEVALUE('Bepalingsmethode',$,IFCTEXT('NVO'),$);
#4304=IFCPROPERTYSINGLEVALUE('BuitenruimteSoort',$,IFCTEXT('Subruimte'),$);
#4305=IFCPROPERTYSINGLEVALUE('BuitenruimteType',$,IFCTEXT('Parkeerplaats auto'),$);
#4306=IFCPROPERTYSET('16pctuS2ndLiGt2P1N58iC',#18,'MiniGIM_ILS','',(#4303,#4304,#4305));
#4307=IFCRELDEFINESBYPROPERTIES('0MZ_394360RPHF25a5vmFV',#18,$,$,(#4300),#4301);
#4308=IFCRELDEFINESBYPROPERTIES('2prFsRdNPzQk6f0nvPipHQ',#18,$,$,(#4300),#4302);
#4309=IFCRELDEFINESBYPROPERTIES('1Wo5lWg3Nw8svPd8vle3C$',#18,$,$,(#4300),#4306);
#4310=IFCQUANTITYLENGTH('Height','',$,4.53,$);
#4311=IFCQUANTITYAREA('GrossFloorArea','',$,8.60699999999972,$);
#4312=IFCQUANTITYAREA('GrossCeilingArea','',$,11.3409673134263,$);
#4313=IFCQUANTITYVOLUME('GrossVolume','',$,0.0430349999999986,$);
#4314=IFCQUANTITYVOLUME('NetVolume','',$,0.0430349999999986,$);
#4315=IFCELEMENTQUANTITY('2_fMNYOrKsUPuOmDR4sr3d',#18,'Qto_SpaceBaseQuantities',$,$,(#4310,#4311,#4312,#4313,#4314));
#4316=IFCRELDEFINESBYPROPERTIES('3K8nfQlxTjDR1ySUT9stJw',#18,$,$,(#4300),#4315);
#4317=IFCMAPPEDITEM(#3472,#191);
#4318=IFCSHAPEREPRESENTATION(#24,'Body','MappedRepresentation',(#4317));
#4319=IFCPRODUCTDEFINITIONSHAPE($,$,(#4318));
#4320=IFCCARTESIANPOINT((39.1693559535307,39.6021081473652,0.));
#4321=IFCDIRECTION((0.98742087731736,0.15811391791305,0.));
#4322=IFCAXIS2PLACEMENT3D(#4320,#9,#4321);
#4323=IFCLOCALPLACEMENT(#41,#4322);
#4324=IFCSPACE('0ZcnFg2izD2Aqi5s8w_cKT',#18,'{$this("Description")}',$,'Parkeerplaats',#4323,#4319,$,$,.PARKING.,$);
#4325=IFCPROPERTYSET('1Lswdyj13Wa0xRWH8zDmoo',#18,'Pset_SpaceCommon',$,(#238,#3484));
#4326=IFCPROPERTYSET('10w9EJJ3jZeSjJ4zV2DIiB',#18,'Pset_SpaceHeaterTypeCommon',$,(#3484));
#4327=IFCPROPERTYSINGLEVALUE('Bepalingsmethode',$,IFCTEXT('NVO'),$);
#4328=IFCPROPERTYSINGLEVALUE('BuitenruimteSoort',$,IFCTEXT('Subruimte'),$);
#4329=IFCPROPERTYSINGLEVALUE('BuitenruimteType',$,IFCTEXT('Parkeerplaats auto'),$);
#4330=IFCPROPERTYSET('2z7LX7Y8J2nyvhMeKEUSu$',#18,'MiniGIM_ILS','',(#4327,#4328,#4329));
#4331=IFCRELDEFINESBYPROPERTIES('39b7ZoxAz9eHRfPNWA6dOp',#18,$,$,(#4324),#4325);
#4332=IFCRELDEFINESBYPROPERTIES('1aAUcqHq3TNvnWSI8EOZFQ',#18,$,$,(#4324),#4326);
#4333=IFCRELDEFINESBYPROPERTIES('3EiEXEmpu65luW405Xeevz',#18,$,$,(#4324),#4330);
#4334=IFCQUANTITYLENGTH('Height','',$,4.53,$);
#4335=IFCQUANTITYAREA('GrossFloorArea','',$,8.60699999999972,$);
#4336=IFCQUANTITYAREA('GrossCeilingArea','',$,11.3409673134263,$);
#4337=IFCQUANTITYVOLUME('GrossVolume','',$,0.0430349999999986,$);
#4338=IFCQUANTITYVOLUME('NetVolume','',$,0.0430349999999986,$);
#4339=IFCELEMENTQUANTITY('13pO9iCqkPP0GtQn1We3OO',#18,'Qto_SpaceBaseQuantities',$,$,(#4334,#4335,#4336,#4337,#4338));
#4340=IFCRELDEFINESBYPROPERTIES('34y4Oq8I2ueS6zZ07SQEVD',#18,$,$,(#4324),#4339);
#4341=IFCMAPPEDITEM(#3472,#191);
#4342=IFCSHAPEREPRESENTATION(#24,'Body','MappedRepresentation',(#4341));
#4343=IFCPRODUCTDEFINITIONSHAPE($,$,(#4342));
#4344=IFCCARTESIANPOINT((41.6379081468241,39.9973929421478,0.));
#4345=IFCDIRECTION((0.98742087731736,0.15811391791305,0.));
#4346=IFCAXIS2PLACEMENT3D(#4344,#9,#4345);
#4347=IFCLOCALPLACEMENT(#41,#4346);
#4348=IFCSPACE('0ZcnFg2izD2Aqi5s8w_cKQ',#18,'{$this("Description")}',$,'Parkeerplaats',#4347,#4343,$,$,.PARKING.,$);
#4349=IFCPROPERTYSET('1zfrwUxfFP$DEtcY7kSwLy',#18,'Pset_SpaceCommon',$,(#238,#3484));
#4350=IFCPROPERTYSET('17Ly6nZeqKxSo9URD0$XIC',#18,'Pset_SpaceHeaterTypeCommon',$,(#3484));
#4351=IFCPROPERTYSINGLEVALUE('Bepalingsmethode',$,IFCTEXT('NVO'),$);
#4352=IFCPROPERTYSINGLEVALUE('BuitenruimteSoort',$,IFCTEXT('Subruimte'),$);
#4353=IFCPROPERTYSINGLEVALUE('BuitenruimteType',$,IFCTEXT('Parkeerplaats auto'),$);
#4354=IFCPROPERTYSET('0ZVo3bIOsm3uE0IQ8jDyt1',#18,'MiniGIM_ILS','',(#4351,#4352,#4353));
#4355=IFCRELDEFINESBYPROPERTIES('1swevB_FkZMv85uUnq2s6F',#18,$,$,(#4348),#4349);
#4356=IFCRELDEFINESBYPROPERTIES('1qi8ouRfcBvBrima7ezfdT',#18,$,$,(#4348),#4350);
#4357=IFCRELDEFINESBYPROPERTIES('2MdxNWiVzVRH3lxIF5yEE_',#18,$,$,(#4348),#4354);
#4358=IFCQUANTITYLENGTH('Height','',$,4.53,$);
#4359=IFCQUANTITYAREA('GrossFloorArea','',$,8.60699999999972,$);
#4360=IFCQUANTITYAREA('GrossCeilingArea','',$,11.3409673134263,$);
#4361=IFCQUANTITYVOLUME('GrossVolume','',$,0.0430349999999986,$);
#4362=IFCQUANTITYVOLUME('NetVolume','',$,0.0430349999999986,$);
#4363=IFCELEMENTQUANTITY('2iO6iNlOIBwEPPIZqls2og',#18,'Qto_SpaceBaseQuantities',$,$,(#4358,#4359,#4360,#4361,#4362));
#4364=IFCRELDEFINESBYPROPERTIES('2A1q939tKQCdx3rlHpnf60',#18,$,$,(#4348),#4363);
#4365=IFCMAPPEDITEM(#3472,#191);
#4366=IFCSHAPEREPRESENTATION(#24,'Body','MappedRepresentation',(#4365));
#4367=IFCPRODUCTDEFINITIONSHAPE($,$,(#4366));
#4368=IFCCARTESIANPOINT((44.1064603401175,40.3926777369304,0.));
#4369=IFCDIRECTION((0.98742087731736,0.15811391791305,0.));
#4370=IFCAXIS2PLACEMENT3D(#4368,#9,#4369);
#4371=IFCLOCALPLACEMENT(#41,#4370);
#4372=IFCSPACE('0ZcnFg2izD2Aqi5s8w_cKR',#18,'{$this("Description")}',$,'Parkeerplaats',#4371,#4367,$,$,.PARKING.,$);
#4373=IFCPROPERTYSET('2iWMm$_rkksyHxMyBtD$_T',#18,'Pset_SpaceCommon',$,(#238,#3484));
#4374=IFCPROPERTYSET('0QC2hjBGRmLobaDmZhKiOp',#18,'Pset_SpaceHeaterTypeCommon',$,(#3484));
#4375=IFCPROPERTYSINGLEVALUE('Bepalingsmethode',$,IFCTEXT('NVO'),$);
#4376=IFCPROPERTYSINGLEVALUE('BuitenruimteSoort',$,IFCTEXT('Subruimte'),$);
#4377=IFCPROPERTYSINGLEVALUE('BuitenruimteType',$,IFCTEXT('Parkeerplaats auto'),$);
#4378=IFCPROPERTYSET('0G6sRAJvsiBXnFLyWLmXwN',#18,'MiniGIM_ILS','',(#4375,#4376,#4377));
#4379=IFCRELDEFINESBYPROPERTIES('1ksKTmyjXT9jmynDYCeM4L',#18,$,$,(#4372),#4373);
#4380=IFCRELDEFINESBYPROPERTIES('0XdK3Vy1zEEc$RyuEY4dKn',#18,$,$,(#4372),#4374);
#4381=IFCRELDEFINESBYPROPERTIES('3tfiUkvQl2Ss_Uk81VdQYe',#18,$,$,(#4372),#4378);
#4382=IFCQUANTITYLENGTH('Height','',$,4.53,$);
#4383=IFCQUANTITYAREA('GrossFloorArea','',$,8.60699999999972,$);
#4384=IFCQUANTITYAREA('GrossCeilingArea','',$,11.3409673134263,$);
#4385=IFCQUANTITYVOLUME('GrossVolume','',$,0.0430349999999986,$);
#4386=IFCQUANTITYVOLUME('NetVolume','',$,0.0430349999999986,$);
#4387=IFCELEMENTQUANTITY('338lKfzAgbPxPzeBoL1U2l',#18,'Qto_SpaceBaseQuantities',$,$,(#4382,#4383,#4384,#4385,#4386));
#4388=IFCRELDEFINESBYPROPERTIES('0Y$pt02S3MgIcgMxKWK0Sg',#18,$,$,(#4372),#4387);
#4389=IFCMAPPEDITEM(#3472,#191);
#4390=IFCSHAPEREPRESENTATION(#24,'Body','MappedRepresentation',(#4389));
#4391=IFCPRODUCTDEFINITIONSHAPE($,$,(#4390));
#4392=IFCCARTESIANPOINT((46.5750125334109,40.787962531713,0.));
#4393=IFCDIRECTION((0.98742087731736,0.15811391791305,0.));
#4394=IFCAXIS2PLACEMENT3D(#4392,#9,#4393);
#4395=IFCLOCALPLACEMENT(#41,#4394);
#4396=IFCSPACE('0ZcnFg2izD2Aqi5s8w_cKO',#18,'{$this("Description")}',$,'Parkeerplaats',#4395,#4391,$,$,.PARKING.,$);
#4397=IFCPROPERTYSET('0MIgXTM8vzUyG_jqLxmSf$',#18,'Pset_SpaceCommon',$,(#238,#3484));
#4398=IFCPROPERTYSET('0$HaWrYN1rTbksxqUzJeX3',#18,'Pset_SpaceHeaterTypeCommon',$,(#3484));
#4399=IFCPROPERTYSINGLEVALUE('Bepalingsmethode',$,IFCTEXT('NVO'),$);
#4400=IFCPROPERTYSINGLEVALUE('BuitenruimteSoort',$,IFCTEXT('Subruimte'),$);
#4401=IFCPROPERTYSINGLEVALUE('BuitenruimteType',$,IFCTEXT('Parkeerplaats auto'),$);
#4402=IFCPROPERTYSET('2AkkzhMkmypD5$_2BbsjGL',#18,'MiniGIM_ILS','',(#4399,#4400,#4401));
#4403=IFCRELDEFINESBYPROPERTIES('2yd9gWb88DFkF2Zjz8US0e',#18,$,$,(#4396),#4397);
#4404=IFCRELDEFINESBYPROPERTIES('1ck1TO5xvWjOddIYMB7xk8',#18,$,$,(#4396),#4398);
#4405=IFCRELDEFINESBYPROPERTIES('3xjPZwW4B54LEeVhTGrljl',#18,$,$,(#4396),#4402);
#4406=IFCQUANTITYLENGTH('Height','',$,4.53,$);
#4407=IFCQUANTITYAREA('GrossFloorArea','',$,8.60699999999972,$);
#4408=IFCQUANTITYAREA('GrossCeilingArea','',$,11.3409673134263,$);
#4409=IFCQUANTITYVOLUME('GrossVolume','',$,0.0430349999999986,$);
#4410=IFCQUANTITYVOLUME('NetVolume','',$,0.0430349999999986,$);
#4411=IFCELEMENTQUANTITY('2$$pR0Q8M1CjJdZnLGZh7_',#18,'Qto_SpaceBaseQuantities',$,$,(#4406,#4407,#4408,#4409,#4410));
#4412=IFCRELDEFINESBYPROPERTIES('3lqsfWOnAe66dE7AcvNSZg',#18,$,$,(#4396),#4411);
#4413=IFCMAPPEDITEM(#3472,#191);
#4414=IFCSHAPEREPRESENTATION(#24,'Body','MappedRepresentation',(#4413));
#4415=IFCPRODUCTDEFINITIONSHAPE($,$,(#4414));
#4416=IFCCARTESIANPOINT((49.0435647267043,41.1832473264956,0.));
#4417=IFCDIRECTION((0.98742087731736,0.15811391791305,0.));
#4418=IFCAXIS2PLACEMENT3D(#4416,#9,#4417);
#4419=IFCLOCALPLACEMENT(#41,#4418);
#4420=IFCSPACE('0ZcnFg2izD2Aqi5s8w_cKP',#18,'{$this("Description")}',$,'Parkeerplaats',#4419,#4415,$,$,.PARKING.,$);
#4421=IFCPROPERTYSET('0n5GhXnQAjdjPP1_fbbhrD',#18,'Pset_SpaceCommon',$,(#238,#3484));
#4422=IFCPROPERTYSET('3J8yA6y51Zj7c4BnZGakSP',#18,'Pset_SpaceHeaterTypeCommon',$,(#3484));
#4423=IFCPROPERTYSINGLEVALUE('Bepalingsmethode',$,IFCTEXT('NVO'),$);
#4424=IFCPROPERTYSINGLEVALUE('BuitenruimteSoort',$,IFCTEXT('Subruimte'),$);
#4425=IFCPROPERTYSINGLEVALUE('BuitenruimteType',$,IFCTEXT('Parkeerplaats auto'),$);
#4426=IFCPROPERTYSET('1Fqh2H1VBSGEfSrfW6tDjP',#18,'MiniGIM_ILS','',(#4423,#4424,#4425));
#4427=IFCRELDEFINESBYPROPERTIES('1I7OsQO8uTdRrLMBxUHhYR',#18,$,$,(#4420),#4421);
#4428=IFCRELDEFINESBYPROPERTIES('3pHdV6by637vKYuFtgvvMO',#18,$,$,(#4420),#4422);
#4429=IFCRELDEFINESBYPROPERTIES('141YmvvwP99tDqXyfogRyX',#18,$,$,(#4420),#4426);
#4430=IFCQUANTITYLENGTH('Height','',$,4.53,$);
#4431=IFCQUANTITYAREA('GrossFloorArea','',$,8.60699999999972,$);
#4432=IFCQUANTITYAREA('GrossCeilingArea','',$,11.3409673134263,$);
#4433=IFCQUANTITYVOLUME('GrossVolume','',$,0.0430349999999986,$);
#4434=IFCQUANTITYVOLUME('NetVolume','',$,0.0430349999999986,$);
#4435=IFCELEMENTQUANTITY('0RCsseMTOqZLP0Djj2zkXa',#18,'Qto_SpaceBaseQuantities',$,$,(#4430,#4431,#4432,#4433,#4434));
#4436=IFCRELDEFINESBYPROPERTIES('2t3W8v5CauOg4komuByvyC',#18,$,$,(#4420),#4435);
#4437=IFCMAPPEDITEM(#3472,#191);
#4438=IFCSHAPEREPRESENTATION(#24,'Body','MappedRepresentation',(#4437));
#4439=IFCPRODUCTDEFINITIONSHAPE($,$,(#4438));
#4440=IFCCARTESIANPOINT((53.9800479036471,41.9496195920782,0.));
#4441=IFCDIRECTION((0.98742087731736,0.15811391791305,0.));
#4442=IFCAXIS2PLACEMENT3D(#4440,#9,#4441);
#4443=IFCLOCALPLACEMENT(#41,#4442);
#4444=IFCSPACE('0ZcnFg2izD2Aqi5s8w_cNw',#18,'{$this("Description")}',$,'Parkeerplaats',#4443,#4439,$,$,.PARKING.,$);
#4445=IFCPROPERTYSET('1jA149KKhWOQoDNrdwjC91',#18,'Pset_SpaceCommon',$,(#238,#3484));
#4446=IFCPROPERTYSET('2$WuiCiKpODopPXuq0G7Gg',#18,'Pset_SpaceHeaterTypeCommon',$,(#3484));
#4447=IFCPROPERTYSINGLEVALUE('Bepalingsmethode',$,IFCTEXT('NVO'),$);
#4448=IFCPROPERTYSINGLEVALUE('BuitenruimteSoort',$,IFCTEXT('Subruimte'),$);
#4449=IFCPROPERTYSINGLEVALUE('BuitenruimteType',$,IFCTEXT('Parkeerplaats auto'),$);
#4450=IFCPROPERTYSET('3Gl327rSQh1S20HLnnZwTW',#18,'MiniGIM_ILS','',(#4447,#4448,#4449));
#4451=IFCRELDEFINESBYPROPERTIES('2KgqmwxGjkvjQ3h6f3uhEI',#18,$,$,(#4444),#4445);
#4452=IFCRELDEFINESBYPROPERTIES('2HG4asLeudo2WLxcL0LRVs',#18,$,$,(#4444),#4446);
#4453=IFCRELDEFINESBYPROPERTIES('35dxqb3zmrxPhabFlfxJOp',#18,$,$,(#4444),#4450);
#4454=IFCQUANTITYLENGTH('Height','',$,4.53,$);
#4455=IFCQUANTITYAREA('GrossFloorArea','',$,8.60699999999972,$);
#4456=IFCQUANTITYAREA('GrossCeilingArea','',$,11.3409673134263,$);
#4457=IFCQUANTITYVOLUME('GrossVolume','',$,0.0430349999999986,$);
#4458=IFCQUANTITYVOLUME('NetVolume','',$,0.0430349999999986,$);
#4459=IFCELEMENTQUANTITY('09jXTNeYmo0XEwe1KKogeF',#18,'Qto_SpaceBaseQuantities',$,$,(#4454,#4455,#4456,#4457,#4458));
#4460=IFCRELDEFINESBYPROPERTIES('14h6Y$OJygxieY7OXEMQHO',#18,$,$,(#4444),#4459);
#4461=IFCMAPPEDITEM(#3472,#191);
#4462=IFCSHAPEREPRESENTATION(#24,'Body','MappedRepresentation',(#4461));
#4463=IFCPRODUCTDEFINITIONSHAPE($,$,(#4462));
#4464=IFCCARTESIANPOINT((56.4486000969405,42.3449043868609,0.));
#4465=IFCDIRECTION((0.98742087731736,0.15811391791305,0.));
#4466=IFCAXIS2PLACEMENT3D(#4464,#9,#4465);
#4467=IFCLOCALPLACEMENT(#41,#4466);
#4468=IFCSPACE('0ZcnFg2izD2Aqi5s8w_cNx',#18,'{$this("Description")}',$,'Parkeerplaats',#4467,#4463,$,$,.PARKING.,$);
#4469=IFCPROPERTYSET('352jGVauAgqeNDDkMAFbsD',#18,'Pset_SpaceCommon',$,(#238,#3484));
#4470=IFCPROPERTYSET('0vi7o$KoolYu7Gp55HZ1vv',#18,'Pset_SpaceHeaterTypeCommon',$,(#3484));
#4471=IFCPROPERTYSINGLEVALUE('Bepalingsmethode',$,IFCTEXT('NVO'),$);
#4472=IFCPROPERTYSINGLEVALUE('BuitenruimteSoort',$,IFCTEXT('Subruimte'),$);
#4473=IFCPROPERTYSINGLEVALUE('BuitenruimteType',$,IFCTEXT('Parkeerplaats auto'),$);
#4474=IFCPROPERTYSET('0FxMLtY7K5SbeH3KY0266p',#18,'MiniGIM_ILS','',(#4471,#4472,#4473));
#4475=IFCRELDEFINESBYPROPERTIES('2VbX7QYzxXKZF5zZ0RhfdM',#18,$,$,(#4468),#4469);
#4476=IFCRELDEFINESBYPROPERTIES('0Yv$k4koMpyW97asEjXYBw',#18,$,$,(#4468),#4470);
#4477=IFCRELDEFINESBYPROPERTIES('3VLqqjCUzfww7dcb2loSPv',#18,$,$,(#4468),#4474);
#4478=IFCQUANTITYLENGTH('Height','',$,4.53,$);
#4479=IFCQUANTITYAREA('GrossFloorArea','',$,8.60699999999972,$);
#4480=IFCQUANTITYAREA('GrossCeilingArea','',$,11.3409673134263,$);
#4481=IFCQUANTITYVOLUME('GrossVolume','',$,0.0430349999999986,$);
#4482=IFCQUANTITYVOLUME('NetVolume','',$,0.0430349999999986,$);
#4483=IFCELEMENTQUANTITY('3YdFDMsncgmKE0hJcPz4OH',#18,'Qto_SpaceBaseQuantities',$,$,(#4478,#4479,#4480,#4481,#4482));
#4484=IFCRELDEFINESBYPROPERTIES('2BzqN4tvqieYJDQG5C5k46',#18,$,$,(#4468),#4483);
#4485=IFCMAPPEDITEM(#3472,#191);
#4486=IFCSHAPEREPRESENTATION(#24,'Body','MappedRepresentation',(#4485));
#4487=IFCPRODUCTDEFINITIONSHAPE($,$,(#4486));
#4488=IFCCARTESIANPOINT((58.9171522902339,42.7401891816435,0.));
#4489=IFCDIRECTION((0.98742087731736,0.15811391791305,0.));
#4490=IFCAXIS2PLACEMENT3D(#4488,#9,#4489);
#4491=IFCLOCALPLACEMENT(#41,#4490);
#4492=IFCSPACE('0ZcnFg2izD2Aqi5s8w_cNu',#18,'{$this("Description")}',$,'Parkeerplaats',#4491,#4487,$,$,.PARKING.,$);
#4493=IFCPROPERTYSET('3xKVLm8F7yI8U2Ta_isdNl',#18,'Pset_SpaceCommon',$,(#238,#3484));
#4494=IFCPROPERTYSET('0U79bPLnYPcrkBUz4Ya_4k',#18,'Pset_SpaceHeaterTypeCommon',$,(#3484));
#4495=IFCPROPERTYSINGLEVALUE('Bepalingsmethode',$,IFCTEXT('NVO'),$);
#4496=IFCPROPERTYSINGLEVALUE('BuitenruimteSoort',$,IFCTEXT('Subruimte'),$);
#4497=IFCPROPERTYSINGLEVALUE('BuitenruimteType',$,IFCTEXT('Parkeerplaats auto'),$);
#4498=IFCPROPERTYSET('0BszKe87o5pvAd6zMSDy0P',#18,'MiniGIM_ILS','',(#4495,#4496,#4497));
#4499=IFCRELDEFINESBYPROPERTIES('0hPYLrAQJFyaRWv9aT07$u',#18,$,$,(#4492),#4493);
#4500=IFCRELDEFINESBYPROPERTIES('2wZJ9oIePX0yMhhCj$45Fl',#18,$,$,(#4492),#4494);
#4501=IFCRELDEFINESBYPROPERTIES('0z9j83LE20CUZvGYTLyHfA',#18,$,$,(#4492),#4498);
#4502=IFCQUANTITYLENGTH('Height','',$,4.53,$);
#4503=IFCQUANTITYAREA('GrossFloorArea','',$,8.60699999999972,$);
#4504=IFCQUANTITYAREA('GrossCeilingArea','',$,11.3409673134263,$);
#4505=IFCQUANTITYVOLUME('GrossVolume','',$,0.0430349999999986,$);
#4506=IFCQUANTITYVOLUME('NetVolume','',$,0.0430349999999986,$);
#4507=IFCELEMENTQUANTITY('1X$VCv07v5ZG5_zbwBqfVn',#18,'Qto_SpaceBaseQuantities',$,$,(#4502,#4503,#4504,#4505,#4506));
#4508=IFCRELDEFINESBYPROPERTIES('0Gv6mww8tZudBdTlt9LAtc',#18,$,$,(#4492),#4507);
#4509=IFCMAPPEDITEM(#3472,#191);
#4510=IFCSHAPEREPRESENTATION(#24,'Body','MappedRepresentation',(#4509));
#4511=IFCPRODUCTDEFINITIONSHAPE($,$,(#4510));
#4512=IFCCARTESIANPOINT((61.3857044835273,43.1354739764261,0.));
#4513=IFCDIRECTION((0.98742087731736,0.15811391791305,0.));
#4514=IFCAXIS2PLACEMENT3D(#4512,#9,#4513);
#4515=IFCLOCALPLACEMENT(#41,#4514);
#4516=IFCSPACE('0ZcnFg2izD2Aqi5s8w_cNv',#18,'{$this("Description")}',$,'Parkeerplaats',#4515,#4511,$,$,.PARKING.,$);
#4517=IFCPROPERTYSET('3K10AULdSWZxwbBZXuCXUi',#18,'Pset_SpaceCommon',$,(#238,#3484));
#4518=IFCPROPERTYSET('3qF71fH7FfEZrGxn6j4Ccq',#18,'Pset_SpaceHeaterTypeCommon',$,(#3484));
#4519=IFCPROPERTYSINGLEVALUE('Bepalingsmethode',$,IFCTEXT('NVO'),$);
#4520=IFCPROPERTYSINGLEVALUE('BuitenruimteSoort',$,IFCTEXT('Subruimte'),$);
#4521=IFCPROPERTYSINGLEVALUE('BuitenruimteType',$,IFCTEXT('Parkeerplaats auto'),$);
#4522=IFCPROPERTYSET('317LEcsxpUY44eFORwK3lY',#18,'MiniGIM_ILS','',(#4519,#4520,#4521));
#4523=IFCRELDEFINESBYPROPERTIES('28wcEHn29JUS_mftYLmEfi',#18,$,$,(#4516),#4517);
#4524=IFCRELDEFINESBYPROPERTIES('1eZLjrhW0g8JyxxtIAomGm',#18,$,$,(#4516),#4518);
#4525=IFCRELDEFINESBYPROPERTIES('3lrk1RSgA$KINZeB7_2L1P',#18,$,$,(#4516),#4522);
#4526=IFCQUANTITYLENGTH('Height','',$,4.53,$);
#4527=IFCQUANTITYAREA('GrossFloorArea','',$,8.60699999999972,$);
#4528=IFCQUANTITYAREA('GrossCeilingArea','',$,11.3409673134263,$);
#4529=IFCQUANTITYVOLUME('GrossVolume','',$,0.0430349999999986,$);
#4530=IFCQUANTITYVOLUME('NetVolume','',$,0.0430349999999986,$);
#4531=IFCELEMENTQUANTITY('2NlBePo2EqewZBz92fGrAH',#18,'Qto_SpaceBaseQuantities',$,$,(#4526,#4527,#4528,#4529,#4530));
#4532=IFCRELDEFINESBYPROPERTIES('0Psvk2qzWARpddlQGulkB_',#18,$,$,(#4516),#4531);
#4533=IFCMAPPEDITEM(#3472,#191);
#4534=IFCSHAPEREPRESENTATION(#24,'Body','MappedRepresentation',(#4533));
#4535=IFCPRODUCTDEFINITIONSHAPE($,$,(#4534));
#4536=IFCCARTESIANPOINT((63.8542566768207,43.5307587712087,0.));
#4537=IFCDIRECTION((0.98742087731736,0.15811391791305,0.));
#4538=IFCAXIS2PLACEMENT3D(#4536,#9,#4537);
#4539=IFCLOCALPLACEMENT(#41,#4538);
#4540=IFCSPACE('0ZcnFg2izD2Aqi5s8w_cNc',#18,'{$this("Description")}',$,'Parkeerplaats',#4539,#4535,$,$,.PARKING.,$);
#4541=IFCPROPERTYSET('2euOCQpF_8DHF4PcavchdT',#18,'Pset_SpaceCommon',$,(#238,#3484));
#4542=IFCPROPERTYSET('28KCzYwiNU8O4ADXjX_fCo',#18,'Pset_SpaceHeaterTypeCommon',$,(#3484));
#4543=IFCPROPERTYSINGLEVALUE('Bepalingsmethode',$,IFCTEXT('NVO'),$);
#4544=IFCPROPERTYSINGLEVALUE('BuitenruimteSoort',$,IFCTEXT('Subruimte'),$);
#4545=IFCPROPERTYSINGLEVALUE('BuitenruimteType',$,IFCTEXT('Parkeerplaats auto'),$);
#4546=IFCPROPERTYSET('3zw6YAqHgyekfTksYR28DB',#18,'MiniGIM_ILS','',(#4543,#4544,#4545));
#4547=IFCRELDEFINESBYPROPERTIES('3iwRFt4_$5qobsPLdCdS0T',#18,$,$,(#4540),#4541);
#4548=IFCRELDEFINESBYPROPERTIES('1KYw6z5$7I7O3Dgoq7Xbjs',#18,$,$,(#4540),#4542);
#4549=IFCRELDEFINESBYPROPERTIES('3kj2SVGCQCTPlt8vZtAdUD',#18,$,$,(#4540),#4546);
#4550=IFCQUANTITYLENGTH('Height','',$,4.53,$);
#4551=IFCQUANTITYAREA('GrossFloorArea','',$,8.60699999999972,$);
#4552=IFCQUANTITYAREA('GrossCeilingArea','',$,11.3409673134263,$);
#4553=IFCQUANTITYVOLUME('GrossVolume','',$,0.0430349999999986,$);
#4554=IFCQUANTITYVOLUME('NetVolume','',$,0.0430349999999986,$);
#4555=IFCELEMENTQUANTITY('1C3nWI2r53pDrRZuGEOo_3',#18,'Qto_SpaceBaseQuantities',$,$,(#4550,#4551,#4552,#4553,#4554));
#4556=IFCRELDEFINESBYPROPERTIES('1hrnq6evyDftVIf4TP3Dj9',#18,$,$,(#4540),#4555);
#4557=IFCMAPPEDITEM(#3472,#191);
#4558=IFCSHAPEREPRESENTATION(#24,'Body','MappedRepresentation',(#4557));
#4559=IFCPRODUCTDEFINITIONSHAPE($,$,(#4558));
#4560=IFCCARTESIANPOINT((66.3228088701141,43.9260435659913,0.));
#4561=IFCDIRECTION((0.98742087731736,0.15811391791305,0.));
#4562=IFCAXIS2PLACEMENT3D(#4560,#9,#4561);
#4563=IFCLOCALPLACEMENT(#41,#4562);
#4564=IFCSPACE('0ZcnFg2izD2Aqi5s8w_cNd',#18,'{$this("Description")}',$,'Parkeerplaats',#4563,#4559,$,$,.PARKING.,$);
#4565=IFCPROPERTYSET('2zxjdP6IH9Wan2BIQnbcjo',#18,'Pset_SpaceCommon',$,(#238,#3484));
#4566=IFCPROPERTYSET('3CDSbCZ8ZJkQUTxAYGf4y6',#18,'Pset_SpaceHeaterTypeCommon',$,(#3484));
#4567=IFCPROPERTYSINGLEVALUE('Bepalingsmethode',$,IFCTEXT('NVO'),$);
#4568=IFCPROPERTYSINGLEVALUE('BuitenruimteSoort',$,IFCTEXT('Subruimte'),$);
#4569=IFCPROPERTYSINGLEVALUE('BuitenruimteType',$,IFCTEXT('Parkeerplaats auto'),$);
#4570=IFCPROPERTYSET('19E_z3RBFMMzWuz51KmBnZ',#18,'MiniGIM_ILS','',(#4567,#4568,#4569));
#4571=IFCRELDEFINESBYPROPERTIES('2z8UYW5ZZa0_EgDyVMxGSi',#18,$,$,(#4564),#4565);
#4572=IFCRELDEFINESBYPROPERTIES('19gNPVRVpMW2RUb4TB2bM6',#18,$,$,(#4564),#4566);
#4573=IFCRELDEFINESBYPROPERTIES('2ide6a4S5Y0LjIDy4Ez576',#18,$,$,(#4564),#4570);
#4574=IFCQUANTITYLENGTH('Height','',$,4.53,$);
#4575=IFCQUANTITYAREA('GrossFloorArea','',$,8.60699999999972,$);
#4576=IFCQUANTITYAREA('GrossCeilingArea','',$,11.3409673134263,$);
#4577=IFCQUANTITYVOLUME('GrossVolume','',$,0.0430349999999986,$);
#4578=IFCQUANTITYVOLUME('NetVolume','',$,0.0430349999999986,$);
#4579=IFCELEMENTQUANTITY('0Nbtwh1V1VKkmoQSLE_Igy',#18,'Qto_SpaceBaseQuantities',$,$,(#4574,#4575,#4576,#4577,#4578));
#4580=IFCRELDEFINESBYPROPERTIES('16MfJ_j1KU$EQmbJAO8ZsA',#18,$,$,(#4564),#4579);
#4581=IFCMAPPEDITEM(#3472,#191);
#4582=IFCSHAPEREPRESENTATION(#24,'Body','MappedRepresentation',(#4581));
#4583=IFCPRODUCTDEFINITIONSHAPE($,$,(#4582));
#4584=IFCCARTESIANPOINT((68.7913610634075,44.321328360774,0.));
#4585=IFCDIRECTION((0.98742087731736,0.15811391791305,0.));
#4586=IFCAXIS2PLACEMENT3D(#4584,#9,#4585);
#4587=IFCLOCALPLACEMENT(#41,#4586);
#4588=IFCSPACE('0ZcnFg2izD2Aqi5s8w_cNa',#18,'{$this("Description")}',$,'Parkeerplaats',#4587,#4583,$,$,.PARKING.,$);
#4589=IFCPROPERTYSET('0rlQLEezXKl0PiMW8kaOyj',#18,'Pset_SpaceCommon',$,(#238,#3484));
#4590=IFCPROPERTYSET('2i3JDGw9ST4HP8c2onDIKI',#18,'Pset_SpaceHeaterTypeCommon',$,(#3484));
#4591=IFCPROPERTYSINGLEVALUE('Bepalingsmethode',$,IFCTEXT('NVO'),$);
#4592=IFCPROPERTYSINGLEVALUE('BuitenruimteSoort',$,IFCTEXT('Subruimte'),$);
#4593=IFCPROPERTYSINGLEVALUE('BuitenruimteType',$,IFCTEXT('Parkeerplaats auto'),$);
#4594=IFCPROPERTYSET('1VMvR$wpiQBvXO7g7Iqq2y',#18,'MiniGIM_ILS','',(#4591,#4592,#4593));
#4595=IFCRELDEFINESBYPROPERTIES('0yJ0LF6hTyVy0z0SR6LxGR',#18,$,$,(#4588),#4589);
#4596=IFCRELDEFINESBYPROPERTIES('0em5yy3jHgFoaTpwWmkYFl',#18,$,$,(#4588),#4590);
#4597=IFCRELDEFINESBYPROPERTIES('1nRDCYFBoZBXY6owdelDpQ',#18,$,$,(#4588),#4594);
#4598=IFCQUANTITYLENGTH('Height','',$,4.53,$);
#4599=IFCQUANTITYAREA('GrossFloorArea','',$,8.60699999999972,$);
#4600=IFCQUANTITYAREA('GrossCeilingArea','',$,11.3409673134263,$);
#4601=IFCQUANTITYVOLUME('GrossVolume','',$,0.0430349999999986,$);
#4602=IFCQUANTITYVOLUME('NetVolume','',$,0.0430349999999986,$);
#4603=IFCELEMENTQUANTITY('3YC8Vt8VkkXP6MA$VDspie',#18,'Qto_SpaceBaseQuantities',$,$,(#4598,#4599,#4600,#4601,#4602));
#4604=IFCRELDEFINESBYPROPERTIES('2Cx59048hvXYsXRzzMGpdd',#18,$,$,(#4588),#4603);
#4605=IFCMAPPEDITEM(#3472,#191);
#4606=IFCSHAPEREPRESENTATION(#24,'Body','MappedRepresentation',(#4605));
#4607=IFCPRODUCTDEFINITIONSHAPE($,$,(#4606));
#4608=IFCCARTESIANPOINT((71.2599132567009,44.7166131555566,0.));
#4609=IFCDIRECTION((0.98742087731736,0.15811391791305,0.));
#4610=IFCAXIS2PLACEMENT3D(#4608,#9,#4609);
#4611=IFCLOCALPLACEMENT(#41,#4610);
#4612=IFCSPACE('0ZcnFg2izD2Aqi5s8w_cNb',#18,'{$this("Description")}',$,'Parkeerplaats',#4611,#4607,$,$,.PARKING.,$);
#4613=IFCPROPERTYSET('095lOmD8qwpo04TyRvaPkb',#18,'Pset_SpaceCommon',$,(#238,#3484));
#4614=IFCPROPERTYSET('3QKqaTB5ZtrKePv7z6W9U9',#18,'Pset_SpaceHeaterTypeCommon',$,(#3484));
#4615=IFCPROPERTYSINGLEVALUE('Bepalingsmethode',$,IFCTEXT('NVO'),$);
#4616=IFCPROPERTYSINGLEVALUE('BuitenruimteSoort',$,IFCTEXT('Subruimte'),$);
#4617=IFCPROPERTYSINGLEVALUE('BuitenruimteType',$,IFCTEXT('Parkeerplaats auto'),$);
#4618=IFCPROPERTYSET('0DhI9jFSBlsNKSdo1uYhq0',#18,'MiniGIM_ILS','',(#4615,#4616,#4617));
#4619=IFCRELDEFINESBYPROPERTIES('2chzu9CGHU_LMJ6NmqEwsp',#18,$,$,(#4612),#4613);
#4620=IFCRELDEFINESBYPROPERTIES('2IFBNpal9QDPyOX9lKY6vI',#18,$,$,(#4612),#4614);
#4621=IFCRELDEFINESBYPROPERTIES('3OMwyaA1tAlZShtWprpppB',#18,$,$,(#4612),#4618);
#4622=IFCQUANTITYLENGTH('Height','',$,4.53,$);
#4623=IFCQUANTITYAREA('GrossFloorArea','',$,8.60699999999972,$);
#4624=IFCQUANTITYAREA('GrossCeilingArea','',$,11.3409673134263,$);
#4625=IFCQUANTITYVOLUME('GrossVolume','',$,0.0430349999999986,$);
#4626=IFCQUANTITYVOLUME('NetVolume','',$,0.0430349999999986,$);
#4627=IFCELEMENTQUANTITY('24B3oMXzvCvbAgVsiFk7GJ',#18,'Qto_SpaceBaseQuantities',$,$,(#4622,#4623,#4624,#4625,#4626));
#4628=IFCRELDEFINESBYPROPERTIES('20VoOHUcGzd8tno7Wrm$hc',#18,$,$,(#4612),#4627);
#4629=IFCMAPPEDITEM(#3472,#191);
#4630=IFCSHAPEREPRESENTATION(#24,'Body','MappedRepresentation',(#4629));
#4631=IFCPRODUCTDEFINITIONSHAPE($,$,(#4630));
#4632=IFCCARTESIANPOINT((91.4193957602884,47.946721893464,0.));
#4633=IFCDIRECTION((0.98742087731736,0.15811391791305,0.));
#4634=IFCAXIS2PLACEMENT3D(#4632,#9,#4633);
#4635=IFCLOCALPLACEMENT(#41,#4634);
#4636=IFCSPACE('0ZcnFg2izD2Aqi5s8w_cNj',#18,'{$this("Description")}',$,'Parkeerplaats',#4635,#4631,$,$,.PARKING.,$);
#4637=IFCPROPERTYSET('29oIFcAK_hGIUZahTQT7ay',#18,'Pset_SpaceCommon',$,(#238,#3484));
#4638=IFCPROPERTYSET('2FkvNS9rzbqsNaNtrZLw48',#18,'Pset_SpaceHeaterTypeCommon',$,(#3484));
#4639=IFCPROPERTYSINGLEVALUE('Bepalingsmethode',$,IFCTEXT('NVO'),$);
#4640=IFCPROPERTYSINGLEVALUE('BuitenruimteSoort',$,IFCTEXT('Subruimte'),$);
#4641=IFCPROPERTYSINGLEVALUE('BuitenruimteType',$,IFCTEXT('Parkeerplaats auto'),$);
#4642=IFCPROPERTYSET('2viqH$Z5SS7xEVnDBy8dEJ',#18,'MiniGIM_ILS','',(#4639,#4640,#4641));
#4643=IFCRELDEFINESBYPROPERTIES('1zgxTEHRGW_mqkiGUaNfqV',#18,$,$,(#4636),#4637);
#4644=IFCRELDEFINESBYPROPERTIES('3VsHWxBfKjlgs2Zde2TQTR',#18,$,$,(#4636),#4638);
#4645=IFCRELDEFINESBYPROPERTIES('2wnQUq9oLAiTrBHWrNROuo',#18,$,$,(#4636),#4642);
#4646=IFCQUANTITYLENGTH('Height','',$,4.53,$);
#4647=IFCQUANTITYAREA('GrossFloorArea','',$,8.60699999999972,$);
#4648=IFCQUANTITYAREA('GrossCeilingArea','',$,11.3409673134263,$);
#4649=IFCQUANTITYVOLUME('GrossVolume','',$,0.0430349999999986,$);
#4650=IFCQUANTITYVOLUME('NetVolume','',$,0.0430349999999987,$);
#4651=IFCELEMENTQUANTITY('23IMvgLb7GMQCKlKPflfE$',#18,'Qto_SpaceBaseQuantities',$,$,(#4646,#4647,#4648,#4649,#4650));
#4652=IFCRELDEFINESBYPROPERTIES('1iYqmaYqPx91VGY4wuM2i1',#18,$,$,(#4636),#4651);
#4653=IFCMAPPEDITEM(#3472,#191);
#4654=IFCSHAPEREPRESENTATION(#24,'Body','MappedRepresentation',(#4653));
#4655=IFCPRODUCTDEFINITIONSHAPE($,$,(#4654));
#4656=IFCCARTESIANPOINT((93.8879479535818,48.3420066882466,0.));
#4657=IFCDIRECTION((0.98742087731736,0.15811391791305,0.));
#4658=IFCAXIS2PLACEMENT3D(#4656,#9,#4657);
#4659=IFCLOCALPLACEMENT(#41,#4658);
#4660=IFCSPACE('0ZcnFg2izD2Aqi5s8w_cNg',#18,'{$this("Description")}',$,'Parkeerplaats',#4659,#4655,$,$,.PARKING.,$);
#4661=IFCPROPERTYSET('2TMW3iPDXppyd93GYe$Or9',#18,'Pset_SpaceCommon',$,(#238,#3484));
#4662=IFCPROPERTYSET('3FRamqo427$zagJofHvm32',#18,'Pset_SpaceHeaterTypeCommon',$,(#3484));
#4663=IFCPROPERTYSINGLEVALUE('Bepalingsmethode',$,IFCTEXT('NVO'),$);
#4664=IFCPROPERTYSINGLEVALUE('BuitenruimteSoort',$,IFCTEXT('Subruimte'),$);
#4665=IFCPROPERTYSINGLEVALUE('BuitenruimteType',$,IFCTEXT('Parkeerplaats auto'),$);
#4666=IFCPROPERTYSET('2SInBYUnajG74F9dM4Z8ez',#18,'MiniGIM_ILS','',(#4663,#4664,#4665));
#4667=IFCRELDEFINESBYPROPERTIES('3JMZgVz_YYT0L25thk_zpi',#18,$,$,(#4660),#4661);
#4668=IFCRELDEFINESBYPROPERTIES('0q501E2QGLeYBeSuyc582k',#18,$,$,(#4660),#4662);
#4669=IFCRELDEFINESBYPROPERTIES('0E2herXMsPUzv21RoqfNTQ',#18,$,$,(#4660),#4666);
#4670=IFCQUANTITYLENGTH('Height','',$,4.53,$);
#4671=IFCQUANTITYAREA('GrossFloorArea','',$,8.60699999999972,$);
#4672=IFCQUANTITYAREA('GrossCeilingArea','',$,11.3409673134263,$);
#4673=IFCQUANTITYVOLUME('GrossVolume','',$,0.0430349999999986,$);
#4674=IFCQUANTITYVOLUME('NetVolume','',$,0.0430349999999987,$);
#4675=IFCELEMENTQUANTITY('0s2AcZ2bHhBZ8gq4lCh8gj',#18,'Qto_SpaceBaseQuantities',$,$,(#4670,#4671,#4672,#4673,#4674));
#4676=IFCRELDEFINESBYPROPERTIES('1F7zH6mZIAt9SAwC4upI_M',#18,$,$,(#4660),#4675);
#4677=IFCMAPPEDITEM(#3472,#191);
#4678=IFCSHAPEREPRESENTATION(#24,'Body','MappedRepresentation',(#4677));
#4679=IFCPRODUCTDEFINITIONSHAPE($,$,(#4678));
#4680=IFCCARTESIANPOINT((96.3565001468752,48.7372914830293,0.));
#4681=IFCDIRECTION((0.98742087731736,0.15811391791305,0.));
#4682=IFCAXIS2PLACEMENT3D(#4680,#9,#4681);
#4683=IFCLOCALPLACEMENT(#41,#4682);
#4684=IFCSPACE('0ZcnFg2izD2Aqi5s8w_cNh',#18,'{$this("Description")}',$,'Parkeerplaats',#4683,#4679,$,$,.PARKING.,$);
#4685=IFCPROPERTYSET('26Nq7UQtZXUtXOP0NfiA2Y',#18,'Pset_SpaceCommon',$,(#238,#3484));
#4686=IFCPROPERTYSET('2Ke7hVJaIaLS5TZdbSoGS0',#18,'Pset_SpaceHeaterTypeCommon',$,(#3484));
#4687=IFCPROPERTYSINGLEVALUE('Bepalingsmethode',$,IFCTEXT('NVO'),$);
#4688=IFCPROPERTYSINGLEVALUE('BuitenruimteSoort',$,IFCTEXT('Subruimte'),$);
#4689=IFCPROPERTYSINGLEVALUE('BuitenruimteType',$,IFCTEXT('Parkeerplaats auto'),$);
#4690=IFCPROPERTYSET('3$sxjUAxHnGUgphfdMWAp9',#18,'MiniGIM_ILS','',(#4687,#4688,#4689));
#4691=IFCRELDEFINESBYPROPERTIES('3NOVRDozyls$9k5kmcg6G6',#18,$,$,(#4684),#4685);
#4692=IFCRELDEFINESBYPROPERTIES('0FH2MS8tUDM5UlX7mORDWr',#18,$,$,(#4684),#4686);
#4693=IFCRELDEFINESBYPROPERTIES('1hx_LMHXc7imncKiJWZkOZ',#18,$,$,(#4684),#4690);
#4694=IFCQUANTITYLENGTH('Height','',$,4.53,$);
#4695=IFCQUANTITYAREA('GrossFloorArea','',$,8.60699999999972,$);
#4696=IFCQUANTITYAREA('GrossCeilingArea','',$,11.3409673134263,$);
#4697=IFCQUANTITYVOLUME('GrossVolume','',$,0.0430349999999986,$);
#4698=IFCQUANTITYVOLUME('NetVolume','',$,0.0430349999999987,$);
#4699=IFCELEMENTQUANTITY('2cflkGp1AfxHMM_kp5_0BK',#18,'Qto_SpaceBaseQuantities',$,$,(#4694,#4695,#4696,#4697,#4698));
#4700=IFCRELDEFINESBYPROPERTIES('3s7q4zWCbuJeYJtcnBwI1c',#18,$,$,(#4684),#4699);
#4701=IFCMAPPEDITEM(#3472,#191);
#4702=IFCSHAPEREPRESENTATION(#24,'Body','MappedRepresentation',(#4701));
#4703=IFCPRODUCTDEFINITIONSHAPE($,$,(#4702));
#4704=IFCCARTESIANPOINT((98.8250523401686,49.1325762778119,0.));
#4705=IFCDIRECTION((0.98742087731736,0.15811391791305,0.));
#4706=IFCAXIS2PLACEMENT3D(#4704,#9,#4705);
#4707=IFCLOCALPLACEMENT(#41,#4706);
#4708=IFCSPACE('0ZcnFg2izD2Aqi5s8w_cNe',#18,'{$this("Description")}',$,'Parkeerplaats',#4707,#4703,$,$,.PARKING.,$);
#4709=IFCPROPERTYSET('1XM4IkIA0f9jiusnmpP6wH',#18,'Pset_SpaceCommon',$,(#238,#3484));
#4710=IFCPROPERTYSET('1vE9sVVdRFXKE5ngByRu_H',#18,'Pset_SpaceHeaterTypeCommon',$,(#3484));
#4711=IFCPROPERTYSINGLEVALUE('Bepalingsmethode',$,IFCTEXT('NVO'),$);
#4712=IFCPROPERTYSINGLEVALUE('BuitenruimteSoort',$,IFCTEXT('Subruimte'),$);
#4713=IFCPROPERTYSINGLEVALUE('BuitenruimteType',$,IFCTEXT('Parkeerplaats auto'),$);
#4714=IFCPROPERTYSET('0upS6MIamW7TBF7Ldnhqzn',#18,'MiniGIM_ILS','',(#4711,#4712,#4713));
#4715=IFCRELDEFINESBYPROPERTIES('3KcsvX6S3bBNkmr_OwnocL',#18,$,$,(#4708),#4709);
#4716=IFCRELDEFINESBYPROPERTIES('3IqR3QS43X17DN68G$Daso',#18,$,$,(#4708),#4710);
#4717=IFCRELDEFINESBYPROPERTIES('34wcDQJuitflvjuxdAv9Ly',#18,$,$,(#4708),#4714);
#4718=IFCQUANTITYLENGTH('Height','',$,4.53,$);
#4719=IFCQUANTITYAREA('GrossFloorArea','',$,8.60699999999972,$);
#4720=IFCQUANTITYAREA('GrossCeilingArea','',$,11.3409673134263,$);
#4721=IFCQUANTITYVOLUME('GrossVolume','',$,0.0430349999999986,$);
#4722=IFCQUANTITYVOLUME('NetVolume','',$,0.0430349999999987,$);
#4723=IFCELEMENTQUANTITY('0tVvYjmfAztf7LNuGt0IPD',#18,'Qto_SpaceBaseQuantities',$,$,(#4718,#4719,#4720,#4721,#4722));
#4724=IFCRELDEFINESBYPROPERTIES('1js9lo4vcu76nShKVWpfep',#18,$,$,(#4708),#4723);
#4725=IFCMAPPEDITEM(#3472,#191);
#4726=IFCSHAPEREPRESENTATION(#24,'Body','MappedRepresentation',(#4725));
#4727=IFCPRODUCTDEFINITIONSHAPE($,$,(#4726));
#4728=IFCCARTESIANPOINT((101.293604533462,49.5278610725945,0.));
#4729=IFCDIRECTION((0.98742087731736,0.15811391791305,0.));
#4730=IFCAXIS2PLACEMENT3D(#4728,#9,#4729);
#4731=IFCLOCALPLACEMENT(#41,#4730);
#4732=IFCSPACE('0ZcnFg2izD2Aqi5s8w_cNf',#18,'{$this("Description")}',$,'Parkeerplaats',#4731,#4727,$,$,.PARKING.,$);
#4733=IFCPROPERTYSET('2RQpkFOTHJiAN36OetKZL_',#18,'Pset_SpaceCommon',$,(#238,#3484));
#4734=IFCPROPERTYSET('2a$fiMbDzPIlp3YnHMIvwH',#18,'Pset_SpaceHeaterTypeCommon',$,(#3484));
#4735=IFCPROPERTYSINGLEVALUE('Bepalingsmethode',$,IFCTEXT('NVO'),$);
#4736=IFCPROPERTYSINGLEVALUE('BuitenruimteSoort',$,IFCTEXT('Subruimte'),$);
#4737=IFCPROPERTYSINGLEVALUE('BuitenruimteType',$,IFCTEXT('Parkeerplaats auto'),$);
#4738=IFCPROPERTYSET('24HbPo$T34gbnLSVlspzjl',#18,'MiniGIM_ILS','',(#4735,#4736,#4737));
#4739=IFCRELDEFINESBYPROPERTIES('0C6QRak8_NsqVOuCNx6YEg',#18,$,$,(#4732),#4733);
#4740=IFCRELDEFINESBYPROPERTIES('3LaA9eB_ulMHsRWxk$uQ8V',#18,$,$,(#4732),#4734);
#4741=IFCRELDEFINESBYPROPERTIES('0vmrPe1ETGQUEOfmg9atZs',#18,$,$,(#4732),#4738);
#4742=IFCQUANTITYLENGTH('Height','',$,4.53,$);
#4743=IFCQUANTITYAREA('GrossFloorArea','',$,8.60699999999972,$);
#4744=IFCQUANTITYAREA('GrossCeilingArea','',$,11.3409673134263,$);
#4745=IFCQUANTITYVOLUME('GrossVolume','',$,0.0430349999999986,$);
#4746=IFCQUANTITYVOLUME('NetVolume','',$,0.0430349999999987,$);
#4747=IFCELEMENTQUANTITY('2YuU2ORJPj_36hGMz19Tp$',#18,'Qto_SpaceBaseQuantities',$,$,(#4742,#4743,#4744,#4745,#4746));
#4748=IFCRELDEFINESBYPROPERTIES('03xPoyz2wr_ka9cTkyc84v',#18,$,$,(#4732),#4747);
#4749=IFCMAPPEDITEM(#3472,#191);
#4750=IFCSHAPEREPRESENTATION(#24,'Body','MappedRepresentation',(#4749));
#4751=IFCPRODUCTDEFINITIONSHAPE($,$,(#4750));
#4752=IFCCARTESIANPOINT((103.762156726755,49.9231458673771,0.));
#4753=IFCDIRECTION((0.98742087731736,0.15811391791305,0.));
#4754=IFCAXIS2PLACEMENT3D(#4752,#9,#4753);
#4755=IFCLOCALPLACEMENT(#41,#4754);
#4756=IFCSPACE('0ZcnFg2izD2Aqi5s8w_cNM',#18,'{$this("Description")}',$,'Parkeerplaats',#4755,#4751,$,$,.PARKING.,$);
#4757=IFCPROPERTYSET('31yacXhuLip95KuRlFcMow',#18,'Pset_SpaceCommon',$,(#238,#3484));
#4758=IFCPROPERTYSET('3NttN1VoHZLX1jxvr_6AOf',#18,'Pset_SpaceHeaterTypeCommon',$,(#3484));
#4759=IFCPROPERTYSINGLEVALUE('Bepalingsmethode',$,IFCTEXT('NVO'),$);
#4760=IFCPROPERTYSINGLEVALUE('BuitenruimteSoort',$,IFCTEXT('Subruimte'),$);
#4761=IFCPROPERTYSINGLEVALUE('BuitenruimteType',$,IFCTEXT('Parkeerplaats auto'),$);
#4762=IFCPROPERTYSET('0pLBnh5rGYgXjG5xddiASN',#18,'MiniGIM_ILS','',(#4759,#4760,#4761));
#4763=IFCRELDEFINESBYPROPERTIES('1l4_RonpornVXEjaEPQQBl',#18,$,$,(#4756),#4757);
#4764=IFCRELDEFINESBYPROPERTIES('0DiCIgDkXW1$_a9SmVwYbO',#18,$,$,(#4756),#4758);
#4765=IFCRELDEFINESBYPROPERTIES('0oBdmNXyExYU1XPtYZ9iqB',#18,$,$,(#4756),#4762);
#4766=IFCQUANTITYLENGTH('Height','',$,4.53,$);
#4767=IFCQUANTITYAREA('GrossFloorArea','',$,8.60699999999972,$);
#4768=IFCQUANTITYAREA('GrossCeilingArea','',$,11.3409673134263,$);
#4769=IFCQUANTITYVOLUME('GrossVolume','',$,0.0430349999999986,$);
#4770=IFCQUANTITYVOLUME('NetVolume','',$,0.0430349999999987,$);
#4771=IFCELEMENTQUANTITY('0mqrJQntGlcrCirykikm7H',#18,'Qto_SpaceBaseQuantities',$,$,(#4766,#4767,#4768,#4769,#4770));
#4772=IFCRELDEFINESBYPROPERTIES('3476S_zR6CulVAq2_3Hskr',#18,$,$,(#4756),#4771);
#4773=IFCMAPPEDITEM(#3472,#191);
#4774=IFCSHAPEREPRESENTATION(#24,'Body','MappedRepresentation',(#4773));
#4775=IFCPRODUCTDEFINITIONSHAPE($,$,(#4774));
#4776=IFCCARTESIANPOINT((106.230708920049,50.3184306621597,0.));
#4777=IFCDIRECTION((0.98742087731736,0.15811391791305,0.));
#4778=IFCAXIS2PLACEMENT3D(#4776,#9,#4777);
#4779=IFCLOCALPLACEMENT(#41,#4778);
#4780=IFCSPACE('0ZcnFg2izD2Aqi5s8w_cNN',#18,'{$this("Description")}',$,'Parkeerplaats',#4779,#4775,$,$,.PARKING.,$);
#4781=IFCPROPERTYSET('1uvBeQYwbfyH9sNuX0_oop',#18,'Pset_SpaceCommon',$,(#238,#3484));
#4782=IFCPROPERTYSET('37vj$7K7GB9aGMwXTc2qIT',#18,'Pset_SpaceHeaterTypeCommon',$,(#3484));
#4783=IFCPROPERTYSINGLEVALUE('Bepalingsmethode',$,IFCTEXT('NVO'),$);
#4784=IFCPROPERTYSINGLEVALUE('BuitenruimteSoort',$,IFCTEXT('Subruimte'),$);
#4785=IFCPROPERTYSINGLEVALUE('BuitenruimteType',$,IFCTEXT('Parkeerplaats auto'),$);
#4786=IFCPROPERTYSET('1GYKhpSBLrd1k3M_wBtPqq',#18,'MiniGIM_ILS','',(#4783,#4784,#4785));
#4787=IFCRELDEFINESBYPROPERTIES('1wknp3UiaSJdoCX0QnLP13',#18,$,$,(#4780),#4781);
#4788=IFCRELDEFINESBYPROPERTIES('2iY_KR4zUdQg5c58K2mCet',#18,$,$,(#4780),#4782);
#4789=IFCRELDEFINESBYPROPERTIES('2qeqKPKvsXPwgozCstDvc_',#18,$,$,(#4780),#4786);
#4790=IFCQUANTITYLENGTH('Height','',$,4.53,$);
#4791=IFCQUANTITYAREA('GrossFloorArea','',$,8.60699999999972,$);
#4792=IFCQUANTITYAREA('GrossCeilingArea','',$,11.3409673134263,$);
#4793=IFCQUANTITYVOLUME('GrossVolume','',$,0.0430349999999986,$);
#4794=IFCQUANTITYVOLUME('NetVolume','',$,0.0430349999999987,$);
#4795=IFCELEMENTQUANTITY('2rAFPZEqaRmhBy$ZI8ssLt',#18,'Qto_SpaceBaseQuantities',$,$,(#4790,#4791,#4792,#4793,#4794));
#4796=IFCRELDEFINESBYPROPERTIES('1$56kqxQAAU0T1D_PA$$7O',#18,$,$,(#4780),#4795);
#4797=IFCMAPPEDITEM(#3472,#191);
#4798=IFCSHAPEREPRESENTATION(#24,'Body','MappedRepresentation',(#4797));
#4799=IFCPRODUCTDEFINITIONSHAPE($,$,(#4798));
#4800=IFCCARTESIANPOINT((111.164316091367,51.094897564679,0.));
#4801=IFCDIRECTION((0.98742087731736,0.15811391791305,0.));
#4802=IFCAXIS2PLACEMENT3D(#4800,#9,#4801);
#4803=IFCLOCALPLACEMENT(#41,#4802);
#4804=IFCSPACE('0ZcnFg2izD2Aqi5s8w_cNK',#18,'{$this("Description")}',$,'Parkeerplaats',#4803,#4799,$,$,.PARKING.,$);
#4805=IFCPROPERTYSET('3elnBEkti8twHsvfvjA0E$',#18,'Pset_SpaceCommon',$,(#238,#3484));
#4806=IFCPROPERTYSET('3Lnvoli30Gi3ljGxBiss0c',#18,'Pset_SpaceHeaterTypeCommon',$,(#3484));
#4807=IFCPROPERTYSINGLEVALUE('Bepalingsmethode',$,IFCTEXT('NVO'),$);
#4808=IFCPROPERTYSINGLEVALUE('BuitenruimteSoort',$,IFCTEXT('Subruimte'),$);
#4809=IFCPROPERTYSINGLEVALUE('BuitenruimteType',$,IFCTEXT('Parkeerplaats auto'),$);
#4810=IFCPROPERTYSET('126sqk7W9RKffxcmNNXofD',#18,'MiniGIM_ILS','',(#4807,#4808,#4809));
#4811=IFCRELDEFINESBYPROPERTIES('2zZ9u2i23aT2WBFk0jyzUY',#18,$,$,(#4804),#4805);
#4812=IFCRELDEFINESBYPROPERTIES('1AJveAOqhoOhK_W2XDvaGq',#18,$,$,(#4804),#4806);
#4813=IFCRELDEFINESBYPROPERTIES('0ylk5nYBNhSTYuajJ$Uu4h',#18,$,$,(#4804),#4810);
#4814=IFCQUANTITYLENGTH('Height','',$,4.53,$);
#4815=IFCQUANTITYAREA('GrossFloorArea','',$,8.60699999999972,$);
#4816=IFCQUANTITYAREA('GrossCeilingArea','',$,11.3409673134263,$);
#4817=IFCQUANTITYVOLUME('GrossVolume','',$,0.0430349999999986,$);
#4818=IFCQUANTITYVOLUME('NetVolume','',$,0.0430349999999987,$);
#4819=IFCELEMENTQUANTITY('37kHNKX9n$70eLgM1rSivG',#18,'Qto_SpaceBaseQuantities',$,$,(#4814,#4815,#4816,#4817,#4818));
#4820=IFCRELDEFINESBYPROPERTIES('0g7a2t0gyZr4bb6DFPAEUT',#18,$,$,(#4804),#4819);
#4821=IFCMAPPEDITEM(#3472,#191);
#4822=IFCSHAPEREPRESENTATION(#24,'Body','MappedRepresentation',(#4821));
#4823=IFCPRODUCTDEFINITIONSHAPE($,$,(#4822));
#4824=IFCCARTESIANPOINT((113.606475369113,51.4924179646909,0.));
#4825=IFCDIRECTION((0.98742087731736,0.15811391791305,0.));
#4826=IFCAXIS2PLACEMENT3D(#4824,#9,#4825);
#4827=IFCLOCALPLACEMENT(#41,#4826);
#4828=IFCSPACE('0ZcnFg2izD2Aqi5s8w_cNQ',#18,'{$this("Description")}',$,'Parkeerplaats',#4827,#4823,$,$,.PARKING.,$);
#4829=IFCPROPERTYSET('3EzbaU_DE5C0t7T5TNId5O',#18,'Pset_SpaceCommon',$,(#238,#3484));
#4830=IFCPROPERTYSET('0Ez_6k81n42flJlfd0sqZ7',#18,'Pset_SpaceHeaterTypeCommon',$,(#3484));
#4831=IFCPROPERTYSINGLEVALUE('Bepalingsmethode',$,IFCTEXT('NVO'),$);
#4832=IFCPROPERTYSINGLEVALUE('BuitenruimteSoort',$,IFCTEXT('Subruimte'),$);
#4833=IFCPROPERTYSINGLEVALUE('BuitenruimteType',$,IFCTEXT('Parkeerplaats auto'),$);
#4834=IFCPROPERTYSET('3ii3QUuhMxB6z20t5Hclq4',#18,'MiniGIM_ILS','',(#4831,#4832,#4833));
#4835=IFCRELDEFINESBYPROPERTIES('3lfG7AyjVq5NGMEEXy1KC1',#18,$,$,(#4828),#4829);
#4836=IFCRELDEFINESBYPROPERTIES('3S9icZSvDTloxf6ZPlSUOI',#18,$,$,(#4828),#4830);
#4837=IFCRELDEFINESBYPROPERTIES('0hF7VIDLR4UsLsddKwIxtb',#18,$,$,(#4828),#4834);
#4838=IFCQUANTITYLENGTH('Height','',$,4.53,$);
#4839=IFCQUANTITYAREA('GrossFloorArea','',$,8.60699999999972,$);
#4840=IFCQUANTITYAREA('GrossCeilingArea','',$,11.3409673134263,$);
#4841=IFCQUANTITYVOLUME('GrossVolume','',$,0.0430349999999986,$);
#4842=IFCQUANTITYVOLUME('NetVolume','',$,0.0430349999999987,$);
#4843=IFCELEMENTQUANTITY('3jrKXOkJL_uROZqbtFRQxj',#18,'Qto_SpaceBaseQuantities',$,$,(#4838,#4839,#4840,#4841,#4842));
#4844=IFCRELDEFINESBYPROPERTIES('2yYYeqQY6gNavSN6XNEiYU',#18,$,$,(#4828),#4843);
#4845=IFCMAPPEDITEM(#3472,#191);
#4846=IFCSHAPEREPRESENTATION(#24,'Body','MappedRepresentation',(#4845));
#4847=IFCPRODUCTDEFINITIONSHAPE($,$,(#4846));
#4848=IFCCARTESIANPOINT((116.075027562406,51.8877027594735,0.));
#4849=IFCDIRECTION((0.98742087731736,0.15811391791305,0.));
#4850=IFCAXIS2PLACEMENT3D(#4848,#9,#4849);
#4851=IFCLOCALPLACEMENT(#41,#4850);
#4852=IFCSPACE('0ZcnFg2izD2Aqi5s8w_cNR',#18,'{$this("Description")}',$,'Parkeerplaats',#4851,#4847,$,$,.PARKING.,$);
#4853=IFCPROPERTYSET('3Husigt0MpobxRaSZ1FxCW',#18,'Pset_SpaceCommon',$,(#238,#3484));
#4854=IFCPROPERTYSET('3j0lil1c13XYSEgheCJV$1',#18,'Pset_SpaceHeaterTypeCommon',$,(#3484));
#4855=IFCPROPERTYSINGLEVALUE('Bepalingsmethode',$,IFCTEXT('NVO'),$);
#4856=IFCPROPERTYSINGLEVALUE('BuitenruimteSoort',$,IFCTEXT('Subruimte'),$);
#4857=IFCPROPERTYSINGLEVALUE('BuitenruimteType',$,IFCTEXT('Parkeerplaats auto'),$);
#4858=IFCPROPERTYSET('1rmESJsMD9PldV3Bc1NYCV',#18,'MiniGIM_ILS','',(#4855,#4856,#4857));
#4859=IFCRELDEFINESBYPROPERTIES('2vR$Vgs6DqVfqKS$8ZBf1D',#18,$,$,(#4852),#4853);
#4860=IFCRELDEFINESBYPROPERTIES('3OlzgCGY7RtG$9pLZGie0m',#18,$,$,(#4852),#4854);
#4861=IFCRELDEFINESBYPROPERTIES('2tgGr4OGvjztUMj9n9_1lI',#18,$,$,(#4852),#4858);
#4862=IFCQUANTITYLENGTH('Height','',$,4.53,$);
#4863=IFCQUANTITYAREA('GrossFloorArea','',$,8.60699999999972,$);
#4864=IFCQUANTITYAREA('GrossCeilingArea','',$,11.3409673134263,$);
#4865=IFCQUANTITYVOLUME('GrossVolume','',$,0.0430349999999986,$);
#4866=IFCQUANTITYVOLUME('NetVolume','',$,0.0430349999999987,$);
#4867=IFCELEMENTQUANTITY('1rXqEb80j6LEcOOjXvcBzF',#18,'Qto_SpaceBaseQuantities',$,$,(#4862,#4863,#4864,#4865,#4866));
#4868=IFCRELDEFINESBYPROPERTIES('3Dvuyjyu8HVsMUa0p4Aghe',#18,$,$,(#4852),#4867);
#4869=IFCMAPPEDITEM(#3472,#191);
#4870=IFCSHAPEREPRESENTATION(#24,'Body','MappedRepresentation',(#4869));
#4871=IFCPRODUCTDEFINITIONSHAPE($,$,(#4870));
#4872=IFCCARTESIANPOINT((118.5435797557,52.2829875542562,0.));
#4873=IFCDIRECTION((0.98742087731736,0.15811391791305,0.));
#4874=IFCAXIS2PLACEMENT3D(#4872,#9,#4873);
#4875=IFCLOCALPLACEMENT(#41,#4874);
#4876=IFCSPACE('0ZcnFg2izD2Aqi5s8w_cNO',#18,'{$this("Description")}',$,'Parkeerplaats',#4875,#4871,$,$,.PARKING.,$);
#4877=IFCPROPERTYSET('1FHPmPCX2A4CJYIFQEP_dr',#18,'Pset_SpaceCommon',$,(#238,#3484));
#4878=IFCPROPERTYSET('2iobRRmaHMAcHYGy$vTOrW',#18,'Pset_SpaceHeaterTypeCommon',$,(#3484));
#4879=IFCPROPERTYSINGLEVALUE('Bepalingsmethode',$,IFCTEXT('NVO'),$);
#4880=IFCPROPERTYSINGLEVALUE('BuitenruimteSoort',$,IFCTEXT('Subruimte'),$);
#4881=IFCPROPERTYSINGLEVALUE('BuitenruimteType',$,IFCTEXT('Parkeerplaats auto'),$);
#4882=IFCPROPERTYSET('3bWa5XMZ7SniHia6g0gGYN',#18,'MiniGIM_ILS','',(#4879,#4880,#4881));
#4883=IFCRELDEFINESBYPROPERTIES('2K1bEbrdXnadYwSg97nB7Z',#18,$,$,(#4876),#4877);
#4884=IFCRELDEFINESBYPROPERTIES('0dy8OlQevMlf13eaLgNuQQ',#18,$,$,(#4876),#4878);
#4885=IFCRELDEFINESBYPROPERTIES('0j1kGEcEg002DrWVdqkSIh',#18,$,$,(#4876),#4882);
#4886=IFCQUANTITYLENGTH('Height','',$,4.53,$);
#4887=IFCQUANTITYAREA('GrossFloorArea','',$,8.60699999999972,$);
#4888=IFCQUANTITYAREA('GrossCeilingArea','',$,11.3409673134263,$);
#4889=IFCQUANTITYVOLUME('GrossVolume','',$,0.0430349999999986,$);
#4890=IFCQUANTITYVOLUME('NetVolume','',$,0.0430349999999987,$);
#4891=IFCELEMENTQUANTITY('0HsDEG7fTuk3nBkEEcTNzl',#18,'Qto_SpaceBaseQuantities',$,$,(#4886,#4887,#4888,#4889,#4890));
#4892=IFCRELDEFINESBYPROPERTIES('1NJtpsY0PqtALZMJyGrqtm',#18,$,$,(#4876),#4891);
#4893=IFCMAPPEDITEM(#3472,#191);
#4894=IFCSHAPEREPRESENTATION(#24,'Body','MappedRepresentation',(#4893));
#4895=IFCPRODUCTDEFINITIONSHAPE($,$,(#4894));
#4896=IFCCARTESIANPOINT((121.012131948993,52.6782723490388,0.));
#4897=IFCDIRECTION((0.98742087731736,0.15811391791305,0.));
#4898=IFCAXIS2PLACEMENT3D(#4896,#9,#4897);
#4899=IFCLOCALPLACEMENT(#41,#4898);
#4900=IFCSPACE('0ZcnFg2izD2Aqi5s8w_cNP',#18,'{$this("Description")}',$,'Parkeerplaats',#4899,#4895,$,$,.PARKING.,$);
#4901=IFCPROPERTYSET('3glAapW40yNBNI9NLHkyRq',#18,'Pset_SpaceCommon',$,(#238,#3484));
#4902=IFCPROPERTYSET('2bFax92YmaM5YhO0QgSEn0',#18,'Pset_SpaceHeaterTypeCommon',$,(#3484));
#4903=IFCPROPERTYSINGLEVALUE('Bepalingsmethode',$,IFCTEXT('NVO'),$);
#4904=IFCPROPERTYSINGLEVALUE('BuitenruimteSoort',$,IFCTEXT('Subruimte'),$);
#4905=IFCPROPERTYSINGLEVALUE('BuitenruimteType',$,IFCTEXT('Parkeerplaats auto'),$);
#4906=IFCPROPERTYSET('2a$gWHSQI3gCRRREWUPexp',#18,'MiniGIM_ILS','',(#4903,#4904,#4905));
#4907=IFCRELDEFINESBYPROPERTIES('0DmErzpUfNI2r9TkJJhfJs',#18,$,$,(#4900),#4901);
#4908=IFCRELDEFINESBYPROPERTIES('175wNxCq$Ff8O1BIxFewjX',#18,$,$,(#4900),#4902);
#4909=IFCRELDEFINESBYPROPERTIES('1Aq_9gE17jwh__PPHbwZQL',#18,$,$,(#4900),#4906);
#4910=IFCQUANTITYLENGTH('Height','',$,4.53,$);
#4911=IFCQUANTITYAREA('GrossFloorArea','',$,8.60699999999972,$);
#4912=IFCQUANTITYAREA('GrossCeilingArea','',$,11.3409673134263,$);
#4913=IFCQUANTITYVOLUME('GrossVolume','',$,0.0430349999999986,$);
#4914=IFCQUANTITYVOLUME('NetVolume','',$,0.0430349999999987,$);
#4915=IFCELEMENTQUANTITY('3YPee5JepyPTRjCiZUK2lR',#18,'Qto_SpaceBaseQuantities',$,$,(#4910,#4911,#4912,#4913,#4914));
#4916=IFCRELDEFINESBYPROPERTIES('2Ra$GZrH423q4V4Xhaap67',#18,$,$,(#4900),#4915);
#4917=IFCMAPPEDITEM(#3472,#191);
#4918=IFCSHAPEREPRESENTATION(#24,'Body','MappedRepresentation',(#4917));
#4919=IFCPRODUCTDEFINITIONSHAPE($,$,(#4918));
#4920=IFCCARTESIANPOINT((123.480684142286,53.0735571438214,0.));
#4921=IFCDIRECTION((0.98742087731736,0.15811391791305,0.));
#4922=IFCAXIS2PLACEMENT3D(#4920,#9,#4921);
#4923=IFCLOCALPLACEMENT(#41,#4922);
#4924=IFCSPACE('0ZcnFg2izD2Aqi5s8w_cN6',#18,'{$this("Description")}',$,'Parkeerplaats',#4923,#4919,$,$,.PARKING.,$);
#4925=IFCPROPERTYSET('3HcDvBjLTT0cxXGR3LOFgG',#18,'Pset_SpaceCommon',$,(#238,#3484));
#4926=IFCPROPERTYSET('3Exl2c9RiZqTm14eTcEVg9',#18,'Pset_SpaceHeaterTypeCommon',$,(#3484));
#4927=IFCPROPERTYSINGLEVALUE('Bepalingsmethode',$,IFCTEXT('NVO'),$);
#4928=IFCPROPERTYSINGLEVALUE('BuitenruimteSoort',$,IFCTEXT('Subruimte'),$);
#4929=IFCPROPERTYSINGLEVALUE('BuitenruimteType',$,IFCTEXT('Parkeerplaats auto'),$);
#4930=IFCPROPERTYSET('1Ijo8lSDjY1Tm8dwM941qg',#18,'MiniGIM_ILS','',(#4927,#4928,#4929));
#4931=IFCRELDEFINESBYPROPERTIES('0t3Rb2BMTaZxPWPs$RAqPb',#18,$,$,(#4924),#4925);
#4932=IFCRELDEFINESBYPROPERTIES('3sS5xBvt7oR31hfBkG0bew',#18,$,$,(#4924),#4926);
#4933=IFCRELDEFINESBYPROPERTIES('0WeEklCk8bujM1D4AQ17_k',#18,$,$,(#4924),#4930);
#4934=IFCQUANTITYLENGTH('Height','',$,4.53,$);
#4935=IFCQUANTITYAREA('GrossFloorArea','',$,8.60699999999972,$);
#4936=IFCQUANTITYAREA('GrossCeilingArea','',$,11.3409673134263,$);
#4937=IFCQUANTITYVOLUME('GrossVolume','',$,0.0430349999999986,$);
#4938=IFCQUANTITYVOLUME('NetVolume','',$,0.0430349999999987,$);
#4939=IFCELEMENTQUANTITY('2tnGBC3SAx$neY2k9PNYWH',#18,'Qto_SpaceBaseQuantities',$,$,(#4934,#4935,#4936,#4937,#4938));
#4940=IFCRELDEFINESBYPROPERTIES('3YnVwoPyCvbNsai4ASx93E',#18,$,$,(#4924),#4939);
#4941=IFCMAPPEDITEM(#3472,#191);
#4942=IFCSHAPEREPRESENTATION(#24,'Body','MappedRepresentation',(#4941));
#4943=IFCPRODUCTDEFINITIONSHAPE($,$,(#4942));
#4944=IFCCARTESIANPOINT((125.94923633558,53.468841938604,0.));
#4945=IFCDIRECTION((0.98742087731736,0.15811391791305,0.));
#4946=IFCAXIS2PLACEMENT3D(#4944,#9,#4945);
#4947=IFCLOCALPLACEMENT(#41,#4946);
#4948=IFCSPACE('0ZcnFg2izD2Aqi5s8w_cN7',#18,'{$this("Description")}',$,'Parkeerplaats',#4947,#4943,$,$,.PARKING.,$);
#4949=IFCPROPERTYSET('1G4p_WCeNasLM$NeC5XjjS',#18,'Pset_SpaceCommon',$,(#238,#3484));
#4950=IFCPROPERTYSET('1xXfU7qP8maI_ghZEhQ4pn',#18,'Pset_SpaceHeaterTypeCommon',$,(#3484));
#4951=IFCPROPERTYSINGLEVALUE('Bepalingsmethode',$,IFCTEXT('NVO'),$);
#4952=IFCPROPERTYSINGLEVALUE('BuitenruimteSoort',$,IFCTEXT('Subruimte'),$);
#4953=IFCPROPERTYSINGLEVALUE('BuitenruimteType',$,IFCTEXT('Parkeerplaats auto'),$);
#4954=IFCPROPERTYSET('1uN_kUpk6$OW0I1r0A_IY3',#18,'MiniGIM_ILS','',(#4951,#4952,#4953));
#4955=IFCRELDEFINESBYPROPERTIES('0e_ZXu2RO9Qs9K7axGDjJ_',#18,$,$,(#4948),#4949);
#4956=IFCRELDEFINESBYPROPERTIES('0mz7JF7hnfRNjcKrlXSjEs',#18,$,$,(#4948),#4950);
#4957=IFCRELDEFINESBYPROPERTIES('2d1h5HN9ZD_z2trwQ48ycT',#18,$,$,(#4948),#4954);
#4958=IFCQUANTITYLENGTH('Height','',$,4.53,$);
#4959=IFCQUANTITYAREA('GrossFloorArea','',$,8.60699999999972,$);
#4960=IFCQUANTITYAREA('GrossCeilingArea','',$,11.3409673134263,$);
#4961=IFCQUANTITYVOLUME('GrossVolume','',$,0.0430349999999986,$);
#4962=IFCQUANTITYVOLUME('NetVolume','',$,0.0430349999999987,$);
#4963=IFCELEMENTQUANTITY('27VksUQIz2BDivFA3HjWlQ',#18,'Qto_SpaceBaseQuantities',$,$,(#4958,#4959,#4960,#4961,#4962));
#4964=IFCRELDEFINESBYPROPERTIES('0Q0yvYYcfkJpZIh9np4UK6',#18,$,$,(#4948),#4963);
#4965=IFCMAPPEDITEM(#3472,#191);
#4966=IFCSHAPEREPRESENTATION(#24,'Body','MappedRepresentation',(#4965));
#4967=IFCPRODUCTDEFINITIONSHAPE($,$,(#4966));
#4968=IFCCARTESIANPOINT((128.417788528873,53.8641267333866,0.));
#4969=IFCDIRECTION((0.98742087731736,0.15811391791305,0.));
#4970=IFCAXIS2PLACEMENT3D(#4968,#9,#4969);
#4971=IFCLOCALPLACEMENT(#41,#4970);
#4972=IFCSPACE('0ZcnFg2izD2Aqi5s8w_cN4',#18,'{$this("Description")}',$,'Parkeerplaats',#4971,#4967,$,$,.PARKING.,$);
#4973=IFCPROPERTYSET('1K5TOIn4Lo3YbgrKuAAZpL',#18,'Pset_SpaceCommon',$,(#238,#3484));
#4974=IFCPROPERTYSET('20Fk_LpyNWNyaNBZ$neQNR',#18,'Pset_SpaceHeaterTypeCommon',$,(#3484));
#4975=IFCPROPERTYSINGLEVALUE('Bepalingsmethode',$,IFCTEXT('NVO'),$);
#4976=IFCPROPERTYSINGLEVALUE('BuitenruimteSoort',$,IFCTEXT('Subruimte'),$);
#4977=IFCPROPERTYSINGLEVALUE('BuitenruimteType',$,IFCTEXT('Parkeerplaats auto'),$);
#4978=IFCPROPERTYSET('3WW3uKApBnDimIfgnJfuEB',#18,'MiniGIM_ILS','',(#4975,#4976,#4977));
#4979=IFCRELDEFINESBYPROPERTIES('1izLp2jEA3deCKjYUdFEs7',#18,$,$,(#4972),#4973);
#4980=IFCRELDEFINESBYPROPERTIES('0s1LNJdo0HSKhpGTMxzzZd',#18,$,$,(#4972),#4974);
#4981=IFCRELDEFINESBYPROPERTIES('2ixYDKJwK61F_YYimbwE6F',#18,$,$,(#4972),#4978);
#4982=IFCQUANTITYLENGTH('Height','',$,4.53,$);
#4983=IFCQUANTITYAREA('GrossFloorArea','',$,8.60699999999972,$);
#4984=IFCQUANTITYAREA('GrossCeilingArea','',$,11.3409673134263,$);
#4985=IFCQUANTITYVOLUME('GrossVolume','',$,0.0430349999999986,$);
#4986=IFCQUANTITYVOLUME('NetVolume','',$,0.0430349999999987,$);
#4987=IFCELEMENTQUANTITY('2fOMfw_zpL_bNhBNZT8O_9',#18,'Qto_SpaceBaseQuantities',$,$,(#4982,#4983,#4984,#4985,#4986));
#4988=IFCRELDEFINESBYPROPERTIES('0e5Q_2ZCmep0Sh_6H4rTIZ',#18,$,$,(#4972),#4987);
#4989=IFCMAPPEDITEM(#3472,#191);
#4990=IFCSHAPEREPRESENTATION(#24,'Body','MappedRepresentation',(#4989));
#4991=IFCPRODUCTDEFINITIONSHAPE($,$,(#4990));
#4992=IFCCARTESIANPOINT((130.886340722167,54.2594115281693,0.));
#4993=IFCDIRECTION((0.98742087731736,0.15811391791305,0.));
#4994=IFCAXIS2PLACEMENT3D(#4992,#9,#4993);
#4995=IFCLOCALPLACEMENT(#41,#4994);
#4996=IFCSPACE('0ZcnFg2izD2Aqi5s8w_cN5',#18,'{$this("Description")}',$,'Parkeerplaats',#4995,#4991,$,$,.PARKING.,$);
#4997=IFCPROPERTYSET('0dCT7Eeu0qPcCu2pN_Vgrr',#18,'Pset_SpaceCommon',$,(#238,#3484));
#4998=IFCPROPERTYSET('3tr9JLzpe5gJpYQ8LfelyY',#18,'Pset_SpaceHeaterTypeCommon',$,(#3484));
#4999=IFCPROPERTYSINGLEVALUE('Bepalingsmethode',$,IFCTEXT('NVO'),$);
#5000=IFCPROPERTYSINGLEVALUE('BuitenruimteSoort',$,IFCTEXT('Subruimte'),$);
#5001=IFCPROPERTYSINGLEVALUE('BuitenruimteType',$,IFCTEXT('Parkeerplaats auto'),$);
#5002=IFCPROPERTYSET('0GOV5Zq_Nfafuy78jxm$Cu',#18,'MiniGIM_ILS','',(#4999,#5000,#5001));
#5003=IFCRELDEFINESBYPROPERTIES('2SAnNXeKvjvO9gij161AcT',#18,$,$,(#4996),#4997);
#5004=IFCRELDEFINESBYPROPERTIES('1IIL0B_qSCvMWZ3rnfHDz0',#18,$,$,(#4996),#4998);
#5005=IFCRELDEFINESBYPROPERTIES('18n6PotNygE1Yqia1X8SMD',#18,$,$,(#4996),#5002);
#5006=IFCQUANTITYLENGTH('Height','',$,4.53,$);
#5007=IFCQUANTITYAREA('GrossFloorArea','',$,8.60699999999972,$);
#5008=IFCQUANTITYAREA('GrossCeilingArea','',$,11.3409673134263,$);
#5009=IFCQUANTITYVOLUME('GrossVolume','',$,0.0430349999999986,$);
#5010=IFCQUANTITYVOLUME('NetVolume','',$,0.0430349999999987,$);
#5011=IFCELEMENTQUANTITY('08vtPcNDVWHavBcL6SOTIF',#18,'Qto_SpaceBaseQuantities',$,$,(#5006,#5007,#5008,#5009,#5010));
#5012=IFCRELDEFINESBYPROPERTIES('0BG64DP$x2Y$kzw8JTwaZ7',#18,$,$,(#4996),#5011);
#5013=IFCMAPPEDITEM(#3472,#191);
#5014=IFCSHAPEREPRESENTATION(#24,'Body','MappedRepresentation',(#5013));
#5015=IFCPRODUCTDEFINITIONSHAPE($,$,(#5014));
#5016=IFCCARTESIANPOINT((146.948964941074,86.1840617982114,0.));
#5017=IFCDIRECTION((-0.999854344480766,-0.0170672148559216,0.));
#5018=IFCAXIS2PLACEMENT3D(#5016,#9,#5017);
#5019=IFCLOCALPLACEMENT(#41,#5018);
#5020=IFCSPACE('0ZcnFg2izD2Aqi5s8w_cMz',#18,'{$this("Description")}',$,'Parkeerplaats',#5019,#5015,$,$,.PARKING.,$);
#5021=IFCPROPERTYSET('2fJcRojU3QtqZqPY11aqOb',#18,'Pset_SpaceCommon',$,(#238,#3484));
#5022=IFCPROPERTYSET('233IjVBSERp43BrxUiDM$k',#18,'Pset_SpaceHeaterTypeCommon',$,(#3484));
#5023=IFCPROPERTYSINGLEVALUE('Bepalingsmethode',$,IFCTEXT('NVO'),$);
#5024=IFCPROPERTYSINGLEVALUE('BuitenruimteSoort',$,IFCTEXT('Subruimte'),$);
#5025=IFCPROPERTYSINGLEVALUE('BuitenruimteType',$,IFCTEXT('Parkeerplaats auto'),$);
#5026=IFCPROPERTYSET('0rX7mV25_v6D$bPt337Aqy',#18,'MiniGIM_ILS','',(#5023,#5024,#5025));
#5027=IFCRELDEFINESBYPROPERTIES('1uFn6KjH0MfPG7KQPyNsZI',#18,$,$,(#5020),#5021);
#5028=IFCRELDEFINESBYPROPERTIES('3urk_GIWicVISzYxK9dl7a',#18,$,$,(#5020),#5022);
#5029=IFCRELDEFINESBYPROPERTIES('1ngx9Ln6BNgwF755PBP$3I',#18,$,$,(#5020),#5026);
#5030=IFCQUANTITYLENGTH('Height','',$,4.53,$);
#5031=IFCQUANTITYAREA('GrossFloorArea','',$,8.60699999999972,$);
#5032=IFCQUANTITYAREA('GrossCeilingArea','',$,11.3409673134263,$);
#5033=IFCQUANTITYVOLUME('GrossVolume','',$,0.0430349999999986,$);
#5034=IFCQUANTITYVOLUME('NetVolume','',$,0.0430349999999987,$);
#5035=IFCELEMENTQUANTITY('23$v1Uei7MdnTDKxM2OlXN',#18,'Qto_SpaceBaseQuantities',$,$,(#5030,#5031,#5032,#5033,#5034));
#5036=IFCRELDEFINESBYPROPERTIES('3F4EzemaaU054lJb3ybKqA',#18,$,$,(#5020),#5035);
#5037=IFCMAPPEDITEM(#3472,#191);
#5038=IFCSHAPEREPRESENTATION(#24,'Body','MappedRepresentation',(#5037));
#5039=IFCPRODUCTDEFINITIONSHAPE($,$,(#5038));
#5040=IFCCARTESIANPOINT((136.861182508369,92.0080267559594,0.));
#5041=IFCDIRECTION((0.999854388065219,0.0170646613422499,0.));
#5042=IFCAXIS2PLACEMENT3D(#5040,#9,#5041);
#5043=IFCLOCALPLACEMENT(#41,#5042);
#5044=IFCSPACE('0ZcnFg2izD2Aqi5s8w_cMb',#18,'{$this("Description")}',$,'Parkeerplaats',#5043,#5039,$,$,.PARKING.,$);
#5045=IFCPROPERTYSET('0lojm$BDv44SKo18lhsLA_',#18,'Pset_SpaceCommon',$,(#238,#3484));
#5046=IFCPROPERTYSET('3QufiOdOkveMUQXwQUdvL2',#18,'Pset_SpaceHeaterTypeCommon',$,(#3484));
#5047=IFCPROPERTYSINGLEVALUE('Bepalingsmethode',$,IFCTEXT('NVO'),$);
#5048=IFCPROPERTYSINGLEVALUE('BuitenruimteSoort',$,IFCTEXT('Subruimte'),$);
#5049=IFCPROPERTYSINGLEVALUE('BuitenruimteType',$,IFCTEXT('Parkeerplaats auto'),$);
#5050=IFCPROPERTYSET('36tCe0pbbrZU46kANXRYnK',#18,'MiniGIM_ILS','',(#5047,#5048,#5049));
#5051=IFCRELDEFINESBYPROPERTIES('2W6RczaTHeFJ9fHR7kmXpu',#18,$,$,(#5044),#5045);
#5052=IFCRELDEFINESBYPROPERTIES('3UHzmZG$yvM4D_yRZpigwK',#18,$,$,(#5044),#5046);
#5053=IFCRELDEFINESBYPROPERTIES('27DKe$0dxMnUrIvMvPAzSf',#18,$,$,(#5044),#5050);
#5054=IFCQUANTITYLENGTH('Height','',$,4.53,$);
#5055=IFCQUANTITYAREA('GrossFloorArea','',$,8.60699999999972,$);
#5056=IFCQUANTITYAREA('GrossCeilingArea','',$,11.3409673134263,$);
#5057=IFCQUANTITYVOLUME('GrossVolume','',$,0.0430349999999986,$);
#5058=IFCQUANTITYVOLUME('NetVolume','',$,0.0430349999999987,$);
#5059=IFCELEMENTQUANTITY('2bVufFKYxVsVJGY1Uj7yDr',#18,'Qto_SpaceBaseQuantities',$,$,(#5054,#5055,#5056,#5057,#5058));
#5060=IFCRELDEFINESBYPROPERTIES('2uTwFZKD8AOmZcotPbKD9J',#18,$,$,(#5044),#5059);
#5061=IFCMAPPEDITEM(#3472,#191);
#5062=IFCSHAPEREPRESENTATION(#24,'Body','MappedRepresentation',(#5061));
#5063=IFCPRODUCTDEFINITIONSHAPE($,$,(#5062));
#5064=IFCCARTESIANPOINT((139.360818478532,92.050688409315,0.));
#5065=IFCDIRECTION((0.999854388065219,0.0170646613422499,0.));
#5066=IFCAXIS2PLACEMENT3D(#5064,#9,#5065);
#5067=IFCLOCALPLACEMENT(#41,#5066);
#5068=IFCSPACE('0ZcnFg2izD2Aqi5s8w_cM2',#18,'{$this("Description")}',$,'Parkeerplaats',#5067,#5063,$,$,.PARKING.,$);
#5069=IFCPROPERTYSET('2RHTWEpy7LMW_gCGB7SsYg',#18,'Pset_SpaceCommon',$,(#238,#3484));
#5070=IFCPROPERTYSET('12v8jABfuN5cQ72LYpWl5w',#18,'Pset_SpaceHeaterTypeCommon',$,(#3484));
#5071=IFCPROPERTYSINGLEVALUE('Bepalingsmethode',$,IFCTEXT('NVO'),$);
#5072=IFCPROPERTYSINGLEVALUE('BuitenruimteSoort',$,IFCTEXT('Subruimte'),$);
#5073=IFCPROPERTYSINGLEVALUE('BuitenruimteType',$,IFCTEXT('Parkeerplaats auto'),$);
#5074=IFCPROPERTYSET('3Aaw76cTbgisQ1A3JIxTaT',#18,'MiniGIM_ILS','',(#5071,#5072,#5073));
#5075=IFCRELDEFINESBYPROPERTIES('0FaH6NXQr6bE3vP6IvhPrA',#18,$,$,(#5068),#5069);
#5076=IFCRELDEFINESBYPROPERTIES('3FvpJUKq80gVCIzjiushvM',#18,$,$,(#5068),#5070);
#5077=IFCRELDEFINESBYPROPERTIES('2FCtzncqdmLyWiTzDIJI2y',#18,$,$,(#5068),#5074);
#5078=IFCQUANTITYLENGTH('Height','',$,4.53,$);
#5079=IFCQUANTITYAREA('GrossFloorArea','',$,8.60699999999972,$);
#5080=IFCQUANTITYAREA('GrossCeilingArea','',$,11.3409673134263,$);
#5081=IFCQUANTITYVOLUME('GrossVolume','',$,0.0430349999999986,$);
#5082=IFCQUANTITYVOLUME('NetVolume','',$,0.0430349999999987,$);
#5083=IFCELEMENTQUANTITY('0jS5r_xJ944SDFKhbTvd4M',#18,'Qto_SpaceBaseQuantities',$,$,(#5078,#5079,#5080,#5081,#5082));
#5084=IFCRELDEFINESBYPROPERTIES('16PFFwO93oT9W3Jhwh$0AX',#18,$,$,(#5068),#5083);
#5085=IFCMAPPEDITEM(#3472,#191);
#5086=IFCSHAPEREPRESENTATION(#24,'Body','MappedRepresentation',(#5085));
#5087=IFCPRODUCTDEFINITIONSHAPE($,$,(#5086));
#5088=IFCCARTESIANPOINT((141.860454448695,92.0933500626706,0.));
#5089=IFCDIRECTION((0.999854388065219,0.0170646613422499,0.));
#5090=IFCAXIS2PLACEMENT3D(#5088,#9,#5089);
#5091=IFCLOCALPLACEMENT(#41,#5090);
#5092=IFCSPACE('0ZcnFg2izD2Aqi5s8w_cMA',#18,'{$this("Description")}',$,'Parkeerplaats',#5091,#5087,$,$,.PARKING.,$);
#5093=IFCPROPERTYSET('1rtJGBnMwJ6JsJjJmvxr5A',#18,'Pset_SpaceCommon',$,(#238,#3484));
#5094=IFCPROPERTYSET('1wnDRhjzb2J$NTPeHSYKC4',#18,'Pset_SpaceHeaterTypeCommon',$,(#3484));
#5095=IFCPROPERTYSINGLEVALUE('Bepalingsmethode',$,IFCTEXT('NVO'),$);
#5096=IFCPROPERTYSINGLEVALUE('BuitenruimteSoort',$,IFCTEXT('Subruimte'),$);
#5097=IFCPROPERTYSINGLEVALUE('BuitenruimteType',$,IFCTEXT('Parkeerplaats auto'),$);
#5098=IFCPROPERTYSET('3n6JA0VZIsCVq7Jc7rahiR',#18,'MiniGIM_ILS','',(#5095,#5096,#5097));
#5099=IFCRELDEFINESBYPROPERTIES('0IubkjKALQgyd0o6CksAQ7',#18,$,$,(#5092),#5093);
#5100=IFCRELDEFINESBYPROPERTIES('03wmrr2$XZ2Hxm$Qn6iLdE',#18,$,$,(#5092),#5094);
#5101=IFCRELDEFINESBYPROPERTIES('0bxUX7Yz1Fz89G1Zaz3l5w',#18,$,$,(#5092),#5098);
#5102=IFCQUANTITYLENGTH('Height','',$,4.53,$);
#5103=IFCQUANTITYAREA('GrossFloorArea','',$,8.60699999999972,$);
#5104=IFCQUANTITYAREA('GrossCeilingArea','',$,11.3409673134263,$);
#5105=IFCQUANTITYVOLUME('GrossVolume','',$,0.0430349999999986,$);
#5106=IFCQUANTITYVOLUME('NetVolume','',$,0.0430349999999987,$);
#5107=IFCELEMENTQUANTITY('2wAEUmff8mAhr12N0l6tCC',#18,'Qto_SpaceBaseQuantities',$,$,(#5102,#5103,#5104,#5105,#5106));
#5108=IFCRELDEFINESBYPROPERTIES('27Y2m3knTVGWMquskrAGu_',#18,$,$,(#5092),#5107);
#5109=IFCMAPPEDITEM(#3472,#191);
#5110=IFCSHAPEREPRESENTATION(#24,'Body','MappedRepresentation',(#5109));
#5111=IFCPRODUCTDEFINITIONSHAPE($,$,(#5110));
#5112=IFCCARTESIANPOINT((144.360090418858,92.1360117160262,0.));
#5113=IFCDIRECTION((0.999854388065219,0.0170646613422499,0.));
#5114=IFCAXIS2PLACEMENT3D(#5112,#9,#5113);
#5115=IFCLOCALPLACEMENT(#41,#5114);
#5116=IFCSPACE('0ZcnFg2izD2Aqi5s8w_Xfm',#18,'{$this("Description")}',$,'Parkeerplaats',#5115,#5111,$,$,.PARKING.,$);
#5117=IFCPROPERTYSET('2LJysj8edzdodrta7M1KZV',#18,'Pset_SpaceCommon',$,(#238,#3484));
#5118=IFCPROPERTYSET('28h5XlUnzW2JlxbzpftKJF',#18,'Pset_SpaceHeaterTypeCommon',$,(#3484));
#5119=IFCPROPERTYSINGLEVALUE('Bepalingsmethode',$,IFCTEXT('NVO'),$);
#5120=IFCPROPERTYSINGLEVALUE('BuitenruimteSoort',$,IFCTEXT('Subruimte'),$);
#5121=IFCPROPERTYSINGLEVALUE('BuitenruimteType',$,IFCTEXT('Parkeerplaats auto'),$);
#5122=IFCPROPERTYSET('2qjZaqRJtv8yENgwpwEZQ5',#18,'MiniGIM_ILS','',(#5119,#5120,#5121));
#5123=IFCRELDEFINESBYPROPERTIES('3AVjVhrQGFShT22BNb8mwo',#18,$,$,(#5116),#5117);
#5124=IFCRELDEFINESBYPROPERTIES('3NElFPq3_pDa9igKS6IgFC',#18,$,$,(#5116),#5118);
#5125=IFCRELDEFINESBYPROPERTIES('3GcY1rUXkrEf3nK_3Lh3G5',#18,$,$,(#5116),#5122);
#5126=IFCQUANTITYLENGTH('Height','',$,4.53,$);
#5127=IFCQUANTITYAREA('GrossFloorArea','',$,8.60699999999972,$);
#5128=IFCQUANTITYAREA('GrossCeilingArea','',$,11.3409673134263,$);
#5129=IFCQUANTITYVOLUME('GrossVolume','',$,0.0430349999999986,$);
#5130=IFCQUANTITYVOLUME('NetVolume','',$,0.0430349999999987,$);
#5131=IFCELEMENTQUANTITY('0VmoZUbrpoKW_2JfZSUUmm',#18,'Qto_SpaceBaseQuantities',$,$,(#5126,#5127,#5128,#5129,#5130));
#5132=IFCRELDEFINESBYPROPERTIES('1DKyqGZOzRRPehqrOqp08Z',#18,$,$,(#5116),#5131);
#5133=IFCMAPPEDITEM(#3472,#191);
#5134=IFCSHAPEREPRESENTATION(#24,'Body','MappedRepresentation',(#5133));
#5135=IFCPRODUCTDEFINITIONSHAPE($,$,(#5134));
#5136=IFCCARTESIANPOINT((146.859726389021,92.1786733693819,0.));
#5137=IFCDIRECTION((0.999854388065219,0.0170646613422499,0.));
#5138=IFCAXIS2PLACEMENT3D(#5136,#9,#5137);
#5139=IFCLOCALPLACEMENT(#41,#5138);
#5140=IFCSPACE('0ZcnFg2izD2Aqi5s8w_Xfc',#18,'{$this("Description")}',$,'Parkeerplaats',#5139,#5135,$,$,.PARKING.,$);
#5141=IFCPROPERTYSET('0pv6H_9vEXVRdI0KsBpx3D',#18,'Pset_SpaceCommon',$,(#238,#3484));
#5142=IFCPROPERTYSET('1pE$owdGyViGwboNfmxDd3',#18,'Pset_SpaceHeaterTypeCommon',$,(#3484));
#5143=IFCPROPERTYSINGLEVALUE('Bepalingsmethode',$,IFCTEXT('NVO'),$);
#5144=IFCPROPERTYSINGLEVALUE('BuitenruimteSoort',$,IFCTEXT('Subruimte'),$);
#5145=IFCPROPERTYSINGLEVALUE('BuitenruimteType',$,IFCTEXT('Parkeerplaats auto'),$);
#5146=IFCPROPERTYSET('2vLBWY7WmyRHOnA33gQS20',#18,'MiniGIM_ILS','',(#5143,#5144,#5145));
#5147=IFCRELDEFINESBYPROPERTIES('33ngCDpZHPpJWEe8zBg4Nr',#18,$,$,(#5140),#5141);
#5148=IFCRELDEFINESBYPROPERTIES('0UTHvrO6AZgYY$Yaat35ir',#18,$,$,(#5140),#5142);
#5149=IFCRELDEFINESBYPROPERTIES('1boDQ0u5w9Tq4BFcdVeW$T',#18,$,$,(#5140),#5146);
#5150=IFCQUANTITYLENGTH('Height','',$,4.53,$);
#5151=IFCQUANTITYAREA('GrossFloorArea','',$,8.60699999999972,$);
#5152=IFCQUANTITYAREA('GrossCeilingArea','',$,11.3409673134263,$);
#5153=IFCQUANTITYVOLUME('GrossVolume','',$,0.0430349999999986,$);
#5154=IFCQUANTITYVOLUME('NetVolume','',$,0.0430349999999987,$);
#5155=IFCELEMENTQUANTITY('3qVojTS4$0zSJGUC6f2us_',#18,'Qto_SpaceBaseQuantities',$,$,(#5150,#5151,#5152,#5153,#5154));
#5156=IFCRELDEFINESBYPROPERTIES('2XR5ZeVqHUe6RbDHvCaO8C',#18,$,$,(#5140),#5155);
#5157=IFCMAPPEDITEM(#3472,#191);
#5158=IFCSHAPEREPRESENTATION(#24,'Body','MappedRepresentation',(#5157));
#5159=IFCPRODUCTDEFINITIONSHAPE($,$,(#5158));
#5160=IFCCARTESIANPOINT((149.359362359184,92.2213350227375,0.));
#5161=IFCDIRECTION((0.999854388065219,0.0170646613422499,0.));
#5162=IFCAXIS2PLACEMENT3D(#5160,#9,#5161);
#5163=IFCLOCALPLACEMENT(#41,#5162);
#5164=IFCSPACE('0ZcnFg2izD2Aqi5s8w_Xfi',#18,'{$this("Description")}',$,'Parkeerplaats',#5163,#5159,$,$,.PARKING.,$);
#5165=IFCPROPERTYSET('1oBtqatbd$1QMvcw2nIM$X',#18,'Pset_SpaceCommon',$,(#238,#3484));
#5166=IFCPROPERTYSET('19wAVHzdy3eoNaalT4_6OY',#18,'Pset_SpaceHeaterTypeCommon',$,(#3484));
#5167=IFCPROPERTYSINGLEVALUE('Bepalingsmethode',$,IFCTEXT('NVO'),$);
#5168=IFCPROPERTYSINGLEVALUE('BuitenruimteSoort',$,IFCTEXT('Subruimte'),$);
#5169=IFCPROPERTYSINGLEVALUE('BuitenruimteType',$,IFCTEXT('Parkeerplaats auto'),$);
#5170=IFCPROPERTYSET('16mM$GVDb2KzDMJLe8__SN',#18,'MiniGIM_ILS','',(#5167,#5168,#5169));
#5171=IFCRELDEFINESBYPROPERTIES('1iujgrogPqqAb14pNmf_pu',#18,$,$,(#5164),#5165);
#5172=IFCRELDEFINESBYPROPERTIES('3n2Xj2q5tfTeRnfmqJlVjY',#18,$,$,(#5164),#5166);
#5173=IFCRELDEFINESBYPROPERTIES('3K5B4RMv5BNf93NIJ6Wo8P',#18,$,$,(#5164),#5170);
#5174=IFCQUANTITYLENGTH('Height','',$,4.53,$);
#5175=IFCQUANTITYAREA('GrossFloorArea','',$,8.60699999999972,$);
#5176=IFCQUANTITYAREA('GrossCeilingArea','',$,11.3409673134263,$);
#5177=IFCQUANTITYVOLUME('GrossVolume','',$,0.0430349999999986,$);
#5178=IFCQUANTITYVOLUME('NetVolume','',$,0.0430349999999987,$);
#5179=IFCELEMENTQUANTITY('2Me4kec6W4z0yW5o0do$Uy',#18,'Qto_SpaceBaseQuantities',$,$,(#5174,#5175,#5176,#5177,#5178));
#5180=IFCRELDEFINESBYPROPERTIES('3LV8E0lAQVv22RssEvBAx8',#18,$,$,(#5164),#5179);
#5181=IFCMAPPEDITEM(#3472,#191);
#5182=IFCSHAPEREPRESENTATION(#24,'Body','MappedRepresentation',(#5181));
#5183=IFCPRODUCTDEFINITIONSHAPE($,$,(#5182));
#5184=IFCCARTESIANPOINT((151.858998329347,92.2639966760931,0.));
#5185=IFCDIRECTION((0.999854388065219,0.0170646613422499,0.));
#5186=IFCAXIS2PLACEMENT3D(#5184,#9,#5185);
#5187=IFCLOCALPLACEMENT(#41,#5186);
#5188=IFCSPACE('0ZcnFg2izD2Aqi5s8w_XfI',#18,'{$this("Description")}',$,'Parkeerplaats',#5187,#5183,$,$,.PARKING.,$);
#5189=IFCPROPERTYSET('3ohto27EzRlOZPVFH0QlSK',#18,'Pset_SpaceCommon',$,(#238,#3484));
#5190=IFCPROPERTYSET('2A0wOchRTTvvLRd6Uu1ib3',#18,'Pset_SpaceHeaterTypeCommon',$,(#3484));
#5191=IFCPROPERTYSINGLEVALUE('Bepalingsmethode',$,IFCTEXT('NVO'),$);
#5192=IFCPROPERTYSINGLEVALUE('BuitenruimteSoort',$,IFCTEXT('Subruimte'),$);
#5193=IFCPROPERTYSINGLEVALUE('BuitenruimteType',$,IFCTEXT('Parkeerplaats auto'),$);
#5194=IFCPROPERTYSET('09vOFAyzLc6KxgJBBjao4I',#18,'MiniGIM_ILS','',(#5191,#5192,#5193));
#5195=IFCRELDEFINESBYPROPERTIES('0ijcLP1QcIXCXT$vIjo64E',#18,$,$,(#5188),#5189);
#5196=IFCRELDEFINESBYPROPERTIES('1iqQZmdARBhX2EwXTIe9lC',#18,$,$,(#5188),#5190);
#5197=IFCRELDEFINESBYPROPERTIES('2duaq$ADJ4accupVe7Vbn_',#18,$,$,(#5188),#5194);
#5198=IFCQUANTITYLENGTH('Height','',$,4.53,$);
#5199=IFCQUANTITYAREA('GrossFloorArea','',$,8.60699999999972,$);
#5200=IFCQUANTITYAREA('GrossCeilingArea','',$,11.3409673134263,$);
#5201=IFCQUANTITYVOLUME('GrossVolume','',$,0.0430349999999986,$);
#5202=IFCQUANTITYVOLUME('NetVolume','',$,0.0430349999999987,$);
#5203=IFCELEMENTQUANTITY('2ZBdviCIWb8_U8Y$R7HzAE',#18,'Qto_SpaceBaseQuantities',$,$,(#5198,#5199,#5200,#5201,#5202));
#5204=IFCRELDEFINESBYPROPERTIES('3vNwZB3RrRuDE1_bnUiH_y',#18,$,$,(#5188),#5203);
#5205=IFCMAPPEDITEM(#3472,#191);
#5206=IFCSHAPEREPRESENTATION(#24,'Body','MappedRepresentation',(#5205));
#5207=IFCPRODUCTDEFINITIONSHAPE($,$,(#5206));
#5208=IFCCARTESIANPOINT((154.35863429951,92.3066583294487,0.));
#5209=IFCDIRECTION((0.999854388065219,0.0170646613422499,0.));
#5210=IFCAXIS2PLACEMENT3D(#5208,#9,#5209);
#5211=IFCLOCALPLACEMENT(#41,#5210);
#5212=IFCSPACE('0ZcnFg2izD2Aqi5s8w_XfQ',#18,'{$this("Description")}',$,'Parkeerplaats',#5211,#5207,$,$,.PARKING.,$);
#5213=IFCPROPERTYSET('270Yh1rkxRGKVbfQ2jGOgo',#18,'Pset_SpaceCommon',$,(#238,#3484));
#5214=IFCPROPERTYSET('0uXQTv$BTdZIzXSXLrLsXm',#18,'Pset_SpaceHeaterTypeCommon',$,(#3484));
#5215=IFCPROPERTYSINGLEVALUE('Bepalingsmethode',$,IFCTEXT('NVO'),$);
#5216=IFCPROPERTYSINGLEVALUE('BuitenruimteSoort',$,IFCTEXT('Subruimte'),$);
#5217=IFCPROPERTYSINGLEVALUE('BuitenruimteType',$,IFCTEXT('Parkeerplaats auto'),$);
#5218=IFCPROPERTYSET('0bbC71CQV35kIvH9DDLOBV',#18,'MiniGIM_ILS','',(#5215,#5216,#5217));
#5219=IFCRELDEFINESBYPROPERTIES('28yMNZlw8PXvPBCQntpiTr',#18,$,$,(#5212),#5213);
#5220=IFCRELDEFINESBYPROPERTIES('3hnnD8z8RsI9GJnUj0oivU',#18,$,$,(#5212),#5214);
#5221=IFCRELDEFINESBYPROPERTIES('3EDOWbPZVkwV2VLuq57sJa',#18,$,$,(#5212),#5218);
#5222=IFCQUANTITYLENGTH('Height','',$,4.53,$);
#5223=IFCQUANTITYAREA('GrossFloorArea','',$,8.60699999999972,$);
#5224=IFCQUANTITYAREA('GrossCeilingArea','',$,11.3409673134263,$);
#5225=IFCQUANTITYVOLUME('GrossVolume','',$,0.0430349999999986,$);
#5226=IFCQUANTITYVOLUME('NetVolume','',$,0.0430349999999987,$);
#5227=IFCELEMENTQUANTITY('0qn4aMJQF$XzhHFOYEv115',#18,'Qto_SpaceBaseQuantities',$,$,(#5222,#5223,#5224,#5225,#5226));
#5228=IFCRELDEFINESBYPROPERTIES('2Mh7wNPTQ7OkQzsOGM8_uj',#18,$,$,(#5212),#5227);
#5229=IFCMAPPEDITEM(#3472,#191);
#5230=IFCSHAPEREPRESENTATION(#24,'Body','MappedRepresentation',(#5229));
#5231=IFCPRODUCTDEFINITIONSHAPE($,$,(#5230));
#5232=IFCCARTESIANPOINT((156.858270269673,92.3493199828043,0.));
#5233=IFCDIRECTION((0.999854388065219,0.0170646613422499,0.));
#5234=IFCAXIS2PLACEMENT3D(#5232,#9,#5233);
#5235=IFCLOCALPLACEMENT(#41,#5234);
#5236=IFCSPACE('0ZcnFg2izD2Aqi5s8w_Xf2',#18,'{$this("Description")}',$,'Parkeerplaats',#5235,#5231,$,$,.PARKING.,$);
#5237=IFCPROPERTYSET('2WjED01VBN9iRMYxTiClui',#18,'Pset_SpaceCommon',$,(#238,#3484));
#5238=IFCPROPERTYSET('2KnxKHmbGDRSl89CtMQpbY',#18,'Pset_SpaceHeaterTypeCommon',$,(#3484));
#5239=IFCPROPERTYSINGLEVALUE('Bepalingsmethode',$,IFCTEXT('NVO'),$);
#5240=IFCPROPERTYSINGLEVALUE('BuitenruimteSoort',$,IFCTEXT('Subruimte'),$);
#5241=IFCPROPERTYSINGLEVALUE('BuitenruimteType',$,IFCTEXT('Parkeerplaats auto'),$);
#5242=IFCPROPERTYSET('2sw5oAiF98PjcnQlyoR3f0',#18,'MiniGIM_ILS','',(#5239,#5240,#5241));
#5243=IFCRELDEFINESBYPROPERTIES('2c3CWpo0zEGZxe3Rw$qWqX',#18,$,$,(#5236),#5237);
#5244=IFCRELDEFINESBYPROPERTIES('25Zk2U$Wi22A$XAjwruKUg',#18,$,$,(#5236),#5238);
#5245=IFCRELDEFINESBYPROPERTIES('3WhU3I$tKv4WjHBgbgvfPO',#18,$,$,(#5236),#5242);
#5246=IFCQUANTITYLENGTH('Height','',$,4.53,$);
#5247=IFCQUANTITYAREA('GrossFloorArea','',$,8.60699999999972,$);
#5248=IFCQUANTITYAREA('GrossCeilingArea','',$,11.3409673134263,$);
#5249=IFCQUANTITYVOLUME('GrossVolume','',$,0.0430349999999986,$);
#5250=IFCQUANTITYVOLUME('NetVolume','',$,0.0430349999999987,$);
#5251=IFCELEMENTQUANTITY('0Nu8fydS$1FPm8GYG4KOog',#18,'Qto_SpaceBaseQuantities',$,$,(#5246,#5247,#5248,#5249,#5250));
#5252=IFCRELDEFINESBYPROPERTIES('2ic_fgY7WRZaCrWIToKe7L',#18,$,$,(#5236),#5251);
#5253=IFCMAPPEDITEM(#3472,#191);
#5254=IFCSHAPEREPRESENTATION(#24,'Body','MappedRepresentation',(#5253));
#5255=IFCPRODUCTDEFINITIONSHAPE($,$,(#5254));
#5256=IFCCARTESIANPOINT((159.357906239836,92.39198163616,0.));
#5257=IFCDIRECTION((0.999854388065219,0.0170646613422499,0.));
#5258=IFCAXIS2PLACEMENT3D(#5256,#9,#5257);
#5259=IFCLOCALPLACEMENT(#41,#5258);
#5260=IFCSPACE('0ZcnFg2izD2Aqi5s8w_XfA',#18,'{$this("Description")}',$,'Parkeerplaats',#5259,#5255,$,$,.PARKING.,$);
#5261=IFCPROPERTYSET('2l_U3c8BZULUbecxBU4q3E',#18,'Pset_SpaceCommon',$,(#238,#3484));
#5262=IFCPROPERTYSET('186fvvFAbLNscXOC1w$2e7',#18,'Pset_SpaceHeaterTypeCommon',$,(#3484));
#5263=IFCPROPERTYSINGLEVALUE('Bepalingsmethode',$,IFCTEXT('NVO'),$);
#5264=IFCPROPERTYSINGLEVALUE('BuitenruimteSoort',$,IFCTEXT('Subruimte'),$);
#5265=IFCPROPERTYSINGLEVALUE('BuitenruimteType',$,IFCTEXT('Parkeerplaats auto'),$);
#5266=IFCPROPERTYSET('14vgOPcgfTKS_9TtMRYcES',#18,'MiniGIM_ILS','',(#5263,#5264,#5265));
#5267=IFCRELDEFINESBYPROPERTIES('3ARQ4l2cFJ3BkswNoxzTtl',#18,$,$,(#5260),#5261);
#5268=IFCRELDEFINESBYPROPERTIES('2eL_pTVny_tVI$KectF2l2',#18,$,$,(#5260),#5262);
#5269=IFCRELDEFINESBYPROPERTIES('1p1Pn5nHH8$DO3_evMqSmd',#18,$,$,(#5260),#5266);
#5270=IFCQUANTITYLENGTH('Height','',$,4.53,$);
#5271=IFCQUANTITYAREA('GrossFloorArea','',$,8.60699999999972,$);
#5272=IFCQUANTITYAREA('GrossCeilingArea','',$,11.3409673134263,$);
#5273=IFCQUANTITYVOLUME('GrossVolume','',$,0.0430349999999986,$);
#5274=IFCQUANTITYVOLUME('NetVolume','',$,0.0430349999999986,$);
#5275=IFCELEMENTQUANTITY('2zgGX9tnbh0u0HweQ96FzY',#18,'Qto_SpaceBaseQuantities',$,$,(#5270,#5271,#5272,#5273,#5274));
#5276=IFCRELDEFINESBYPROPERTIES('21AxHJD$rtAuqpz$A1IZ0O',#18,$,$,(#5260),#5275);
#5277=IFCMAPPEDITEM(#3472,#191);
#5278=IFCSHAPEREPRESENTATION(#24,'Body','MappedRepresentation',(#5277));
#5279=IFCPRODUCTDEFINITIONSHAPE($,$,(#5278));
#5280=IFCCARTESIANPOINT((149.448600802275,86.2267298353512,0.));
#5281=IFCDIRECTION((-0.999854344480766,-0.0170672148559216,0.));
#5282=IFCAXIS2PLACEMENT3D(#5280,#9,#5281);
#5283=IFCLOCALPLACEMENT(#41,#5282);
#5284=IFCSPACE('0ZcnFg2izD2Aqi5s8w_XeM',#18,'{$this("Description")}',$,'Parkeerplaats',#5283,#5279,$,$,.PARKING.,$);
#5285=IFCPROPERTYSET('0GwKuIFX6EDM3a1jYJyHX8',#18,'Pset_SpaceCommon',$,(#238,#3484));
#5286=IFCPROPERTYSET('1S3XS7atcRM3svAiY2mYxr',#18,'Pset_SpaceHeaterTypeCommon',$,(#3484));
#5287=IFCPROPERTYSINGLEVALUE('Bepalingsmethode',$,IFCTEXT('NVO'),$);
#5288=IFCPROPERTYSINGLEVALUE('BuitenruimteSoort',$,IFCTEXT('Subruimte'),$);
#5289=IFCPROPERTYSINGLEVALUE('BuitenruimteType',$,IFCTEXT('Parkeerplaats auto'),$);
#5290=IFCPROPERTYSET('00faE$Ja0F73kCyGyH1V5l',#18,'MiniGIM_ILS','',(#5287,#5288,#5289));
#5291=IFCRELDEFINESBYPROPERTIES('2taPk0gQQUDD076TKt_vZs',#18,$,$,(#5284),#5285);
#5292=IFCRELDEFINESBYPROPERTIES('2ro3WuzaODL28zKr9ZfHAp',#18,$,$,(#5284),#5286);
#5293=IFCRELDEFINESBYPROPERTIES('2VKqS2EZzcki53BokJLTLY',#18,$,$,(#5284),#5290);
#5294=IFCQUANTITYLENGTH('Height','',$,4.53,$);
#5295=IFCQUANTITYAREA('GrossFloorArea','',$,8.60699999999972,$);
#5296=IFCQUANTITYAREA('GrossCeilingArea','',$,11.3409673134263,$);
#5297=IFCQUANTITYVOLUME('GrossVolume','',$,0.0430349999999986,$);
#5298=IFCQUANTITYVOLUME('NetVolume','',$,0.0430349999999987,$);
#5299=IFCELEMENTQUANTITY('34p1oJwYm56TD$RA6FIMgj',#18,'Qto_SpaceBaseQuantities',$,$,(#5294,#5295,#5296,#5297,#5298));
#5300=IFCRELDEFINESBYPROPERTIES('3Ca9cZdgt8gKfaGGi311oN',#18,$,$,(#5284),#5299);
#5301=IFCMAPPEDITEM(#3472,#191);
#5302=IFCSHAPEREPRESENTATION(#24,'Body','MappedRepresentation',(#5301));
#5303=IFCPRODUCTDEFINITIONSHAPE($,$,(#5302));
#5304=IFCCARTESIANPOINT((151.948236663477,86.269397872491,0.));
#5305=IFCDIRECTION((-0.999854344480766,-0.0170672148559216,0.));
#5306=IFCAXIS2PLACEMENT3D(#5304,#9,#5305);
#5307=IFCLOCALPLACEMENT(#41,#5306);
#5308=IFCSPACE('0ZcnFg2izD2Aqi5s8w_XeS',#18,'{$this("Description")}',$,'Parkeerplaats',#5307,#5303,$,$,.PARKING.,$);
#5309=IFCPROPERTYSET('1f2fbAKmB0gkn6tvGke$su',#18,'Pset_SpaceCommon',$,(#238,#3484));
#5310=IFCPROPERTYSET('1cvtx1DOzYop3$sZEVBQKW',#18,'Pset_SpaceHeaterTypeCommon',$,(#3484));
#5311=IFCPROPERTYSINGLEVALUE('Bepalingsmethode',$,IFCTEXT('NVO'),$);
#5312=IFCPROPERTYSINGLEVALUE('BuitenruimteSoort',$,IFCTEXT('Subruimte'),$);
#5313=IFCPROPERTYSINGLEVALUE('BuitenruimteType',$,IFCTEXT('Parkeerplaats auto'),$);
#5314=IFCPROPERTYSET('1fI88As2H7sJ7O7hNtLpK4',#18,'MiniGIM_ILS','',(#5311,#5312,#5313));
#5315=IFCRELDEFINESBYPROPERTIES('1CMuK3kAaW5m_$z8XXPzJs',#18,$,$,(#5308),#5309);
#5316=IFCRELDEFINESBYPROPERTIES('2yRS3dZ9aZIHmwEyM1gNjE',#18,$,$,(#5308),#5310);
#5317=IFCRELDEFINESBYPROPERTIES('30_q3FzMMIUt4Ev6KY9O0Q',#18,$,$,(#5308),#5314);
#5318=IFCQUANTITYLENGTH('Height','',$,4.53,$);
#5319=IFCQUANTITYAREA('GrossFloorArea','',$,8.60699999999972,$);
#5320=IFCQUANTITYAREA('GrossCeilingArea','',$,11.3409673134263,$);
#5321=IFCQUANTITYVOLUME('GrossVolume','',$,0.0430349999999986,$);
#5322=IFCQUANTITYVOLUME('NetVolume','',$,0.0430349999999987,$);
#5323=IFCELEMENTQUANTITY('3HdGko0MkSVsQA9c5JYVWC',#18,'Qto_SpaceBaseQuantities',$,$,(#5318,#5319,#5320,#5321,#5322));
#5324=IFCRELDEFINESBYPROPERTIES('2Cs38PkLVF5A3o5Y7Z9EDQ',#18,$,$,(#5308),#5323);
#5325=IFCMAPPEDITEM(#3472,#191);
#5326=IFCSHAPEREPRESENTATION(#24,'Body','MappedRepresentation',(#5325));
#5327=IFCPRODUCTDEFINITIONSHAPE($,$,(#5326));
#5328=IFCCARTESIANPOINT((154.447872524679,86.3120659096308,0.));
#5329=IFCDIRECTION((-0.999854344480766,-0.0170672148559216,0.));
#5330=IFCAXIS2PLACEMENT3D(#5328,#9,#5329);
#5331=IFCLOCALPLACEMENT(#41,#5330);
#5332=IFCSPACE('0ZcnFg2izD2Aqi5s8w_Xe2',#18,'{$this("Description")}',$,'Parkeerplaats',#5331,#5327,$,$,.PARKING.,$);
#5333=IFCPROPERTYSET('3neWQVdl01rB$NdVQB1Z_o',#18,'Pset_SpaceCommon',$,(#238,#3484));
#5334=IFCPROPERTYSET('1cswR7OBUb3cbDs9PmAqNW',#18,'Pset_SpaceHeaterTypeCommon',$,(#3484));
#5335=IFCPROPERTYSINGLEVALUE('Bepalingsmethode',$,IFCTEXT('NVO'),$);
#5336=IFCPROPERTYSINGLEVALUE('BuitenruimteSoort',$,IFCTEXT('Subruimte'),$);
#5337=IFCPROPERTYSINGLEVALUE('BuitenruimteType',$,IFCTEXT('Parkeerplaats auto'),$);
#5338=IFCPROPERTYSET('0vfdwnJETkudeCArf0vBQy',#18,'MiniGIM_ILS','',(#5335,#5336,#5337));
#5339=IFCRELDEFINESBYPROPERTIES('1KQLebF0niFByMsxYruCVr',#18,$,$,(#5332),#5333);
#5340=IFCRELDEFINESBYPROPERTIES('3MpxzgyRWzdS_Ohcnb6rJt',#18,$,$,(#5332),#5334);
#5341=IFCRELDEFINESBYPROPERTIES('1xoSWIF3hEHK5WWAvW38Fb',#18,$,$,(#5332),#5338);
#5342=IFCQUANTITYLENGTH('Height','',$,4.53,$);
#5343=IFCQUANTITYAREA('GrossFloorArea','',$,8.60699999999972,$);
#5344=IFCQUANTITYAREA('GrossCeilingArea','',$,11.3409673134263,$);
#5345=IFCQUANTITYVOLUME('GrossVolume','',$,0.0430349999999986,$);
#5346=IFCQUANTITYVOLUME('NetVolume','',$,0.0430349999999987,$);
#5347=IFCELEMENTQUANTITY('0P7NYIJKkUy77O8fk1hFUu',#18,'Qto_SpaceBaseQuantities',$,$,(#5342,#5343,#5344,#5345,#5346));
#5348=IFCRELDEFINESBYPROPERTIES('2fpNT6zTrrHwTuyv45R48e',#18,$,$,(#5332),#5347);
#5349=IFCMAPPEDITEM(#3472,#191);
#5350=IFCSHAPEREPRESENTATION(#24,'Body','MappedRepresentation',(#5349));
#5351=IFCPRODUCTDEFINITIONSHAPE($,$,(#5350));
#5352=IFCCARTESIANPOINT((156.947508385881,86.3547339467706,0.));
#5353=IFCDIRECTION((-0.999854344480766,-0.0170672148559216,0.));
#5354=IFCAXIS2PLACEMENT3D(#5352,#9,#5353);
#5355=IFCLOCALPLACEMENT(#41,#5354);
#5356=IFCSPACE('0ZcnFg2izD2Aqi5s8w_Xe8',#18,'{$this("Description")}',$,'Parkeerplaats',#5355,#5351,$,$,.PARKING.,$);
#5357=IFCPROPERTYSET('0iYX7RC2duoCya$XXQ4Gad',#18,'Pset_SpaceCommon',$,(#238,#3484));
#5358=IFCPROPERTYSET('2vIiG0oMjGZHFCJfhHcLbl',#18,'Pset_SpaceHeaterTypeCommon',$,(#3484));
#5359=IFCPROPERTYSINGLEVALUE('Bepalingsmethode',$,IFCTEXT('NVO'),$);
#5360=IFCPROPERTYSINGLEVALUE('BuitenruimteSoort',$,IFCTEXT('Subruimte'),$);
#5361=IFCPROPERTYSINGLEVALUE('BuitenruimteType',$,IFCTEXT('Parkeerplaats auto'),$);
#5362=IFCPROPERTYSET('3joDItMK3xU5AnhR36wxDB',#18,'MiniGIM_ILS','',(#5359,#5360,#5361));
#5363=IFCRELDEFINESBYPROPERTIES('04_D_7OvqC$WJSmCzO6WUL',#18,$,$,(#5356),#5357);
#5364=IFCRELDEFINESBYPROPERTIES('3wUPECXE2dVqFcJ0eVcfuf',#18,$,$,(#5356),#5358);
#5365=IFCRELDEFINESBYPROPERTIES('0bnW$_p7RcK1LOczAksy6o',#18,$,$,(#5356),#5362);
#5366=IFCQUANTITYLENGTH('Height','',$,4.53,$);
#5367=IFCQUANTITYAREA('GrossFloorArea','',$,8.60699999999972,$);
#5368=IFCQUANTITYAREA('GrossCeilingArea','',$,11.3409673134263,$);
#5369=IFCQUANTITYVOLUME('GrossVolume','',$,0.0430349999999986,$);
#5370=IFCQUANTITYVOLUME('NetVolume','',$,0.0430349999999986,$);
#5371=IFCELEMENTQUANTITY('3YFu96iMsCtJlX23uKCYki',#18,'Qto_SpaceBaseQuantities',$,$,(#5366,#5367,#5368,#5369,#5370));
#5372=IFCRELDEFINESBYPROPERTIES('3pTmBcEX48MKjVvInedBOZ',#18,$,$,(#5356),#5371);
#5373=IFCMAPPEDITEM(#3472,#191);
#5374=IFCSHAPEREPRESENTATION(#24,'Body','MappedRepresentation',(#5373));
#5375=IFCPRODUCTDEFINITIONSHAPE($,$,(#5374));
#5376=IFCCARTESIANPOINT((159.447144247083,86.3974019839104,0.));
#5377=IFCDIRECTION((-0.999854344480766,-0.0170672148559216,0.));
#5378=IFCAXIS2PLACEMENT3D(#5376,#9,#5377);
#5379=IFCLOCALPLACEMENT(#41,#5378);
#5380=IFCSPACE('0ZcnFg2izD2Aqi5s8w_Xhy',#18,'{$this("Description")}',$,'Parkeerplaats',#5379,#5375,$,$,.PARKING.,$);
#5381=IFCPROPERTYSET('0ONxdIKSZDRjGYVvY4b7Ku',#18,'Pset_SpaceCommon',$,(#238,#3484));
#5382=IFCPROPERTYSET('0iMQjPdMQzKhpk7pasFaEh',#18,'Pset_SpaceHeaterTypeCommon',$,(#3484));
#5383=IFCPROPERTYSINGLEVALUE('Bepalingsmethode',$,IFCTEXT('NVO'),$);
#5384=IFCPROPERTYSINGLEVALUE('BuitenruimteSoort',$,IFCTEXT('Subruimte'),$);
#5385=IFCPROPERTYSINGLEVALUE('BuitenruimteType',$,IFCTEXT('Parkeerplaats auto'),$);
#5386=IFCPROPERTYSET('1eLFlw2dYUYryU2nxwZEWQ',#18,'MiniGIM_ILS','',(#5383,#5384,#5385));
#5387=IFCRELDEFINESBYPROPERTIES('0R8KbwhWAoZW3neaBhcZqQ',#18,$,$,(#5380),#5381);
#5388=IFCRELDEFINESBYPROPERTIES('1gHMR3Lbp42yJ3Fvd$1bwS',#18,$,$,(#5380),#5382);
#5389=IFCRELDEFINESBYPROPERTIES('2FsQjDlAQjTVy8N2kULTVv',#18,$,$,(#5380),#5386);
#5390=IFCQUANTITYLENGTH('Height','',$,4.53,$);
#5391=IFCQUANTITYAREA('GrossFloorArea','',$,8.60699999999972,$);
#5392=IFCQUANTITYAREA('GrossCeilingArea','',$,11.3409673134263,$);
#5393=IFCQUANTITYVOLUME('GrossVolume','',$,0.0430349999999986,$);
#5394=IFCQUANTITYVOLUME('NetVolume','',$,0.0430349999999986,$);
#5395=IFCELEMENTQUANTITY('1Lo81e4wYICBetSiRMEObd',#18,'Qto_SpaceBaseQuantities',$,$,(#5390,#5391,#5392,#5393,#5394));
#5396=IFCRELDEFINESBYPROPERTIES('25XAGPQbm7PTbPVIiW6VW2',#18,$,$,(#5380),#5395);
#5397=IFCMAPPEDITEM(#3472,#191);
#5398=IFCSHAPEREPRESENTATION(#24,'Body','MappedRepresentation',(#5397));
#5399=IFCPRODUCTDEFINITIONSHAPE($,$,(#5398));
#5400=IFCCARTESIANPOINT((52.7217184971559,143.600368391179,0.));
#5401=IFCDIRECTION((-0.999854344480766,-0.0170672148559216,0.));
#5402=IFCAXIS2PLACEMENT3D(#5400,#9,#5401);
#5403=IFCLOCALPLACEMENT(#41,#5402);
#5404=IFCSPACE('0ZcnFg2izD2Aqi5s8w_Xhg',#18,'{$this("Description")}',$,'Parkeerplaats',#5403,#5399,$,$,.PARKING.,$);
#5405=IFCPROPERTYSET('3itUNXyojFDoXvBr$h$s5A',#18,'Pset_SpaceCommon',$,(#238,#3484));
#5406=IFCPROPERTYSET('3xZmFuaz49Wcj6V5QV$Yty',#18,'Pset_SpaceHeaterTypeCommon',$,(#3484));
#5407=IFCPROPERTYSINGLEVALUE('Bepalingsmethode',$,IFCTEXT('NVO'),$);
#5408=IFCPROPERTYSINGLEVALUE('BuitenruimteSoort',$,IFCTEXT('Subruimte'),$);
#5409=IFCPROPERTYSINGLEVALUE('BuitenruimteType',$,IFCTEXT('Parkeerplaats auto'),$);
#5410=IFCPROPERTYSET('0GQ1VnYwTZWvawpl4uiaS8',#18,'MiniGIM_ILS','',(#5407,#5408,#5409));
#5411=IFCRELDEFINESBYPROPERTIES('2e0KNwP3CdXDT8c6_$y84J',#18,$,$,(#5404),#5405);
#5412=IFCRELDEFINESBYPROPERTIES('18vsLzHPQt_5MePWj1PSpo',#18,$,$,(#5404),#5406);
#5413=IFCRELDEFINESBYPROPERTIES('2lYB5sLvHyVqhIkY7XiBSH',#18,$,$,(#5404),#5410);
#5414=IFCQUANTITYLENGTH('Height','',$,4.53,$);
#5415=IFCQUANTITYAREA('GrossFloorArea','',$,8.60699999999972,$);
#5416=IFCQUANTITYAREA('GrossCeilingArea','',$,11.3409673134263,$);
#5417=IFCQUANTITYVOLUME('GrossVolume','',$,0.0430349999999986,$);
#5418=IFCQUANTITYVOLUME('NetVolume','',$,0.0430349999999987,$);
#5419=IFCELEMENTQUANTITY('03i7JuUvb$T6YFRbgDrkhZ',#18,'Qto_SpaceBaseQuantities',$,$,(#5414,#5415,#5416,#5417,#5418));
#5420=IFCRELDEFINESBYPROPERTIES('0TtsSnPcgCpKcH5aUEmEka',#18,$,$,(#5404),#5419);
#5421=IFCMAPPEDITEM(#3472,#191);
#5422=IFCSHAPEREPRESENTATION(#24,'Body','MappedRepresentation',(#5421));
#5423=IFCPRODUCTDEFINITIONSHAPE($,$,(#5422));
#5424=IFCCARTESIANPOINT((55.2213543583578,143.643036428319,0.));
#5425=IFCDIRECTION((-0.999854344480766,-0.0170672148559216,0.));
#5426=IFCAXIS2PLACEMENT3D(#5424,#9,#5425);
#5427=IFCLOCALPLACEMENT(#41,#5426);
#5428=IFCSPACE('0ZcnFg2izD2Aqi5s8w_Xh4',#18,'{$this("Description")}',$,'Parkeerplaats',#5427,#5423,$,$,.PARKING.,$);
#5429=IFCPROPERTYSET('1tA8lrQ2mmxpTjaooLT4MM',#18,'Pset_SpaceCommon',$,(#238,#3484));
#5430=IFCPROPERTYSET('1mrrCl0buf4QxCA0X_eW6l',#18,'Pset_SpaceHeaterTypeCommon',$,(#3484));
#5431=IFCPROPERTYSINGLEVALUE('Bepalingsmethode',$,IFCTEXT('NVO'),$);
#5432=IFCPROPERTYSINGLEVALUE('BuitenruimteSoort',$,IFCTEXT('Subruimte'),$);
#5433=IFCPROPERTYSINGLEVALUE('BuitenruimteType',$,IFCTEXT('Parkeerplaats auto'),$);
#5434=IFCPROPERTYSET('2FAF3_1zvWg8b$E2mZqTDW',#18,'MiniGIM_ILS','',(#5431,#5432,#5433));
#5435=IFCRELDEFINESBYPROPERTIES('0HvibCho7E_U0r4GtC75ja',#18,$,$,(#5428),#5429);
#5436=IFCRELDEFINESBYPROPERTIES('28uEdwkDKpsGkBeZTbh4f2',#18,$,$,(#5428),#5430);
#5437=IFCRELDEFINESBYPROPERTIES('2u6wNkqyd6J7lEdmCLRG$2',#18,$,$,(#5428),#5434);
#5438=IFCQUANTITYLENGTH('Height','',$,4.53,$);
#5439=IFCQUANTITYAREA('GrossFloorArea','',$,8.60699999999972,$);
#5440=IFCQUANTITYAREA('GrossCeilingArea','',$,11.3409673134263,$);
#5441=IFCQUANTITYVOLUME('GrossVolume','',$,0.0430349999999986,$);
#5442=IFCQUANTITYVOLUME('NetVolume','',$,0.0430349999999987,$);
#5443=IFCELEMENTQUANTITY('11399n5wlxUFoJZzdpeKLW',#18,'Qto_SpaceBaseQuantities',$,$,(#5438,#5439,#5440,#5441,#5442));
#5444=IFCRELDEFINESBYPROPERTIES('3YJNGBGVI7BDQrmgJNgJyc',#18,$,$,(#5428),#5443);
#5445=IFCMAPPEDITEM(#3472,#191);
#5446=IFCSHAPEREPRESENTATION(#24,'Body','MappedRepresentation',(#5445));
#5447=IFCPRODUCTDEFINITIONSHAPE($,$,(#5446));
#5448=IFCCARTESIANPOINT((57.7209902195598,143.685704465459,0.));
#5449=IFCDIRECTION((-0.999854344480766,-0.0170672148559216,0.));
#5450=IFCAXIS2PLACEMENT3D(#5448,#9,#5449);
#5451=IFCLOCALPLACEMENT(#41,#5450);
#5452=IFCSPACE('0ZcnFg2izD2Aqi5s8w_XhA',#18,'{$this("Description")}',$,'Parkeerplaats',#5451,#5447,$,$,.PARKING.,$);
#5453=IFCPROPERTYSET('1HOL0brohmLWNdbfmBUykQ',#18,'Pset_SpaceCommon',$,(#238,#3484));
#5454=IFCPROPERTYSET('2unu5MsIsuRtfOjYrBgbBP',#18,'Pset_SpaceHeaterTypeCommon',$,(#3484));
#5455=IFCPROPERTYSINGLEVALUE('Bepalingsmethode',$,IFCTEXT('NVO'),$);
#5456=IFCPROPERTYSINGLEVALUE('BuitenruimteSoort',$,IFCTEXT('Subruimte'),$);
#5457=IFCPROPERTYSINGLEVALUE('BuitenruimteType',$,IFCTEXT('Parkeerplaats auto'),$);
#5458=IFCPROPERTYSET('37IDEPyLYl4l6TOggnXuXl',#18,'MiniGIM_ILS','',(#5455,#5456,#5457));
#5459=IFCRELDEFINESBYPROPERTIES('2DwMtatMLC1Tw1inLt56MM',#18,$,$,(#5452),#5453);
#5460=IFCRELDEFINESBYPROPERTIES('2IjpCZ_nxhLJKRDQbpC2ub',#18,$,$,(#5452),#5454);
#5461=IFCRELDEFINESBYPROPERTIES('3zprFcOPsqhvZbKw5qE8hb',#18,$,$,(#5452),#5458);
#5462=IFCQUANTITYLENGTH('Height','',$,4.53,$);
#5463=IFCQUANTITYAREA('GrossFloorArea','',$,8.60699999999972,$);
#5464=IFCQUANTITYAREA('GrossCeilingArea','',$,11.3409673134263,$);
#5465=IFCQUANTITYVOLUME('GrossVolume','',$,0.0430349999999986,$);
#5466=IFCQUANTITYVOLUME('NetVolume','',$,0.0430349999999987,$);
#5467=IFCELEMENTQUANTITY('200fz7REj9a_KA3TCBLvdO',#18,'Qto_SpaceBaseQuantities',$,$,(#5462,#5463,#5464,#5465,#5466));
#5468=IFCRELDEFINESBYPROPERTIES('3cEX$C2klfU6nPhACgG8fo',#18,$,$,(#5452),#5467);
#5469=IFCMAPPEDITEM(#3472,#191);
#5470=IFCSHAPEREPRESENTATION(#24,'Body','MappedRepresentation',(#5469));
#5471=IFCPRODUCTDEFINITIONSHAPE($,$,(#5470));
#5472=IFCCARTESIANPOINT((60.2206260807617,143.728372502598,0.));
#5473=IFCDIRECTION((-0.999854344480766,-0.0170672148559216,0.));
#5474=IFCAXIS2PLACEMENT3D(#5472,#9,#5473);
#5475=IFCLOCALPLACEMENT(#41,#5474);
#5476=IFCSPACE('0ZcnFg2izD2Aqi5s8w_Xgo',#18,'{$this("Description")}',$,'Parkeerplaats',#5475,#5471,$,$,.PARKING.,$);
#5477=IFCPROPERTYSET('3f5ZiPVnvD7lkzkwGg83ba',#18,'Pset_SpaceCommon',$,(#238,#3484));
#5478=IFCPROPERTYSET('1c$fVzp9uVux51p16JdNtF',#18,'Pset_SpaceHeaterTypeCommon',$,(#3484));
#5479=IFCPROPERTYSINGLEVALUE('Bepalingsmethode',$,IFCTEXT('NVO'),$);
#5480=IFCPROPERTYSINGLEVALUE('BuitenruimteSoort',$,IFCTEXT('Subruimte'),$);
#5481=IFCPROPERTYSINGLEVALUE('BuitenruimteType',$,IFCTEXT('Parkeerplaats auto'),$);
#5482=IFCPROPERTYSET('0CXFe9WooBtf7WNgDpIwHl',#18,'MiniGIM_ILS','',(#5479,#5480,#5481));
#5483=IFCRELDEFINESBYPROPERTIES('2IrGIxFBPPd4fKFoNHMyCx',#18,$,$,(#5476),#5477);
#5484=IFCRELDEFINESBYPROPERTIES('0faYIm7nvPFvs7IylraCnG',#18,$,$,(#5476),#5478);
#5485=IFCRELDEFINESBYPROPERTIES('3ybW4lRYpUz5pN0ooLwntf',#18,$,$,(#5476),#5482);
#5486=IFCQUANTITYLENGTH('Height','',$,4.53,$);
#5487=IFCQUANTITYAREA('GrossFloorArea','',$,8.60699999999972,$);
#5488=IFCQUANTITYAREA('GrossCeilingArea','',$,11.3409673134263,$);
#5489=IFCQUANTITYVOLUME('GrossVolume','',$,0.0430349999999986,$);
#5490=IFCQUANTITYVOLUME('NetVolume','',$,0.0430349999999987,$);
#5491=IFCELEMENTQUANTITY('1i7OWwg0oDFcYDak3wOkbZ',#18,'Qto_SpaceBaseQuantities',$,$,(#5486,#5487,#5488,#5489,#5490));
#5492=IFCRELDEFINESBYPROPERTIES('11PdB7U0SCoF2oKYbZ5$rj',#18,$,$,(#5476),#5491);
#5493=IFCMAPPEDITEM(#3472,#191);
#5494=IFCSHAPEREPRESENTATION(#24,'Body','MappedRepresentation',(#5493));
#5495=IFCPRODUCTDEFINITIONSHAPE($,$,(#5494));
#5496=IFCCARTESIANPOINT((64.2067449487844,143.797247166848,0.));
#5497=IFCDIRECTION((-0.999854344480766,-0.0170672148559216,0.));
#5498=IFCAXIS2PLACEMENT3D(#5496,#9,#5497);
#5499=IFCLOCALPLACEMENT(#41,#5498);
#5500=IFCSPACE('0ZcnFg2izD2Aqi5s8w_Xgu',#18,'{$this("Description")}',$,'Parkeerplaats',#5499,#5495,$,$,.PARKING.,$);
#5501=IFCPROPERTYSET('1WLAwYvR5mkn4Bt_UkBsgl',#18,'Pset_SpaceCommon',$,(#238,#3484));
#5502=IFCPROPERTYSET('32jCP9IGCrCKSQ$PrsBIAa',#18,'Pset_SpaceHeaterTypeCommon',$,(#3484));
#5503=IFCPROPERTYSINGLEVALUE('Bepalingsmethode',$,IFCTEXT('NVO'),$);
#5504=IFCPROPERTYSINGLEVALUE('BuitenruimteSoort',$,IFCTEXT('Subruimte'),$);
#5505=IFCPROPERTYSINGLEVALUE('BuitenruimteType',$,IFCTEXT('Parkeerplaats auto'),$);
#5506=IFCPROPERTYSET('2qtPWEusgP9e2scjaeNhH2',#18,'MiniGIM_ILS','',(#5503,#5504,#5505));
#5507=IFCRELDEFINESBYPROPERTIES('1WsOGEx5Ihdfp_ZqIWD8OU',#18,$,$,(#5500),#5501);
#5508=IFCRELDEFINESBYPROPERTIES('2bqFUr1RXfLui$$hd1Zmnh',#18,$,$,(#5500),#5502);
#5509=IFCRELDEFINESBYPROPERTIES('0a_zQdKSeYeuD_Tf_V$vrT',#18,$,$,(#5500),#5506);
#5510=IFCQUANTITYLENGTH('Height','',$,4.53,$);
#5511=IFCQUANTITYAREA('GrossFloorArea','',$,8.60699999999972,$);
#5512=IFCQUANTITYAREA('GrossCeilingArea','',$,11.3409673134263,$);
#5513=IFCQUANTITYVOLUME('GrossVolume','',$,0.0430349999999986,$);
#5514=IFCQUANTITYVOLUME('NetVolume','',$,0.0430349999999987,$);
#5515=IFCELEMENTQUANTITY('3DQcXm8a4a$1FAgM20vea3',#18,'Qto_SpaceBaseQuantities',$,$,(#5510,#5511,#5512,#5513,#5514));
#5516=IFCRELDEFINESBYPROPERTIES('2x2F$7mCKCAmxyQHuyvF47',#18,$,$,(#5500),#5515);
#5517=IFCMAPPEDITEM(#3472,#191);
#5518=IFCSHAPEREPRESENTATION(#24,'Body','MappedRepresentation',(#5517));
#5519=IFCPRODUCTDEFINITIONSHAPE($,$,(#5518));
#5520=IFCCARTESIANPOINT((66.7063808099863,143.839915203988,0.));
#5521=IFCDIRECTION((-0.999854344480766,-0.0170672148559216,0.));
#5522=IFCAXIS2PLACEMENT3D(#5520,#9,#5521);
#5523=IFCLOCALPLACEMENT(#41,#5522);
#5524=IFCSPACE('0ZcnFg2izD2Aqi5s8w_Xgk',#18,'{$this("Description")}',$,'Parkeerplaats',#5523,#5519,$,$,.PARKING.,$);
#5525=IFCPROPERTYSET('0bVRxI4iWLaZqoj9iJFPWU',#18,'Pset_SpaceCommon',$,(#238,#3484));
#5526=IFCPROPERTYSET('3r$xsQxRgqwmREFKdNlx26',#18,'Pset_SpaceHeaterTypeCommon',$,(#3484));
#5527=IFCPROPERTYSINGLEVALUE('Bepalingsmethode',$,IFCTEXT('NVO'),$);
#5528=IFCPROPERTYSINGLEVALUE('BuitenruimteSoort',$,IFCTEXT('Subruimte'),$);
#5529=IFCPROPERTYSINGLEVALUE('BuitenruimteType',$,IFCTEXT('Parkeerplaats auto'),$);
#5530=IFCPROPERTYSET('3TzqxiV_PgoTNO_70p$dL$',#18,'MiniGIM_ILS','',(#5527,#5528,#5529));
#5531=IFCRELDEFINESBYPROPERTIES('3SiTC836K55_967Gw3Z7Zu',#18,$,$,(#5524),#5525);
#5532=IFCRELDEFINESBYPROPERTIES('2sRXZX1F_XR7hKe$07rcRc',#18,$,$,(#5524),#5526);
#5533=IFCRELDEFINESBYPROPERTIES('0efTrConBA3sZ0PJTvWQBi',#18,$,$,(#5524),#5530);
#5534=IFCQUANTITYLENGTH('Height','',$,4.53,$);
#5535=IFCQUANTITYAREA('GrossFloorArea','',$,8.60699999999972,$);
#5536=IFCQUANTITYAREA('GrossCeilingArea','',$,11.3409673134263,$);
#5537=IFCQUANTITYVOLUME('GrossVolume','',$,0.0430349999999986,$);
#5538=IFCQUANTITYVOLUME('NetVolume','',$,0.0430349999999987,$);
#5539=IFCELEMENTQUANTITY('0V$Qntf8I_3WtTnCXA_CjA',#18,'Qto_SpaceBaseQuantities',$,$,(#5534,#5535,#5536,#5537,#5538));
#5540=IFCRELDEFINESBYPROPERTIES('37bPCa$v35oo7FAeCCqdkC',#18,$,$,(#5524),#5539);
#5541=IFCMAPPEDITEM(#3472,#191);
#5542=IFCSHAPEREPRESENTATION(#24,'Body','MappedRepresentation',(#5541));
#5543=IFCPRODUCTDEFINITIONSHAPE($,$,(#5542));
#5544=IFCCARTESIANPOINT((69.2060166711882,143.882583241128,0.));
#5545=IFCDIRECTION((-0.999854344480766,-0.0170672148559216,0.));
#5546=IFCAXIS2PLACEMENT3D(#5544,#9,#5545);
#5547=IFCLOCALPLACEMENT(#41,#5546);
#5548=IFCSPACE('0ZcnFg2izD2Aqi5s8w_XgK',#18,'{$this("Description")}',$,'Parkeerplaats',#5547,#5543,$,$,.PARKING.,$);
#5549=IFCPROPERTYSET('2gu8PxiXJ6FInSAeQ6iv2t',#18,'Pset_SpaceCommon',$,(#238,#3484));
#5550=IFCPROPERTYSET('1yDBBmbcbx8Yltrr_SxjUu',#18,'Pset_SpaceHeaterTypeCommon',$,(#3484));
#5551=IFCPROPERTYSINGLEVALUE('Bepalingsmethode',$,IFCTEXT('NVO'),$);
#5552=IFCPROPERTYSINGLEVALUE('BuitenruimteSoort',$,IFCTEXT('Subruimte'),$);
#5553=IFCPROPERTYSINGLEVALUE('BuitenruimteType',$,IFCTEXT('Parkeerplaats auto'),$);
#5554=IFCPROPERTYSET('2_D4jOWbDVmVICxZ5IKcBg',#18,'MiniGIM_ILS','',(#5551,#5552,#5553));
#5555=IFCRELDEFINESBYPROPERTIES('0DpuVUJzQLZYhhVxj2WFVq',#18,$,$,(#5548),#5549);
#5556=IFCRELDEFINESBYPROPERTIES('0wZpV5y7BW7S_Rf4MLnj3m',#18,$,$,(#5548),#5550);
#5557=IFCRELDEFINESBYPROPERTIES('2J8Tj8m9VMCsvT$BXrBKi5',#18,$,$,(#5548),#5554);
#5558=IFCQUANTITYLENGTH('Height','',$,4.53,$);
#5559=IFCQUANTITYAREA('GrossFloorArea','',$,8.60699999999972,$);
#5560=IFCQUANTITYAREA('GrossCeilingArea','',$,11.3409673134263,$);
#5561=IFCQUANTITYVOLUME('GrossVolume','',$,0.0430349999999986,$);
#5562=IFCQUANTITYVOLUME('NetVolume','',$,0.0430349999999987,$);
#5563=IFCELEMENTQUANTITY('3UTXNqAVUt5Q0yTYkA5ARX',#18,'Qto_SpaceBaseQuantities',$,$,(#5558,#5559,#5560,#5561,#5562));
#5564=IFCRELDEFINESBYPROPERTIES('1rRQvc7PI6RWdz_IVMByFw',#18,$,$,(#5548),#5563);
#5565=IFCMAPPEDITEM(#3472,#191);
#5566=IFCSHAPEREPRESENTATION(#24,'Body','MappedRepresentation',(#5565));
#5567=IFCPRODUCTDEFINITIONSHAPE($,$,(#5566));
#5568=IFCCARTESIANPOINT((71.7056525323901,143.925251278268,0.));
#5569=IFCDIRECTION((-0.999854344480766,-0.0170672148559216,0.));
#5570=IFCAXIS2PLACEMENT3D(#5568,#9,#5569);
#5571=IFCLOCALPLACEMENT(#41,#5570);
#5572=IFCSPACE('0ZcnFg2izD2Aqi5s8w_XgQ',#18,'{$this("Description")}',$,'Parkeerplaats',#5571,#5567,$,$,.PARKING.,$);
#5573=IFCPROPERTYSET('3NqxMPdYanRoPz1tX_MMXg',#18,'Pset_SpaceCommon',$,(#238,#3484));
#5574=IFCPROPERTYSET('03hwk7sbK4TR5AqbvMXs4e',#18,'Pset_SpaceHeaterTypeCommon',$,(#3484));
#5575=IFCPROPERTYSINGLEVALUE('Bepalingsmethode',$,IFCTEXT('NVO'),$);
#5576=IFCPROPERTYSINGLEVALUE('BuitenruimteSoort',$,IFCTEXT('Subruimte'),$);
#5577=IFCPROPERTYSINGLEVALUE('BuitenruimteType',$,IFCTEXT('Parkeerplaats auto'),$);
#5578=IFCPROPERTYSET('3BzZRRD1NjHvwNkkUdb3A7',#18,'MiniGIM_ILS','',(#5575,#5576,#5577));
#5579=IFCRELDEFINESBYPROPERTIES('1NWnbTKEbmmZtW9PwEgEg5',#18,$,$,(#5572),#5573);
#5580=IFCRELDEFINESBYPROPERTIES('2OTI9C$DymEus7Gid433tH',#18,$,$,(#5572),#5574);
#5581=IFCRELDEFINESBYPROPERTIES('3sTYzcPwMLQp5x1KMo0H5k',#18,$,$,(#5572),#5578);
#5582=IFCQUANTITYLENGTH('Height','',$,4.53,$);
#5583=IFCQUANTITYAREA('GrossFloorArea','',$,8.60699999999972,$);
#5584=IFCQUANTITYAREA('GrossCeilingArea','',$,11.3409673134263,$);
#5585=IFCQUANTITYVOLUME('GrossVolume','',$,0.0430349999999986,$);
#5586=IFCQUANTITYVOLUME('NetVolume','',$,0.0430349999999987,$);
#5587=IFCELEMENTQUANTITY('0ejoKinDjOpbt$pa6tEJ5q',#18,'Qto_SpaceBaseQuantities',$,$,(#5582,#5583,#5584,#5585,#5586));
#5588=IFCRELDEFINESBYPROPERTIES('2qQiFtnKzSUrLNd7RHag5c',#18,$,$,(#5572),#5587);
#5589=IFCMAPPEDITEM(#3472,#191);
#5590=IFCSHAPEREPRESENTATION(#24,'Body','MappedRepresentation',(#5589));
#5591=IFCPRODUCTDEFINITIONSHAPE($,$,(#5590));
#5592=IFCCARTESIANPOINT((71.6032492432546,149.924377345152,0.));
#5593=IFCDIRECTION((0.999854344480766,0.0170672148559183,0.));
#5594=IFCAXIS2PLACEMENT3D(#5592,#9,#5593);
#5595=IFCLOCALPLACEMENT(#41,#5594);
#5596=IFCSPACE('0ZcnFg2izD2Aqi5s8w_XgA',#18,'{$this("Description")}',$,'Parkeerplaats',#5595,#5591,$,$,.PARKING.,$);
#5597=IFCPROPERTYSET('1ltcLkzDt9lEvlYMVRa_Jq',#18,'Pset_SpaceCommon',$,(#238,#3484));
#5598=IFCPROPERTYSET('018KSqoHE9WHDXezqONcOn',#18,'Pset_SpaceHeaterTypeCommon',$,(#3484));
#5599=IFCPROPERTYSINGLEVALUE('Bepalingsmethode',$,IFCTEXT('NVO'),$);
#5600=IFCPROPERTYSINGLEVALUE('BuitenruimteSoort',$,IFCTEXT('Subruimte'),$);
#5601=IFCPROPERTYSINGLEVALUE('BuitenruimteType',$,IFCTEXT('Parkeerplaats auto'),$);
#5602=IFCPROPERTYSET('3H1jHmjA8dZOXrYldsqKbV',#18,'MiniGIM_ILS','',(#5599,#5600,#5601));
#5603=IFCRELDEFINESBYPROPERTIES('2_Ds6OWVyIbFGacB0k8PHj',#18,$,$,(#5596),#5597);
#5604=IFCRELDEFINESBYPROPERTIES('3revGLy2Yy3dyRIuWF9kyr',#18,$,$,(#5596),#5598);
#5605=IFCRELDEFINESBYPROPERTIES('3JcO2qehRIgDwjM$iAigCu',#18,$,$,(#5596),#5602);
#5606=IFCQUANTITYLENGTH('Height','',$,4.53,$);
#5607=IFCQUANTITYAREA('GrossFloorArea','',$,8.60699999999972,$);
#5608=IFCQUANTITYAREA('GrossCeilingArea','',$,11.3409673134263,$);
#5609=IFCQUANTITYVOLUME('GrossVolume','',$,0.0430349999999986,$);
#5610=IFCQUANTITYVOLUME('NetVolume','',$,0.0430349999999986,$);
#5611=IFCELEMENTQUANTITY('36IUxvvk1j$pAAgvN_4j9n',#18,'Qto_SpaceBaseQuantities',$,$,(#5606,#5607,#5608,#5609,#5610));
#5612=IFCRELDEFINESBYPROPERTIES('0P_wtz8ktYmVTqcgq65t8F',#18,$,$,(#5596),#5611);
#5613=IFCMAPPEDITEM(#3472,#191);
#5614=IFCSHAPEREPRESENTATION(#24,'Body','MappedRepresentation',(#5613));
#5615=IFCPRODUCTDEFINITIONSHAPE($,$,(#5614));
#5616=IFCCARTESIANPOINT((69.1036133820527,149.881709308013,0.));
#5617=IFCDIRECTION((0.999854344480766,0.0170672148559183,0.));
#5618=IFCAXIS2PLACEMENT3D(#5616,#9,#5617);
#5619=IFCLOCALPLACEMENT(#41,#5618);
#5620=IFCSPACE('0ZcnFg2izD2Aqi5s8w_XgB',#18,'{$this("Description")}',$,'Parkeerplaats',#5619,#5615,$,$,.PARKING.,$);
#5621=IFCPROPERTYSET('0eulwnMRCUs4MeNm2sVa_S',#18,'Pset_SpaceCommon',$,(#238,#3484));
#5622=IFCPROPERTYSET('0S0E9Ig5jl9K4CFz8AkaZ5',#18,'Pset_SpaceHeaterTypeCommon',$,(#3484));
#5623=IFCPROPERTYSINGLEVALUE('Bepalingsmethode',$,IFCTEXT('NVO'),$);
#5624=IFCPROPERTYSINGLEVALUE('BuitenruimteSoort',$,IFCTEXT('Subruimte'),$);
#5625=IFCPROPERTYSINGLEVALUE('BuitenruimteType',$,IFCTEXT('Parkeerplaats auto'),$);
#5626=IFCPROPERTYSET('1t6oUpMYpKTcGbHOCp2QGO',#18,'MiniGIM_ILS','',(#5623,#5624,#5625));
#5627=IFCRELDEFINESBYPROPERTIES('3DDLBsODpl_S4EOnBGCdHb',#18,$,$,(#5620),#5621);
#5628=IFCRELDEFINESBYPROPERTIES('33DXbpCu4zhJszFROmhVD8',#18,$,$,(#5620),#5622);
#5629=IFCRELDEFINESBYPROPERTIES('1isI_rY_4iLYq3QFiT7TRI',#18,$,$,(#5620),#5626);
#5630=IFCQUANTITYLENGTH('Height','',$,4.53,$);
#5631=IFCQUANTITYAREA('GrossFloorArea','',$,8.60699999999972,$);
#5632=IFCQUANTITYAREA('GrossCeilingArea','',$,11.3409673134263,$);
#5633=IFCQUANTITYVOLUME('GrossVolume','',$,0.0430349999999986,$);
#5634=IFCQUANTITYVOLUME('NetVolume','',$,0.0430349999999986,$);
#5635=IFCELEMENTQUANTITY('0O_bFmjB1wJmwP8zgJX_Gj',#18,'Qto_SpaceBaseQuantities',$,$,(#5630,#5631,#5632,#5633,#5634));
#5636=IFCRELDEFINESBYPROPERTIES('0hAuLM5QJ$ip48FfQ1k6Hn',#18,$,$,(#5620),#5635);
#5637=IFCMAPPEDITEM(#3472,#191);
#5638=IFCSHAPEREPRESENTATION(#24,'Body','MappedRepresentation',(#5637));
#5639=IFCPRODUCTDEFINITIONSHAPE($,$,(#5638));
#5640=IFCCARTESIANPOINT((66.6039775208508,149.839041270873,0.));
#5641=IFCDIRECTION((0.999854344480766,0.0170672148559183,0.));
#5642=IFCAXIS2PLACEMENT3D(#5640,#9,#5641);
#5643=IFCLOCALPLACEMENT(#41,#5642);
#5644=IFCSPACE('0ZcnFg2izD2Aqi5s8w_Xg8',#18,'{$this("Description")}',$,'Parkeerplaats',#5643,#5639,$,$,.PARKING.,$);
#5645=IFCPROPERTYSET('0sBpHEoAUTCwEfNT__GtIR',#18,'Pset_SpaceCommon',$,(#238,#3484));
#5646=IFCPROPERTYSET('02i4ncXbzs4IGTNhZop2A8',#18,'Pset_SpaceHeaterTypeCommon',$,(#3484));
#5647=IFCPROPERTYSINGLEVALUE('Bepalingsmethode',$,IFCTEXT('NVO'),$);
#5648=IFCPROPERTYSINGLEVALUE('BuitenruimteSoort',$,IFCTEXT('Subruimte'),$);
#5649=IFCPROPERTYSINGLEVALUE('BuitenruimteType',$,IFCTEXT('Parkeerplaats auto'),$);
#5650=IFCPROPERTYSET('1E7QSMJfJoRHpFDXRd2fso',#18,'MiniGIM_ILS','',(#5647,#5648,#5649));
#5651=IFCRELDEFINESBYPROPERTIES('1yTGL7E6nliyYxaiYe7jBd',#18,$,$,(#5644),#5645);
#5652=IFCRELDEFINESBYPROPERTIES('07MwfH6OcZS30NKGJl3tk_',#18,$,$,(#5644),#5646);
#5653=IFCRELDEFINESBYPROPERTIES('0kXQ0E5JCgwaLDU1T6SwO7',#18,$,$,(#5644),#5650);
#5654=IFCQUANTITYLENGTH('Height','',$,4.53,$);
#5655=IFCQUANTITYAREA('GrossFloorArea','',$,8.60699999999972,$);
#5656=IFCQUANTITYAREA('GrossCeilingArea','',$,11.3409673134263,$);
#5657=IFCQUANTITYVOLUME('GrossVolume','',$,0.0430349999999986,$);
#5658=IFCQUANTITYVOLUME('NetVolume','',$,0.0430349999999986,$);
#5659=IFCELEMENTQUANTITY('0onA82sxqwD5Rpc2VG$esM',#18,'Qto_SpaceBaseQuantities',$,$,(#5654,#5655,#5656,#5657,#5658));
#5660=IFCRELDEFINESBYPROPERTIES('28SLt5dixZHRh2A4G3KY3q',#18,$,$,(#5644),#5659);
#5661=IFCMAPPEDITEM(#3472,#191);
#5662=IFCSHAPEREPRESENTATION(#24,'Body','MappedRepresentation',(#5661));
#5663=IFCPRODUCTDEFINITIONSHAPE($,$,(#5662));
#5664=IFCCARTESIANPOINT((64.1043416596488,149.796373233733,0.));
#5665=IFCDIRECTION((0.999854344480766,0.0170672148559183,0.));
#5666=IFCAXIS2PLACEMENT3D(#5664,#9,#5665);
#5667=IFCLOCALPLACEMENT(#41,#5666);
#5668=IFCSPACE('0ZcnFg2izD2Aqi5s8w_Xg9',#18,'{$this("Description")}',$,'Parkeerplaats',#5667,#5663,$,$,.PARKING.,$);
#5669=IFCPROPERTYSET('0tIeOXbb7clpK0WjGEGLiQ',#18,'Pset_SpaceCommon',$,(#238,#3484));
#5670=IFCPROPERTYSET('1Nigy$dQbt5B1nDie_uSOU',#18,'Pset_SpaceHeaterTypeCommon',$,(#3484));
#5671=IFCPROPERTYSINGLEVALUE('Bepalingsmethode',$,IFCTEXT('NVO'),$);
#5672=IFCPROPERTYSINGLEVALUE('BuitenruimteSoort',$,IFCTEXT('Subruimte'),$);
#5673=IFCPROPERTYSINGLEVALUE('BuitenruimteType',$,IFCTEXT('Parkeerplaats auto'),$);
#5674=IFCPROPERTYSET('0SptX_GnF$f9hjJQjv7sfu',#18,'MiniGIM_ILS','',(#5671,#5672,#5673));
#5675=IFCRELDEFINESBYPROPERTIES('1GF6Fq1HEAitLBtbF9C$XL',#18,$,$,(#5668),#5669);
#5676=IFCRELDEFINESBYPROPERTIES('1aTubuX_DXBun6iTMgySyF',#18,$,$,(#5668),#5670);
#5677=IFCRELDEFINESBYPROPERTIES('0H5RH85_ALqDLZRkBvrPwy',#18,$,$,(#5668),#5674);
#5678=IFCQUANTITYLENGTH('Height','',$,4.53,$);
#5679=IFCQUANTITYAREA('GrossFloorArea','',$,8.60699999999972,$);
#5680=IFCQUANTITYAREA('GrossCeilingArea','',$,11.3409673134263,$);
#5681=IFCQUANTITYVOLUME('GrossVolume','',$,0.0430349999999986,$);
#5682=IFCQUANTITYVOLUME('NetVolume','',$,0.0430349999999986,$);
#5683=IFCELEMENTQUANTITY('06RfxczGwZkSxJhZrnygBF',#18,'Qto_SpaceBaseQuantities',$,$,(#5678,#5679,#5680,#5681,#5682));
#5684=IFCRELDEFINESBYPROPERTIES('2$XcjfVbwSEux1ErC7uvWr',#18,$,$,(#5668),#5683);
#5685=IFCMAPPEDITEM(#3472,#191);
#5686=IFCSHAPEREPRESENTATION(#24,'Body','MappedRepresentation',(#5685));
#5687=IFCPRODUCTDEFINITIONSHAPE($,$,(#5686));
#5688=IFCCARTESIANPOINT((60.1182227916262,149.727498569483,0.));
#5689=IFCDIRECTION((0.999854344480766,0.0170672148559183,0.));
#5690=IFCAXIS2PLACEMENT3D(#5688,#9,#5689);
#5691=IFCLOCALPLACEMENT(#41,#5690);
#5692=IFCSPACE('0ZcnFg2izD2Aqi5s8w_Xjs',#18,'{$this("Description")}',$,'Parkeerplaats',#5691,#5687,$,$,.PARKING.,$);
#5693=IFCPROPERTYSET('3uKLSpBpn3KFocoeLGpHqH',#18,'Pset_SpaceCommon',$,(#238,#3484));
#5694=IFCPROPERTYSET('019gCbVhG__NNcDmc7$nzU',#18,'Pset_SpaceHeaterTypeCommon',$,(#3484));
#5695=IFCPROPERTYSINGLEVALUE('Bepalingsmethode',$,IFCTEXT('NVO'),$);
#5696=IFCPROPERTYSINGLEVALUE('BuitenruimteSoort',$,IFCTEXT('Subruimte'),$);
#5697=IFCPROPERTYSINGLEVALUE('BuitenruimteType',$,IFCTEXT('Parkeerplaats auto'),$);
#5698=IFCPROPERTYSET('3n0iegWjlXFa2Y3f0XnsPO',#18,'MiniGIM_ILS','',(#5695,#5696,#5697));
#5699=IFCRELDEFINESBYPROPERTIES('37Pl_gQ1YlkxZav9gbS54G',#18,$,$,(#5692),#5693);
#5700=IFCRELDEFINESBYPROPERTIES('1E2hpibIxydrnJrREw9coL',#18,$,$,(#5692),#5694);
#5701=IFCRELDEFINESBYPROPERTIES('3Wmlde_loTLc4uFls92IhM',#18,$,$,(#5692),#5698);
#5702=IFCQUANTITYLENGTH('Height','',$,4.53,$);
#5703=IFCQUANTITYAREA('GrossFloorArea','',$,8.60699999999972,$);
#5704=IFCQUANTITYAREA('GrossCeilingArea','',$,11.3409673134263,$);
#5705=IFCQUANTITYVOLUME('GrossVolume','',$,0.0430349999999986,$);
#5706=IFCQUANTITYVOLUME('NetVolume','',$,0.0430349999999986,$);
#5707=IFCELEMENTQUANTITY('3bVDio3Ra7qtgWBzJ1vJHp',#18,'Qto_SpaceBaseQuantities',$,$,(#5702,#5703,#5704,#5705,#5706));
#5708=IFCRELDEFINESBYPROPERTIES('2AlXG1etDWsCgmVgXHMgYt',#18,$,$,(#5692),#5707);
#5709=IFCMAPPEDITEM(#3472,#191);
#5710=IFCSHAPEREPRESENTATION(#24,'Body','MappedRepresentation',(#5709));
#5711=IFCPRODUCTDEFINITIONSHAPE($,$,(#5710));
#5712=IFCCARTESIANPOINT((57.6185869304243,149.684830532343,0.));
#5713=IFCDIRECTION((0.999854344480766,0.0170672148559183,0.));
#5714=IFCAXIS2PLACEMENT3D(#5712,#9,#5713);
#5715=IFCLOCALPLACEMENT(#41,#5714);
#5716=IFCSPACE('0ZcnFg2izD2Aqi5s8w_Xjt',#18,'{$this("Description")}',$,'Parkeerplaats',#5715,#5711,$,$,.PARKING.,$);
#5717=IFCPROPERTYSET('1UX_QFgujSmjAD4XStsH6d',#18,'Pset_SpaceCommon',$,(#238,#3484));
#5718=IFCPROPERTYSET('0JmvHIQ2bNZk_lqJ5wN7Zc',#18,'Pset_SpaceHeaterTypeCommon',$,(#3484));
#5719=IFCPROPERTYSINGLEVALUE('Bepalingsmethode',$,IFCTEXT('NVO'),$);
#5720=IFCPROPERTYSINGLEVALUE('BuitenruimteSoort',$,IFCTEXT('Subruimte'),$);
#5721=IFCPROPERTYSINGLEVALUE('BuitenruimteType',$,IFCTEXT('Parkeerplaats auto'),$);
#5722=IFCPROPERTYSET('1FU3CIWKElWWsjKGoC0vfa',#18,'MiniGIM_ILS','',(#5719,#5720,#5721));
#5723=IFCRELDEFINESBYPROPERTIES('3MpaHE$q42tR72U38C$n1s',#18,$,$,(#5716),#5717);
#5724=IFCRELDEFINESBYPROPERTIES('0UmeAH_JbSotlSGlFj2vAg',#18,$,$,(#5716),#5718);
#5725=IFCRELDEFINESBYPROPERTIES('3ofcSelrUxEbN082xS3DOE',#18,$,$,(#5716),#5722);
#5726=IFCQUANTITYLENGTH('Height','',$,4.53,$);
#5727=IFCQUANTITYAREA('GrossFloorArea','',$,8.60699999999972,$);
#5728=IFCQUANTITYAREA('GrossCeilingArea','',$,11.3409673134263,$);
#5729=IFCQUANTITYVOLUME('GrossVolume','',$,0.0430349999999986,$);
#5730=IFCQUANTITYVOLUME('NetVolume','',$,0.0430349999999986,$);
#5731=IFCELEMENTQUANTITY('3TOX9ZwEcSDy0PtuM2tgVo',#18,'Qto_SpaceBaseQuantities',$,$,(#5726,#5727,#5728,#5729,#5730));
#5732=IFCRELDEFINESBYPROPERTIES('1hr5LRuvfOacgMWF6O1QbL',#18,$,$,(#5716),#5731);
#5733=IFCMAPPEDITEM(#3472,#191);
#5734=IFCSHAPEREPRESENTATION(#24,'Body','MappedRepresentation',(#5733));
#5735=IFCPRODUCTDEFINITIONSHAPE($,$,(#5734));
#5736=IFCCARTESIANPOINT((55.1189510692223,149.642162495203,0.));
#5737=IFCDIRECTION((0.999854344480766,0.0170672148559183,0.));
#5738=IFCAXIS2PLACEMENT3D(#5736,#9,#5737);
#5739=IFCLOCALPLACEMENT(#41,#5738);
#5740=IFCSPACE('0ZcnFg2izD2Aqi5s8w_Xjq',#18,'{$this("Description")}',$,'Parkeerplaats',#5739,#5735,$,$,.PARKING.,$);
#5741=IFCPROPERTYSET('2cDkh1f0djSpofAxoErf66',#18,'Pset_SpaceCommon',$,(#238,#3484));
#5742=IFCPROPERTYSET('1$U994opbRf4kMl_6Ni5kO',#18,'Pset_SpaceHeaterTypeCommon',$,(#3484));
#5743=IFCPROPERTYSINGLEVALUE('Bepalingsmethode',$,IFCTEXT('NVO'),$);
#5744=IFCPROPERTYSINGLEVALUE('BuitenruimteSoort',$,IFCTEXT('Subruimte'),$);
#5745=IFCPROPERTYSINGLEVALUE('BuitenruimteType',$,IFCTEXT('Parkeerplaats auto'),$);
#5746=IFCPROPERTYSET('393c7RMpABDfpj4FeFAwG4',#18,'MiniGIM_ILS','',(#5743,#5744,#5745));
#5747=IFCRELDEFINESBYPROPERTIES('1zvbe_XpqDseGqdEmPp_5p',#18,$,$,(#5740),#5741);
#5748=IFCRELDEFINESBYPROPERTIES('2wNeuTsCyj7k1Gm2vuXFtZ',#18,$,$,(#5740),#5742);
#5749=IFCRELDEFINESBYPROPERTIES('3J25i31sXJRcBo4ZJBkS1c',#18,$,$,(#5740),#5746);
#5750=IFCQUANTITYLENGTH('Height','',$,4.53,$);
#5751=IFCQUANTITYAREA('GrossFloorArea','',$,8.60699999999972,$);
#5752=IFCQUANTITYAREA('GrossCeilingArea','',$,11.3409673134263,$);
#5753=IFCQUANTITYVOLUME('GrossVolume','',$,0.0430349999999986,$);
#5754=IFCQUANTITYVOLUME('NetVolume','',$,0.0430349999999986,$);
#5755=IFCELEMENTQUANTITY('3O191tvCPhZmeuo5Vy2Y6X',#18,'Qto_SpaceBaseQuantities',$,$,(#5750,#5751,#5752,#5753,#5754));
#5756=IFCRELDEFINESBYPROPERTIES('3lRUDnYyn6MGZMw8FuSH1H',#18,$,$,(#5740),#5755);
#5757=IFCMAPPEDITEM(#3472,#191);
#5758=IFCSHAPEREPRESENTATION(#24,'Body','MappedRepresentation',(#5757));
#5759=IFCPRODUCTDEFINITIONSHAPE($,$,(#5758));
#5760=IFCCARTESIANPOINT((52.6193152080204,149.599494458064,0.));
#5761=IFCDIRECTION((0.999854344480766,0.0170672148559183,0.));
#5762=IFCAXIS2PLACEMENT3D(#5760,#9,#5761);
#5763=IFCLOCALPLACEMENT(#41,#5762);
#5764=IFCSPACE('0ZcnFg2izD2Aqi5s8w_Xjr',#18,'{$this("Description")}',$,'Parkeerplaats',#5763,#5759,$,$,.PARKING.,$);
#5765=IFCPROPERTYSET('3IvlIe7cOPiRrVQXwT3Z3v',#18,'Pset_SpaceCommon',$,(#238,#3484));
#5766=IFCPROPERTYSET('3P05FKebcuISwP43rYe9pJ',#18,'Pset_SpaceHeaterTypeCommon',$,(#3484));
#5767=IFCPROPERTYSINGLEVALUE('Bepalingsmethode',$,IFCTEXT('NVO'),$);
#5768=IFCPROPERTYSINGLEVALUE('BuitenruimteSoort',$,IFCTEXT('Subruimte'),$);
#5769=IFCPROPERTYSINGLEVALUE('BuitenruimteType',$,IFCTEXT('Parkeerplaats auto'),$);
#5770=IFCPROPERTYSET('3XYM5_l4SmAsGdvBoGHyRi',#18,'MiniGIM_ILS','',(#5767,#5768,#5769));
#5771=IFCRELDEFINESBYPROPERTIES('1_7rvmljBfW06YMb6k2Bpy',#18,$,$,(#5764),#5765);
#5772=IFCRELDEFINESBYPROPERTIES('0tCdTmUhw$Hk_VawLVEio4',#18,$,$,(#5764),#5766);
#5773=IFCRELDEFINESBYPROPERTIES('3V6dLOBC_vMLO5BHPkR_DL',#18,$,$,(#5764),#5770);
#5774=IFCQUANTITYLENGTH('Height','',$,4.53,$);
#5775=IFCQUANTITYAREA('GrossFloorArea','',$,8.60699999999972,$);
#5776=IFCQUANTITYAREA('GrossCeilingArea','',$,11.3409673134263,$);
#5777=IFCQUANTITYVOLUME('GrossVolume','',$,0.0430349999999986,$);
#5778=IFCQUANTITYVOLUME('NetVolume','',$,0.0430349999999986,$);
#5779=IFCELEMENTQUANTITY('1qmgR5_fwSKVfBJ0Cn$OVE',#18,'Qto_SpaceBaseQuantities',$,$,(#5774,#5775,#5776,#5777,#5778));
#5780=IFCRELDEFINESBYPROPERTIES('2H0u1P581DGHQQEr7lInE8',#18,$,$,(#5764),#5779);
#5781=IFCAXIS2PLACEMENT3D(#3,$,$);
#5783=IFCCARTESIANPOINTLIST2D(((-0.699999999999972,-2.825),(0.699999999999981,-2.825),(0.699999999999972,2.825),(-0.699999999999982,2.825),(-0.699999999999972,-2.825)));
#5784=IFCINDEXEDPOLYCURVE(#5783,$,.F.);
#5785=IFCARBITRARYCLOSEDPROFILEDEF(.AREA.,'openbaar 180\X2\00B0\X0\ - 2000',#5784);
#5786=IFCCARTESIANPOINT((-0.,3.125,0.));
#5787=IFCAXIS2PLACEMENT3D(#5786,$,$);
#5788=IFCEXTRUDEDAREASOLID(#5785,#5787,#9,0.005);
#5789=IFCSTYLEDITEM(#5788,(#230),$);
#5790=IFCSHAPEREPRESENTATION(#24,'Body','SweptSolid',(#5788));
#5791=IFCAXIS2PLACEMENT3D(#3,$,$);
#5792=IFCREPRESENTATIONMAP(#5791,#5790);
#5793=IFCSPACETYPE('2Kc2tWTDTBUhLLGUo6431N',#18,'71_PA_langsparkeervak:openbaar 180\X2\00B0\X0\ - 2000',$,$,$,(#5792),'1427518',$,.PARKING.,$);
#5794=IFCMAPPEDITEM(#5792,#191);
#5795=IFCSHAPEREPRESENTATION(#24,'Body','MappedRepresentation',(#5794));
#5796=IFCPRODUCTDEFINITIONSHAPE($,$,(#5795));
#5797=IFCCARTESIANPOINT((63.873263794114,193.856552822563,0.));
#5798=IFCDIRECTION((0.0171459817179375,-0.999852996850501,0.));
#5799=IFCAXIS2PLACEMENT3D(#5797,#9,#5798);
#5800=IFCLOCALPLACEMENT(#41,#5799);
#5801=IFCSPACE('2Kc2tWTDTBUhLLGUo6430p',#18,'{$this("Description")}',$,'Parkeerplaats',#5800,#5796,$,$,.PARKING.,$);
#5802=IFCPROPERTYSINGLEVALUE('Reference',$,IFCIDENTIFIER('openbaar 180\X2\00B0\X0\ - 2000'),$);
#5803=IFCPROPERTYSET('0vxo5RZSvqidFhsGlXN7PI',#18,'Pset_SpaceCommon',$,(#238,#5802));
#5804=IFCPROPERTYSET('1d4T5UVmSI2kXIyPe0po2u',#18,'Pset_SpaceHeaterTypeCommon',$,(#5802));
#5805=IFCPROPERTYSINGLEVALUE('Afnemer',$,IFCTEXT('Gemeenschappelijk'),$);
#5806=IFCPROPERTYSINGLEVALUE('Bepalingsmethode',$,IFCTEXT('NVO'),$);
#5807=IFCPROPERTYSINGLEVALUE('BuitenruimteSoort',$,IFCTEXT('Subruimte'),$);
#5808=IFCPROPERTYSINGLEVALUE('BuitenruimteType',$,IFCTEXT('Parkeerplaats auto'),$);
#5809=IFCPROPERTYSET('2nbGqnGlHoziGTtxaY29zj',#18,'MiniGIM_ILS','',(#5805,#5806,#5807,#5808));
#5810=IFCRELDEFINESBYPROPERTIES('20Fh9IMKDdWF1SSTDxXN0d',#18,$,$,(#5801),#5803);
#5811=IFCRELDEFINESBYPROPERTIES('3tTGV1qNgJeaUivHbvCfwh',#18,$,$,(#5801),#5804);
#5812=IFCRELDEFINESBYPROPERTIES('3D7AA3LHbsArS_yiUGP0Vc',#18,$,$,(#5801),#5809);
#5813=IFCQUANTITYLENGTH('Height','',$,5.65,$);
#5814=IFCQUANTITYAREA('GrossFloorArea','',$,7.90999999999974,$);
#5815=IFCQUANTITYAREA('GrossCeilingArea','',$,10.6470673134263,$);
#5816=IFCQUANTITYVOLUME('GrossVolume','',$,0.0395499999999987,$);
#5817=IFCQUANTITYVOLUME('NetVolume','',$,0.0395499999999988,$);
#5818=IFCELEMENTQUANTITY('21PDMQFPzHY26zC0SoLPMJ',#18,'Qto_SpaceBaseQuantities',$,$,(#5813,#5814,#5815,#5816,#5817));
#5819=IFCRELDEFINESBYPROPERTIES('1_aMAuxro3OwctFez0lpEk',#18,$,$,(#5801),#5818);
#5820=IFCMAPPEDITEM(#5792,#191);
#5821=IFCSHAPEREPRESENTATION(#24,'Body','MappedRepresentation',(#5820));
#5822=IFCPRODUCTDEFINITIONSHAPE($,$,(#5821));
#5823=IFCCARTESIANPOINT((57.6241825637984,193.749390436826,0.));
#5824=IFCDIRECTION((0.0171459817179375,-0.999852996850501,0.));
#5825=IFCAXIS2PLACEMENT3D(#5823,#9,#5824);
#5826=IFCLOCALPLACEMENT(#41,#5825);
#5827=IFCSPACE('2Kc2tWTDTBUhLLGUo6433P',#18,'{$this("Description")}',$,'Parkeerplaats',#5826,#5822,$,$,.PARKING.,$);
#5828=IFCPROPERTYSET('055PlOK204u4aJj8rq$oRB',#18,'Pset_SpaceCommon',$,(#238,#5802));
#5829=IFCPROPERTYSET('2laR73WF5XvyA3wwdFnyy8',#18,'Pset_SpaceHeaterTypeCommon',$,(#5802));
#5830=IFCPROPERTYSINGLEVALUE('Afnemer',$,IFCTEXT('Gemeenschappelijk'),$);
#5831=IFCPROPERTYSINGLEVALUE('Bepalingsmethode',$,IFCTEXT('NVO'),$);
#5832=IFCPROPERTYSINGLEVALUE('BuitenruimteSoort',$,IFCTEXT('Subruimte'),$);
#5833=IFCPROPERTYSINGLEVALUE('BuitenruimteType',$,IFCTEXT('Parkeerplaats auto'),$);
#5834=IFCPROPERTYSET('0YJ1ssx6FZweHMvaU5qFOj',#18,'MiniGIM_ILS','',(#5830,#5831,#5832,#5833));
#5835=IFCRELDEFINESBYPROPERTIES('2q8Cpt1QBC5Pfo$$IXwAcM',#18,$,$,(#5827),#5828);
#5836=IFCRELDEFINESBYPROPERTIES('1oBzPwaUnuK8ewkzkcSGjY',#18,$,$,(#5827),#5829);
#5837=IFCRELDEFINESBYPROPERTIES('0IuApGaVN75qMIlE2Wgxh2',#18,$,$,(#5827),#5834);
#5838=IFCQUANTITYLENGTH('Height','',$,5.65,$);
#5839=IFCQUANTITYAREA('GrossFloorArea','',$,7.90999999999974,$);
#5840=IFCQUANTITYAREA('GrossCeilingArea','',$,10.6470673134263,$);
#5841=IFCQUANTITYVOLUME('GrossVolume','',$,0.0395499999999987,$);
#5842=IFCQUANTITYVOLUME('NetVolume','',$,0.0395499999999988,$);
#5843=IFCELEMENTQUANTITY('0ZWlaEMzDWHOU8ZC9uacn9',#18,'Qto_SpaceBaseQuantities',$,$,(#5838,#5839,#5840,#5841,#5842));
#5844=IFCRELDEFINESBYPROPERTIES('0_BzY5HXJv_ZQwWIG2oAs7',#18,$,$,(#5827),#5843);
#5845=IFCMAPPEDITEM(#5792,#191);
#5846=IFCSHAPEREPRESENTATION(#24,'Body','MappedRepresentation',(#5845));
#5847=IFCPRODUCTDEFINITIONSHAPE($,$,(#5846));
#5848=IFCCARTESIANPOINT((51.3751013334828,193.642228051089,0.));
#5849=IFCDIRECTION((0.0171459817179375,-0.999852996850501,0.));
#5850=IFCAXIS2PLACEMENT3D(#5848,#9,#5849);
#5851=IFCLOCALPLACEMENT(#41,#5850);
#5852=IFCSPACE('2Kc2tWTDTBUhLLGUo6433L',#18,'{$this("Description")}',$,'Parkeerplaats',#5851,#5847,$,$,.PARKING.,$);
#5853=IFCPROPERTYSET('39D_IMcYv7SWUYXyLXe8St',#18,'Pset_SpaceCommon',$,(#238,#5802));
#5854=IFCPROPERTYSET('0rZGXLDMkLFsyauYM0dBQy',#18,'Pset_SpaceHeaterTypeCommon',$,(#5802));
#5855=IFCPROPERTYSINGLEVALUE('Afnemer',$,IFCTEXT('Gemeenschappelijk'),$);
#5856=IFCPROPERTYSINGLEVALUE('Bepalingsmethode',$,IFCTEXT('NVO'),$);
#5857=IFCPROPERTYSINGLEVALUE('BuitenruimteSoort',$,IFCTEXT('Subruimte'),$);
#5858=IFCPROPERTYSINGLEVALUE('BuitenruimteType',$,IFCTEXT('Parkeerplaats auto'),$);
#5859=IFCPROPERTYSET('1DiGcLXntSZvwgwRTALecd',#18,'MiniGIM_ILS','',(#5855,#5856,#5857,#5858));
#5860=IFCRELDEFINESBYPROPERTIES('2o6IWca6Tfhk7$Ap9LHuTy',#18,$,$,(#5852),#5853);
#5861=IFCRELDEFINESBYPROPERTIES('2gbPE_jJJpaQxkOTa_g8YC',#18,$,$,(#5852),#5854);
#5862=IFCRELDEFINESBYPROPERTIES('0UppRrk6RpCri__3DIOBra',#18,$,$,(#5852),#5859);
#5863=IFCQUANTITYLENGTH('Height','',$,5.65,$);
#5864=IFCQUANTITYAREA('GrossFloorArea','',$,7.90999999999974,$);
#5865=IFCQUANTITYAREA('GrossCeilingArea','',$,10.6470673134263,$);
#5866=IFCQUANTITYVOLUME('GrossVolume','',$,0.0395499999999987,$);
#5867=IFCQUANTITYVOLUME('NetVolume','',$,0.0395499999999988,$);
#5868=IFCELEMENTQUANTITY('0t4wF6u0zK_gqeaei58OuL',#18,'Qto_SpaceBaseQuantities',$,$,(#5863,#5864,#5865,#5866,#5867));
#5869=IFCRELDEFINESBYPROPERTIES('3WVv_MU$bsKOS3E97R0cJw',#18,$,$,(#5852),#5868);
#5870=IFCMAPPEDITEM(#5792,#191);
#5871=IFCSHAPEREPRESENTATION(#24,'Body','MappedRepresentation',(#5870));
#5872=IFCPRODUCTDEFINITIONSHAPE($,$,(#5871));
#5873=IFCCARTESIANPOINT((45.1260201031671,193.535065665352,0.));
#5874=IFCDIRECTION((0.0171459817179375,-0.999852996850501,0.));
#5875=IFCAXIS2PLACEMENT3D(#5873,#9,#5874);
#5876=IFCLOCALPLACEMENT(#41,#5875);
#5877=IFCSPACE('2Kc2tWTDTBUhLLGUo6432l',#18,'{$this("Description")}',$,'Parkeerplaats',#5876,#5872,$,$,.PARKING.,$);
#5878=IFCPROPERTYSET('1Zhv99AhpFH8SCUHWfq3UF',#18,'Pset_SpaceCommon',$,(#238,#5802));
#5879=IFCPROPERTYSET('2mHyW6I8cAl$mJIc5eb4gX',#18,'Pset_SpaceHeaterTypeCommon',$,(#5802));
#5880=IFCPROPERTYSINGLEVALUE('Afnemer',$,IFCTEXT('Gemeenschappelijk'),$);
#5881=IFCPROPERTYSINGLEVALUE('Bepalingsmethode',$,IFCTEXT('NVO'),$);
#5882=IFCPROPERTYSINGLEVALUE('BuitenruimteSoort',$,IFCTEXT('Subruimte'),$);
#5883=IFCPROPERTYSINGLEVALUE('BuitenruimteType',$,IFCTEXT('Parkeerplaats auto'),$);
#5884=IFCPROPERTYSET('3xRA4qZ2d7hsxHPJlGxEK6',#18,'MiniGIM_ILS','',(#5880,#5881,#5882,#5883));
#5885=IFCRELDEFINESBYPROPERTIES('0V5q0DFjNaOKBueQFWZMQb',#18,$,$,(#5877),#5878);
#5886=IFCRELDEFINESBYPROPERTIES('3109Ey8aVDBE_DNPr52eqi',#18,$,$,(#5877),#5879);
#5887=IFCRELDEFINESBYPROPERTIES('035cIaWx934i626p$EISPt',#18,$,$,(#5877),#5884);
#5888=IFCQUANTITYLENGTH('Height','',$,5.65,$);
#5889=IFCQUANTITYAREA('GrossFloorArea','',$,7.90999999999974,$);
#5890=IFCQUANTITYAREA('GrossCeilingArea','',$,10.6470673134263,$);
#5891=IFCQUANTITYVOLUME('GrossVolume','',$,0.0395499999999987,$);
#5892=IFCQUANTITYVOLUME('NetVolume','',$,0.0395499999999988,$);
#5893=IFCELEMENTQUANTITY('14HGull_mDd8ce5WnqhGMe',#18,'Qto_SpaceBaseQuantities',$,$,(#5888,#5889,#5890,#5891,#5892));
#5894=IFCRELDEFINESBYPROPERTIES('1$eD5Y5sPDwI6CZpP14ckB',#18,$,$,(#5877),#5893);
#5895=IFCMAPPEDITEM(#5792,#191);
#5896=IFCSHAPEREPRESENTATION(#24,'Body','MappedRepresentation',(#5895));
#5897=IFCPRODUCTDEFINITIONSHAPE($,$,(#5896));
#5898=IFCCARTESIANPOINT((38.8769388728515,193.427903279615,0.));
#5899=IFCDIRECTION((0.0171459817179375,-0.999852996850501,0.));
#5900=IFCAXIS2PLACEMENT3D(#5898,#9,#5899);
#5901=IFCLOCALPLACEMENT(#41,#5900);
#5902=IFCSPACE('2Kc2tWTDTBUhLLGUo6432d',#18,'{$this("Description")}',$,'Parkeerplaats',#5901,#5897,$,$,.PARKING.,$);
#5903=IFCPROPERTYSET('0m9MDIbe1O2i_pMkxH_H6F',#18,'Pset_SpaceCommon',$,(#238,#5802));
#5904=IFCPROPERTYSET('2TUcBOyrgehruFWgVhpTMK',#18,'Pset_SpaceHeaterTypeCommon',$,(#5802));
#5905=IFCPROPERTYSINGLEVALUE('Afnemer',$,IFCTEXT('Gemeenschappelijk'),$);
#5906=IFCPROPERTYSINGLEVALUE('Bepalingsmethode',$,IFCTEXT('NVO'),$);
#5907=IFCPROPERTYSINGLEVALUE('BuitenruimteSoort',$,IFCTEXT('Subruimte'),$);
#5908=IFCPROPERTYSINGLEVALUE('BuitenruimteType',$,IFCTEXT('Parkeerplaats auto'),$);
#5909=IFCPROPERTYSET('2_A9BqXGgEEBe7iuS4Tn$J',#18,'MiniGIM_ILS','',(#5905,#5906,#5907,#5908));
#5910=IFCRELDEFINESBYPROPERTIES('3d7OYJJeR_vRK0C$BGp8Nh',#18,$,$,(#5902),#5903);
#5911=IFCRELDEFINESBYPROPERTIES('2OAYqJaywH$euQ933ADXs3',#18,$,$,(#5902),#5904);
#5912=IFCRELDEFINESBYPROPERTIES('1Sd$GyQRM3t69YLMpeK4EZ',#18,$,$,(#5902),#5909);
#5913=IFCQUANTITYLENGTH('Height','',$,5.65,$);
#5914=IFCQUANTITYAREA('GrossFloorArea','',$,7.90999999999974,$);
#5915=IFCQUANTITYAREA('GrossCeilingArea','',$,10.6470673134263,$);
#5916=IFCQUANTITYVOLUME('GrossVolume','',$,0.0395499999999987,$);
#5917=IFCQUANTITYVOLUME('NetVolume','',$,0.0395499999999988,$);
#5918=IFCELEMENTQUANTITY('2tyXm26ufoSTD7BqH0vmJ1',#18,'Qto_SpaceBaseQuantities',$,$,(#5913,#5914,#5915,#5916,#5917));
#5919=IFCRELDEFINESBYPROPERTIES('11G4p2S04RTZUX09t3jka8',#18,$,$,(#5902),#5918);
#5920=IFCMAPPEDITEM(#5792,#191);
#5921=IFCSHAPEREPRESENTATION(#24,'Body','MappedRepresentation',(#5920));
#5922=IFCPRODUCTDEFINITIONSHAPE($,$,(#5921));
#5923=IFCCARTESIANPOINT((32.6278576425359,193.320740893878,0.));
#5924=IFCDIRECTION((0.0171459817179375,-0.999852996850501,0.));
#5925=IFCAXIS2PLACEMENT3D(#5923,#9,#5924);
#5926=IFCLOCALPLACEMENT(#41,#5925);
#5927=IFCSPACE('2Kc2tWTDTBUhLLGUo6432$',#18,'{$this("Description")}',$,'Parkeerplaats',#5926,#5922,$,$,.PARKING.,$);
#5928=IFCPROPERTYSET('1YwIqVLnu5deQL1Nlg0iJq',#18,'Pset_SpaceCommon',$,(#238,#5802));
#5929=IFCPROPERTYSET('3htcxMkjUjhgTU2$moQnVH',#18,'Pset_SpaceHeaterTypeCommon',$,(#5802));
#5930=IFCPROPERTYSINGLEVALUE('Afnemer',$,IFCTEXT('Gemeenschappelijk'),$);
#5931=IFCPROPERTYSINGLEVALUE('Bepalingsmethode',$,IFCTEXT('NVO'),$);
#5932=IFCPROPERTYSINGLEVALUE('BuitenruimteSoort',$,IFCTEXT('Subruimte'),$);
#5933=IFCPROPERTYSINGLEVALUE('BuitenruimteType',$,IFCTEXT('Parkeerplaats auto'),$);
#5934=IFCPROPERTYSET('2mbrwtwkJoS0qe7DC_lD2H',#18,'MiniGIM_ILS','',(#5930,#5931,#5932,#5933));
#5935=IFCRELDEFINESBYPROPERTIES('0dW39SQTU2PPj3sEm6PTwJ',#18,$,$,(#5927),#5928);
#5936=IFCRELDEFINESBYPROPERTIES('0mHhDXXAOzF1NB5_mQ4IY$',#18,$,$,(#5927),#5929);
#5937=IFCRELDEFINESBYPROPERTIES('2GCpD97eIlK0Sigtqf85jY',#18,$,$,(#5927),#5934);
#5938=IFCQUANTITYLENGTH('Height','',$,5.65,$);
#5939=IFCQUANTITYAREA('GrossFloorArea','',$,7.90999999999974,$);
#5940=IFCQUANTITYAREA('GrossCeilingArea','',$,10.6470673134263,$);
#5941=IFCQUANTITYVOLUME('GrossVolume','',$,0.0395499999999987,$);
#5942=IFCQUANTITYVOLUME('NetVolume','',$,0.0395499999999988,$);
#5943=IFCELEMENTQUANTITY('08uJWXmzrx_PYGtUiX9BTi',#18,'Qto_SpaceBaseQuantities',$,$,(#5938,#5939,#5940,#5941,#5942));
#5944=IFCRELDEFINESBYPROPERTIES('3vygK1EnScHuprw9kU4HiR',#18,$,$,(#5927),#5943);
#5945=IFCMAPPEDITEM(#5792,#191);
#5946=IFCSHAPEREPRESENTATION(#24,'Body','MappedRepresentation',(#5945));
#5947=IFCPRODUCTDEFINITIONSHAPE($,$,(#5946));
#5948=IFCCARTESIANPOINT((26.3787764122202,193.213578508141,0.));
#5949=IFCDIRECTION((0.0171459817179375,-0.999852996850501,0.));
#5950=IFCAXIS2PLACEMENT3D(#5948,#9,#5949);
#5951=IFCLOCALPLACEMENT(#41,#5950);
#5952=IFCSPACE('2Kc2tWTDTBUhLLGUo6432t',#18,'{$this("Description")}',$,'Parkeerplaats',#5951,#5947,$,$,.PARKING.,$);
#5953=IFCPROPERTYSET('2ic57gYhi7SqoIXi9$rsmu',#18,'Pset_SpaceCommon',$,(#238,#5802));
#5954=IFCPROPERTYSET('1qoE24dv4Q7Rgdf86FQwav',#18,'Pset_SpaceHeaterTypeCommon',$,(#5802));
#5955=IFCPROPERTYSINGLEVALUE('Afnemer',$,IFCTEXT('Gemeenschappelijk'),$);
#5956=IFCPROPERTYSINGLEVALUE('Bepalingsmethode',$,IFCTEXT('NVO'),$);
#5957=IFCPROPERTYSINGLEVALUE('BuitenruimteSoort',$,IFCTEXT('Subruimte'),$);
#5958=IFCPROPERTYSINGLEVALUE('BuitenruimteType',$,IFCTEXT('Parkeerplaats auto'),$);
#5959=IFCPROPERTYSET('1xltGaaabT8__r1cVcIuTk',#18,'MiniGIM_ILS','',(#5955,#5956,#5957,#5958));
#5960=IFCRELDEFINESBYPROPERTIES('3hKXUFmSZv8SBYOWEfzQrN',#18,$,$,(#5952),#5953);
#5961=IFCRELDEFINESBYPROPERTIES('0PeCCTNQRF159X2ECmG$1P',#18,$,$,(#5952),#5954);
#5962=IFCRELDEFINESBYPROPERTIES('0ks6fZbD9AmlD3cAKpmXSq',#18,$,$,(#5952),#5959);
#5963=IFCQUANTITYLENGTH('Height','',$,5.65,$);
#5964=IFCQUANTITYAREA('GrossFloorArea','',$,7.90999999999974,$);
#5965=IFCQUANTITYAREA('GrossCeilingArea','',$,10.6470673134263,$);
#5966=IFCQUANTITYVOLUME('GrossVolume','',$,0.0395499999999987,$);
#5967=IFCQUANTITYVOLUME('NetVolume','',$,0.0395499999999988,$);
#5968=IFCELEMENTQUANTITY('36zsgVz9dZg_Ti4kogMGmk',#18,'Qto_SpaceBaseQuantities',$,$,(#5963,#5964,#5965,#5966,#5967));
#5969=IFCRELDEFINESBYPROPERTIES('0qHPvg4Ex2WZILrVBGLxMa',#18,$,$,(#5952),#5968);
#5970=IFCMAPPEDITEM(#5792,#191);
#5971=IFCSHAPEREPRESENTATION(#24,'Body','MappedRepresentation',(#5970));
#5972=IFCPRODUCTDEFINITIONSHAPE($,$,(#5971));
#5973=IFCCARTESIANPOINT((160.399334548138,41.2273226090986,0.));
#5974=IFCDIRECTION((0.157979556997812,-0.987442382911922,0.));
#5975=IFCAXIS2PLACEMENT3D(#5973,#9,#5974);
#5976=IFCLOCALPLACEMENT(#41,#5975);
#5977=IFCSPACE('2Kc2tWTDTBUhLLGUo64325',#18,'{$this("Description")}',$,'Parkeerplaats',#5976,#5972,$,$,.PARKING.,$);
#5978=IFCPROPERTYSET('3Ce1xVYc6cjvcCF8QlI9As',#18,'Pset_SpaceCommon',$,(#238,#5802));
#5979=IFCPROPERTYSET('0Jom6M6JwiGoM3eqsrZbyk',#18,'Pset_SpaceHeaterTypeCommon',$,(#5802));
#5980=IFCPROPERTYSINGLEVALUE('Afnemer',$,IFCTEXT('Gemeenschappelijk'),$);
#5981=IFCPROPERTYSINGLEVALUE('Bepalingsmethode',$,IFCTEXT('NVO'),$);
#5982=IFCPROPERTYSINGLEVALUE('BuitenruimteSoort',$,IFCTEXT('Subruimte'),$);
#5983=IFCPROPERTYSINGLEVALUE('BuitenruimteType',$,IFCTEXT('Parkeerplaats auto'),$);
#5984=IFCPROPERTYSET('0XazhflSt7DNYu0jsCo6ht',#18,'MiniGIM_ILS','',(#5980,#5981,#5982,#5983));
#5985=IFCRELDEFINESBYPROPERTIES('1$y46CWJadLk_RV7P4UDO3',#18,$,$,(#5977),#5978);
#5986=IFCRELDEFINESBYPROPERTIES('3jsP3RVEc0XF4P$nP3u3n5',#18,$,$,(#5977),#5979);
#5987=IFCRELDEFINESBYPROPERTIES('2So$UTetPBvXJNUQMq9NJz',#18,$,$,(#5977),#5984);
#5988=IFCQUANTITYLENGTH('Height','',$,5.65,$);
#5989=IFCQUANTITYAREA('GrossFloorArea','',$,7.90999999999974,$);
#5990=IFCQUANTITYAREA('GrossCeilingArea','',$,10.6470673134263,$);
#5991=IFCQUANTITYVOLUME('GrossVolume','',$,0.0395499999999987,$);
#5992=IFCQUANTITYVOLUME('NetVolume','',$,0.0395499999999987,$);
#5993=IFCELEMENTQUANTITY('0qb2tSo9jGZxIh4jKRTboR',#18,'Qto_SpaceBaseQuantities',$,$,(#5988,#5989,#5990,#5991,#5992));
#5994=IFCRELDEFINESBYPROPERTIES('2MlN6V0KoNPDI1ADPFYHlO',#18,$,$,(#5977),#5993);
#5995=IFCMAPPEDITEM(#5792,#191);
#5996=IFCSHAPEREPRESENTATION(#24,'Body','MappedRepresentation',(#5995));
#5997=IFCPRODUCTDEFINITIONSHAPE($,$,(#5996));
#5998=IFCCARTESIANPOINT((154.227819654939,40.2399503778623,0.));
#5999=IFCDIRECTION((0.157979556997812,-0.987442382911922,0.));
#6000=IFCAXIS2PLACEMENT3D(#5998,#9,#5999);
#6001=IFCLOCALPLACEMENT(#41,#6000);
#6002=IFCSPACE('2Kc2tWTDTBUhLLGUo6435k',#18,'{$this("Description")}',$,'Parkeerplaats',#6001,#5997,$,$,.PARKING.,$);
#6003=IFCPROPERTYSET('2me__RvK$aAs1kNe0v1ud0',#18,'Pset_SpaceCommon',$,(#238,#5802));
#6004=IFCPROPERTYSET('32yS0S5fsZgUFEEJ_qGsQV',#18,'Pset_SpaceHeaterTypeCommon',$,(#5802));
#6005=IFCPROPERTYSINGLEVALUE('Afnemer',$,IFCTEXT('Gemeenschappelijk'),$);
#6006=IFCPROPERTYSINGLEVALUE('Bepalingsmethode',$,IFCTEXT('NVO'),$);
#6007=IFCPROPERTYSINGLEVALUE('BuitenruimteSoort',$,IFCTEXT('Subruimte'),$);
#6008=IFCPROPERTYSINGLEVALUE('BuitenruimteType',$,IFCTEXT('Parkeerplaats auto'),$);
#6009=IFCPROPERTYSET('2SlDAZS7t3pYmNRYebegP5',#18,'MiniGIM_ILS','',(#6005,#6006,#6007,#6008));
#6010=IFCRELDEFINESBYPROPERTIES('0T_LTdH_bMifQFE4yxdag5',#18,$,$,(#6002),#6003);
#6011=IFCRELDEFINESBYPROPERTIES('1xYwG_UxBkGIOLCbWhG5Q5',#18,$,$,(#6002),#6004);
#6012=IFCRELDEFINESBYPROPERTIES('0LPkfMoXWJdEpcW1ynxGVR',#18,$,$,(#6002),#6009);
#6013=IFCQUANTITYLENGTH('Height','',$,5.65,$);
#6014=IFCQUANTITYAREA('GrossFloorArea','',$,7.90999999999974,$);
#6015=IFCQUANTITYAREA('GrossCeilingArea','',$,10.6470673134263,$);
#6016=IFCQUANTITYVOLUME('GrossVolume','',$,0.0395499999999987,$);
#6017=IFCQUANTITYVOLUME('NetVolume','',$,0.0395499999999987,$);
#6018=IFCELEMENTQUANTITY('0niweQ70g3JmvanIfE6G_r',#18,'Qto_SpaceBaseQuantities',$,$,(#6013,#6014,#6015,#6016,#6017));
#6019=IFCRELDEFINESBYPROPERTIES('0BBNdFIvCaXwAwpcMeyP5E',#18,$,$,(#6002),#6018);
#6020=IFCMAPPEDITEM(#5792,#191);
#6021=IFCSHAPEREPRESENTATION(#24,'Body','MappedRepresentation',(#6020));
#6022=IFCPRODUCTDEFINITIONSHAPE($,$,(#6021));
#6023=IFCCARTESIANPOINT((148.056304761739,39.2525781466259,0.));
#6024=IFCDIRECTION((0.157979556997812,-0.987442382911922,0.));
#6025=IFCAXIS2PLACEMENT3D(#6023,#9,#6024);
#6026=IFCLOCALPLACEMENT(#41,#6025);
#6027=IFCSPACE('2Kc2tWTDTBUhLLGUo6435c',#18,'{$this("Description")}',$,'Parkeerplaats',#6026,#6022,$,$,.PARKING.,$);
#6028=IFCPROPERTYSET('3S3o_b01cNS3I_djAp1SiG',#18,'Pset_SpaceCommon',$,(#238,#5802));
#6029=IFCPROPERTYSET('0SctaNlKoDIKwz0aHehI0i',#18,'Pset_SpaceHeaterTypeCommon',$,(#5802));
#6030=IFCPROPERTYSINGLEVALUE('Afnemer',$,IFCTEXT('Gemeenschappelijk'),$);
#6031=IFCPROPERTYSINGLEVALUE('Bepalingsmethode',$,IFCTEXT('NVO'),$);
#6032=IFCPROPERTYSINGLEVALUE('BuitenruimteSoort',$,IFCTEXT('Subruimte'),$);
#6033=IFCPROPERTYSINGLEVALUE('BuitenruimteType',$,IFCTEXT('Parkeerplaats auto'),$);
#6034=IFCPROPERTYSET('3p0a_yoTwIX1gcqAhJFUKI',#18,'MiniGIM_ILS','',(#6030,#6031,#6032,#6033));
#6035=IFCRELDEFINESBYPROPERTIES('0rrJ6KsjabtptsNdpX3VoL',#18,$,$,(#6027),#6028);
#6036=IFCRELDEFINESBYPROPERTIES('0U90DCKOrhLhJm_Xb5JWSS',#18,$,$,(#6027),#6029);
#6037=IFCRELDEFINESBYPROPERTIES('2g$lOB2QvkQQH$1BpdySrg',#18,$,$,(#6027),#6034);
#6038=IFCQUANTITYLENGTH('Height','',$,5.65,$);
#6039=IFCQUANTITYAREA('GrossFloorArea','',$,7.90999999999974,$);
#6040=IFCQUANTITYAREA('GrossCeilingArea','',$,10.6470673134263,$);
#6041=IFCQUANTITYVOLUME('GrossVolume','',$,0.0395499999999987,$);
#6042=IFCQUANTITYVOLUME('NetVolume','',$,0.0395499999999987,$);
#6043=IFCELEMENTQUANTITY('3wyy3nkMAdgY13Dyhtc2lw',#18,'Qto_SpaceBaseQuantities',$,$,(#6038,#6039,#6040,#6041,#6042));
#6044=IFCRELDEFINESBYPROPERTIES('2$xvuCQQPp6M9QUGmLUyYR',#18,$,$,(#6027),#6043);
#6045=IFCMAPPEDITEM(#5792,#191);
#6046=IFCSHAPEREPRESENTATION(#24,'Body','MappedRepresentation',(#6045));
#6047=IFCPRODUCTDEFINITIONSHAPE($,$,(#6046));
#6048=IFCCARTESIANPOINT((124.856699209477,35.5465282364273,0.));
#6049=IFCDIRECTION((0.157979556997812,-0.987442382911922,0.));
#6050=IFCAXIS2PLACEMENT3D(#6048,#9,#6049);
#6051=IFCLOCALPLACEMENT(#41,#6050);
#6052=IFCSPACE('2Kc2tWTDTBUhLLGUo6435_',#18,'{$this("Description")}',$,'Parkeerplaats',#6051,#6047,$,$,.PARKING.,$);
#6053=IFCPROPERTYSET('270jjX_QOdVKf1FXBqPeN_',#18,'Pset_SpaceCommon',$,(#238,#5802));
#6054=IFCPROPERTYSET('1HQOrcpCOCw_0fV7KaerOV',#18,'Pset_SpaceHeaterTypeCommon',$,(#5802));
#6055=IFCPROPERTYSINGLEVALUE('Afnemer',$,IFCTEXT('Gemeenschappelijk'),$);
#6056=IFCPROPERTYSINGLEVALUE('Bepalingsmethode',$,IFCTEXT('NVO'),$);
#6057=IFCPROPERTYSINGLEVALUE('BuitenruimteSoort',$,IFCTEXT('Subruimte'),$);
#6058=IFCPROPERTYSINGLEVALUE('BuitenruimteType',$,IFCTEXT('Parkeerplaats auto'),$);
#6059=IFCPROPERTYSET('0XadufWZQvBDsYDOjsRHXc',#18,'MiniGIM_ILS','',(#6055,#6056,#6057,#6058));
#6060=IFCRELDEFINESBYPROPERTIES('3dtFBzHzeA1cN9ogA8DIFS',#18,$,$,(#6052),#6053);
#6061=IFCRELDEFINESBYPROPERTIES('1StRzJgTpYZgOzaH$CHrap',#18,$,$,(#6052),#6054);
#6062=IFCRELDEFINESBYPROPERTIES('01ZpHXc54$khO8OcaILFJk',#18,$,$,(#6052),#6059);
#6063=IFCQUANTITYLENGTH('Height','',$,5.65,$);
#6064=IFCQUANTITYAREA('GrossFloorArea','',$,7.90999999999974,$);
#6065=IFCQUANTITYAREA('GrossCeilingArea','',$,10.6470673134263,$);
#6066=IFCQUANTITYVOLUME('GrossVolume','',$,0.0395499999999987,$);
#6067=IFCQUANTITYVOLUME('NetVolume','',$,0.0395499999999988,$);
#6068=IFCELEMENTQUANTITY('08WVvBgmVgTgh0qvDXdmXV',#18,'Qto_SpaceBaseQuantities',$,$,(#6063,#6064,#6065,#6066,#6067));
#6069=IFCRELDEFINESBYPROPERTIES('1wK4T2rNVJMnurBg9e204x',#18,$,$,(#6052),#6068);
#6070=IFCMAPPEDITEM(#5792,#191);
#6071=IFCSHAPEREPRESENTATION(#24,'Body','MappedRepresentation',(#6070));
#6072=IFCPRODUCTDEFINITIONSHAPE($,$,(#6071));
#6073=IFCCARTESIANPOINT((118.685184316277,34.5591560051909,0.));
#6074=IFCDIRECTION((0.157979556997812,-0.987442382911922,0.));
#6075=IFCAXIS2PLACEMENT3D(#6073,#9,#6074);
#6076=IFCLOCALPLACEMENT(#41,#6075);
#6077=IFCSPACE('2Kc2tWTDTBUhLLGUo6435s',#18,'{$this("Description")}',$,'Parkeerplaats',#6076,#6072,$,$,.PARKING.,$);
#6078=IFCPROPERTYSET('2pNk6TnMV3L$j8Vm9BPBQH',#18,'Pset_SpaceCommon',$,(#238,#5802));
#6079=IFCPROPERTYSET('0IdwPXYSWS6l$cDT8A1hqS',#18,'Pset_SpaceHeaterTypeCommon',$,(#5802));
#6080=IFCPROPERTYSINGLEVALUE('Afnemer',$,IFCTEXT('Gemeenschappelijk'),$);
#6081=IFCPROPERTYSINGLEVALUE('Bepalingsmethode',$,IFCTEXT('NVO'),$);
#6082=IFCPROPERTYSINGLEVALUE('BuitenruimteSoort',$,IFCTEXT('Subruimte'),$);
#6083=IFCPROPERTYSINGLEVALUE('BuitenruimteType',$,IFCTEXT('Parkeerplaats auto'),$);
#6084=IFCPROPERTYSET('0kaWhglycu946a9oBkthLw',#18,'MiniGIM_ILS','',(#6080,#6081,#6082,#6083));
#6085=IFCRELDEFINESBYPROPERTIES('1TmW$$6iT1w0sslgcfMv0S',#18,$,$,(#6077),#6078);
#6086=IFCRELDEFINESBYPROPERTIES('2_Tl92m7zZ_ARo_3_mFviH',#18,$,$,(#6077),#6079);
#6087=IFCRELDEFINESBYPROPERTIES('0xN8W8M14X1HTycJFENIrl',#18,$,$,(#6077),#6084);
#6088=IFCQUANTITYLENGTH('Height','',$,5.65,$);
#6089=IFCQUANTITYAREA('GrossFloorArea','',$,7.90999999999974,$);
#6090=IFCQUANTITYAREA('GrossCeilingArea','',$,10.6470673134263,$);
#6091=IFCQUANTITYVOLUME('GrossVolume','',$,0.0395499999999987,$);
#6092=IFCQUANTITYVOLUME('NetVolume','',$,0.0395499999999988,$);
#6093=IFCELEMENTQUANTITY('1T_W3kEq4TVtrHEYrMystB',#18,'Qto_SpaceBaseQuantities',$,$,(#6088,#6089,#6090,#6091,#6092));
#6094=IFCRELDEFINESBYPROPERTIES('2LEdwsHLoylV8khp1uyBoX',#18,$,$,(#6077),#6093);
#6095=IFCMAPPEDITEM(#5792,#191);
#6096=IFCSHAPEREPRESENTATION(#24,'Body','MappedRepresentation',(#6095));
#6097=IFCPRODUCTDEFINITIONSHAPE($,$,(#6096));
#6098=IFCCARTESIANPOINT((112.513669423078,33.5717837739546,0.));
#6099=IFCDIRECTION((0.157979556997812,-0.987442382911922,0.));
#6100=IFCAXIS2PLACEMENT3D(#6098,#9,#6099);
#6101=IFCLOCALPLACEMENT(#41,#6100);
#6102=IFCSPACE('2Kc2tWTDTBUhLLGUo6435E',#18,'{$this("Description")}',$,'Parkeerplaats',#6101,#6097,$,$,.PARKING.,$);
#6103=IFCPROPERTYSET('0JGaInFrMzD1Hu2J6qmdWM',#18,'Pset_SpaceCommon',$,(#238,#5802));
#6104=IFCPROPERTYSET('1Bbyu8nAirGDg3fDzlmOHm',#18,'Pset_SpaceHeaterTypeCommon',$,(#5802));
#6105=IFCPROPERTYSINGLEVALUE('Afnemer',$,IFCTEXT('Gemeenschappelijk'),$);
#6106=IFCPROPERTYSINGLEVALUE('Bepalingsmethode',$,IFCTEXT('NVO'),$);
#6107=IFCPROPERTYSINGLEVALUE('BuitenruimteSoort',$,IFCTEXT('Subruimte'),$);
#6108=IFCPROPERTYSINGLEVALUE('BuitenruimteType',$,IFCTEXT('Parkeerplaats auto'),$);
#6109=IFCPROPERTYSET('1jVfQFJib2m9h5jBjmxIEK',#18,'MiniGIM_ILS','',(#6105,#6106,#6107,#6108));
#6110=IFCRELDEFINESBYPROPERTIES('1n2XcjPeRNUE4CNbCoDqZu',#18,$,$,(#6102),#6103);
#6111=IFCRELDEFINESBYPROPERTIES('1eANuYDYsnjkDVHvK0pEim',#18,$,$,(#6102),#6104);
#6112=IFCRELDEFINESBYPROPERTIES('15IoGfJxhoIh4NFX0aO8yA',#18,$,$,(#6102),#6109);
#6113=IFCQUANTITYLENGTH('Height','',$,5.65,$);
#6114=IFCQUANTITYAREA('GrossFloorArea','',$,7.90999999999974,$);
#6115=IFCQUANTITYAREA('GrossCeilingArea','',$,10.6470673134263,$);
#6116=IFCQUANTITYVOLUME('GrossVolume','',$,0.0395499999999987,$);
#6117=IFCQUANTITYVOLUME('NetVolume','',$,0.0395499999999988,$);
#6118=IFCELEMENTQUANTITY('2vQAMAQ355nmq5quLLh0fe',#18,'Qto_SpaceBaseQuantities',$,$,(#6113,#6114,#6115,#6116,#6117));
#6119=IFCRELDEFINESBYPROPERTIES('2z11aR_UlB1Lj8lttID2yD',#18,$,$,(#6102),#6118);
#6120=IFCMAPPEDITEM(#5792,#191);
#6121=IFCSHAPEREPRESENTATION(#24,'Body','MappedRepresentation',(#6120));
#6122=IFCPRODUCTDEFINITIONSHAPE($,$,(#6121));
#6123=IFCCARTESIANPOINT((106.342154529878,32.5844115427183,0.));
#6124=IFCDIRECTION((0.157979556997812,-0.987442382911922,0.));
#6125=IFCAXIS2PLACEMENT3D(#6123,#9,#6124);
#6126=IFCLOCALPLACEMENT(#41,#6125);
#6127=IFCSPACE('2Kc2tWTDTBUhLLGUo64356',#18,'{$this("Description")}',$,'Parkeerplaats',#6126,#6122,$,$,.PARKING.,$);
#6128=IFCPROPERTYSET('1s7aDsrXihRNctMmf7BqHC',#18,'Pset_SpaceCommon',$,(#238,#5802));
#6129=IFCPROPERTYSET('1NMPtOxFYTarVRFXtFKlh1',#18,'Pset_SpaceHeaterTypeCommon',$,(#5802));
#6130=IFCPROPERTYSINGLEVALUE('Afnemer',$,IFCTEXT('Gemeenschappelijk'),$);
#6131=IFCPROPERTYSINGLEVALUE('Bepalingsmethode',$,IFCTEXT('NVO'),$);
#6132=IFCPROPERTYSINGLEVALUE('BuitenruimteSoort',$,IFCTEXT('Subruimte'),$);
#6133=IFCPROPERTYSINGLEVALUE('BuitenruimteType',$,IFCTEXT('Parkeerplaats auto'),$);
#6134=IFCPROPERTYSET('0X_GFqio82mtrHUrZKnVhi',#18,'MiniGIM_ILS','',(#6130,#6131,#6132,#6133));
#6135=IFCRELDEFINESBYPROPERTIES('2aGM7SoekiTvcY9o$7Gtmf',#18,$,$,(#6127),#6128);
#6136=IFCRELDEFINESBYPROPERTIES('0MP0ZaZN95GJCiLpgm4aC7',#18,$,$,(#6127),#6129);
#6137=IFCRELDEFINESBYPROPERTIES('1YhP6Ib16iQSLz4MXUSujc',#18,$,$,(#6127),#6134);
#6138=IFCQUANTITYLENGTH('Height','',$,5.65,$);
#6139=IFCQUANTITYAREA('GrossFloorArea','',$,7.90999999999974,$);
#6140=IFCQUANTITYAREA('GrossCeilingArea','',$,10.6470673134263,$);
#6141=IFCQUANTITYVOLUME('GrossVolume','',$,0.0395499999999987,$);
#6142=IFCQUANTITYVOLUME('NetVolume','',$,0.0395499999999988,$);
#6143=IFCELEMENTQUANTITY('2I2siFRERMimhTNKE4BQ_8',#18,'Qto_SpaceBaseQuantities',$,$,(#6138,#6139,#6140,#6141,#6142));
#6144=IFCRELDEFINESBYPROPERTIES('3Pe7ymScN2$FbwNPrMudNb',#18,$,$,(#6127),#6143);
#6145=IFCMAPPEDITEM(#5792,#191);
#6146=IFCSHAPEREPRESENTATION(#24,'Body','MappedRepresentation',(#6145));
#6147=IFCPRODUCTDEFINITIONSHAPE($,$,(#6146));
#6148=IFCCARTESIANPOINT((100.170639636679,31.5970393114819,0.));
#6149=IFCDIRECTION((0.157979556997812,-0.987442382911922,0.));
#6150=IFCAXIS2PLACEMENT3D(#6148,#9,#6149);
#6151=IFCLOCALPLACEMENT(#41,#6150);
#6152=IFCSPACE('2Kc2tWTDTBUhLLGUo6435G',#18,'{$this("Description")}',$,'Parkeerplaats',#6151,#6147,$,$,.PARKING.,$);
#6153=IFCPROPERTYSET('1nfQhx64PxeARCtjTw22sM',#18,'Pset_SpaceCommon',$,(#238,#5802));
#6154=IFCPROPERTYSET('03$yTfHMSNb7C5u43KL06U',#18,'Pset_SpaceHeaterTypeCommon',$,(#5802));
#6155=IFCPROPERTYSINGLEVALUE('Afnemer',$,IFCTEXT('Gemeenschappelijk'),$);
#6156=IFCPROPERTYSINGLEVALUE('Bepalingsmethode',$,IFCTEXT('NVO'),$);
#6157=IFCPROPERTYSINGLEVALUE('BuitenruimteSoort',$,IFCTEXT('Subruimte'),$);
#6158=IFCPROPERTYSINGLEVALUE('BuitenruimteType',$,IFCTEXT('Parkeerplaats auto'),$);
#6159=IFCPROPERTYSET('1cC0t3PZR7AxkZij6ZYWnu',#18,'MiniGIM_ILS','',(#6155,#6156,#6157,#6158));
#6160=IFCRELDEFINESBYPROPERTIES('1180_A0VAF9KZq8PzttaMO',#18,$,$,(#6152),#6153);
#6161=IFCRELDEFINESBYPROPERTIES('0VH3sbct8EFUADG4aiJ9zb',#18,$,$,(#6152),#6154);
#6162=IFCRELDEFINESBYPROPERTIES('3ALyZ4eAginAon4RGYBAOW',#18,$,$,(#6152),#6159);
#6163=IFCQUANTITYLENGTH('Height','',$,5.65,$);
#6164=IFCQUANTITYAREA('GrossFloorArea','',$,7.90999999999974,$);
#6165=IFCQUANTITYAREA('GrossCeilingArea','',$,10.6470673134263,$);
#6166=IFCQUANTITYVOLUME('GrossVolume','',$,0.0395499999999987,$);
#6167=IFCQUANTITYVOLUME('NetVolume','',$,0.0395499999999988,$);
#6168=IFCELEMENTQUANTITY('0xLT$Wai73fvq2kaOuLjn4',#18,'Qto_SpaceBaseQuantities',$,$,(#6163,#6164,#6165,#6166,#6167));
#6169=IFCRELDEFINESBYPROPERTIES('1vFKzVjDR58WbsRmDL5QS9',#18,$,$,(#6152),#6168);
#6170=IFCMAPPEDITEM(#5792,#191);
#6171=IFCSHAPEREPRESENTATION(#24,'Body','MappedRepresentation',(#6170));
#6172=IFCPRODUCTDEFINITIONSHAPE($,$,(#6171));
#6173=IFCCARTESIANPOINT((93.9991247434793,30.6096670802456,0.));
#6174=IFCDIRECTION((0.157979556997812,-0.987442382911922,0.));
#6175=IFCAXIS2PLACEMENT3D(#6173,#9,#6174);
#6176=IFCLOCALPLACEMENT(#41,#6175);
#6177=IFCSPACE('2Kc2tWTDTBUhLLGUo6434e',#18,'{$this("Description")}',$,'Parkeerplaats',#6176,#6172,$,$,.PARKING.,$);
#6178=IFCPROPERTYSET('3cdgjvFBiIGEqFUJu0YmgJ',#18,'Pset_SpaceCommon',$,(#238,#5802));
#6179=IFCPROPERTYSET('0wFe4PW9BS1ngcCrCqdj6f',#18,'Pset_SpaceHeaterTypeCommon',$,(#5802));
#6180=IFCPROPERTYSINGLEVALUE('Afnemer',$,IFCTEXT('Gemeenschappelijk'),$);
#6181=IFCPROPERTYSINGLEVALUE('Bepalingsmethode',$,IFCTEXT('NVO'),$);
#6182=IFCPROPERTYSINGLEVALUE('BuitenruimteSoort',$,IFCTEXT('Subruimte'),$);
#6183=IFCPROPERTYSINGLEVALUE('BuitenruimteType',$,IFCTEXT('Parkeerplaats auto'),$);
#6184=IFCPROPERTYSET('3NMsuX9_P0KLfcEpBzOeaK',#18,'MiniGIM_ILS','',(#6180,#6181,#6182,#6183));
#6185=IFCRELDEFINESBYPROPERTIES('3FvWYBxGAAmjO_veveuXkN',#18,$,$,(#6177),#6178);
#6186=IFCRELDEFINESBYPROPERTIES('338lMQvrdq8xRwN9pqbBVm',#18,$,$,(#6177),#6179);
#6187=IFCRELDEFINESBYPROPERTIES('0_ocjqAJR_s$b_DO76Hknc',#18,$,$,(#6177),#6184);
#6188=IFCQUANTITYLENGTH('Height','',$,5.65,$);
#6189=IFCQUANTITYAREA('GrossFloorArea','',$,7.90999999999974,$);
#6190=IFCQUANTITYAREA('GrossCeilingArea','',$,10.6470673134263,$);
#6191=IFCQUANTITYVOLUME('GrossVolume','',$,0.0395499999999987,$);
#6192=IFCQUANTITYVOLUME('NetVolume','',$,0.0395499999999988,$);
#6193=IFCELEMENTQUANTITY('2eo6NMrm6ZY1sd3WeA3xoO',#18,'Qto_SpaceBaseQuantities',$,$,(#6188,#6189,#6190,#6191,#6192));
#6194=IFCRELDEFINESBYPROPERTIES('0rijMU7PoTzwKzM4kUKjb8',#18,$,$,(#6177),#6193);
#6195=IFCMAPPEDITEM(#5792,#191);
#6196=IFCSHAPEREPRESENTATION(#24,'Body','MappedRepresentation',(#6195));
#6197=IFCPRODUCTDEFINITIONSHAPE($,$,(#6196));
#6198=IFCCARTESIANPOINT((68.9533421631718,26.539687734536,0.));
#6199=IFCDIRECTION((0.157979556997812,-0.987442382911922,0.));
#6200=IFCAXIS2PLACEMENT3D(#6198,#9,#6199);
#6201=IFCLOCALPLACEMENT(#41,#6200);
#6202=IFCSPACE('2Kc2tWTDTBUhLLGUo6434W',#18,'{$this("Description")}',$,'Parkeerplaats',#6201,#6197,$,$,.PARKING.,$);
#6203=IFCPROPERTYSET('1mYkvLv8EhPCnKxvx9pt7v',#18,'Pset_SpaceCommon',$,(#238,#5802));
#6204=IFCPROPERTYSET('0_cHNXYqO6womOCAbRuG1q',#18,'Pset_SpaceHeaterTypeCommon',$,(#5802));
#6205=IFCPROPERTYSINGLEVALUE('Afnemer',$,IFCTEXT('Gemeenschappelijk'),$);
#6206=IFCPROPERTYSINGLEVALUE('Bepalingsmethode',$,IFCTEXT('NVO'),$);
#6207=IFCPROPERTYSINGLEVALUE('BuitenruimteSoort',$,IFCTEXT('Subruimte'),$);
#6208=IFCPROPERTYSINGLEVALUE('BuitenruimteType',$,IFCTEXT('Parkeerplaats auto'),$);
#6209=IFCPROPERTYSET('3AH$XvVT9Qa0bI7MjJE561',#18,'MiniGIM_ILS','',(#6205,#6206,#6207,#6208));
#6210=IFCRELDEFINESBYPROPERTIES('1vWaStVuFgn4caVm56aPk1',#18,$,$,(#6202),#6203);
#6211=IFCRELDEFINESBYPROPERTIES('1V21wEhAblWPpVMD7Ct$_9',#18,$,$,(#6202),#6204);
#6212=IFCRELDEFINESBYPROPERTIES('1cDK3jLdY6cEUfHm5GCy20',#18,$,$,(#6202),#6209);
#6213=IFCQUANTITYLENGTH('Height','',$,5.65,$);
#6214=IFCQUANTITYAREA('GrossFloorArea','',$,7.90999999999974,$);
#6215=IFCQUANTITYAREA('GrossCeilingArea','',$,10.6470673134263,$);
#6216=IFCQUANTITYVOLUME('GrossVolume','',$,0.0395499999999987,$);
#6217=IFCQUANTITYVOLUME('NetVolume','',$,0.0395499999999987,$);
#6218=IFCELEMENTQUANTITY('0JdpPTEczLCBns2LyybiFU',#18,'Qto_SpaceBaseQuantities',$,$,(#6213,#6214,#6215,#6216,#6217));
#6219=IFCRELDEFINESBYPROPERTIES('3RSSnfOBbQX12HSInIHc1t',#18,$,$,(#6202),#6218);
#6220=IFCMAPPEDITEM(#5792,#191);
#6221=IFCSHAPEREPRESENTATION(#24,'Body','MappedRepresentation',(#6220));
#6222=IFCPRODUCTDEFINITIONSHAPE($,$,(#6221));
#6223=IFCCARTESIANPOINT((62.7818272699722,25.5523155032997,0.));
#6224=IFCDIRECTION((0.157979556997812,-0.987442382911922,0.));
#6225=IFCAXIS2PLACEMENT3D(#6223,#9,#6224);
#6226=IFCLOCALPLACEMENT(#41,#6225);
#6227=IFCSPACE('2Kc2tWTDTBUhLLGUo6434w',#18,'{$this("Description")}',$,'Parkeerplaats',#6226,#6222,$,$,.PARKING.,$);
#6228=IFCPROPERTYSET('0V61Gso3W2$zO1hJBy1YWi',#18,'Pset_SpaceCommon',$,(#238,#5802));
#6229=IFCPROPERTYSET('3t2HMUrUSGygxjXWMSVPwL',#18,'Pset_SpaceHeaterTypeCommon',$,(#5802));
#6230=IFCPROPERTYSINGLEVALUE('Afnemer',$,IFCTEXT('Gemeenschappelijk'),$);
#6231=IFCPROPERTYSINGLEVALUE('Bepalingsmethode',$,IFCTEXT('NVO'),$);
#6232=IFCPROPERTYSINGLEVALUE('BuitenruimteSoort',$,IFCTEXT('Subruimte'),$);
#6233=IFCPROPERTYSINGLEVALUE('BuitenruimteType',$,IFCTEXT('Parkeerplaats auto'),$);
#6234=IFCPROPERTYSET('1Cn8DoVNHQ6ZzcgEm3us7P',#18,'MiniGIM_ILS','',(#6230,#6231,#6232,#6233));
#6235=IFCRELDEFINESBYPROPERTIES('3KpB37FZ7HSMYBgBJBDt75',#18,$,$,(#6227),#6228);
#6236=IFCRELDEFINESBYPROPERTIES('2scRpqqsanztBMgvb3Nr73',#18,$,$,(#6227),#6229);
#6237=IFCRELDEFINESBYPROPERTIES('19fISYSEV0sjV6aR12VreB',#18,$,$,(#6227),#6234);
#6238=IFCQUANTITYLENGTH('Height','',$,5.65,$);
#6239=IFCQUANTITYAREA('GrossFloorArea','',$,7.90999999999974,$);
#6240=IFCQUANTITYAREA('GrossCeilingArea','',$,10.6470673134263,$);
#6241=IFCQUANTITYVOLUME('GrossVolume','',$,0.0395499999999987,$);
#6242=IFCQUANTITYVOLUME('NetVolume','',$,0.0395499999999987,$);
#6243=IFCELEMENTQUANTITY('3O$6ffU8MLPi0XCGLMqq63',#18,'Qto_SpaceBaseQuantities',$,$,(#6238,#6239,#6240,#6241,#6242));
#6244=IFCRELDEFINESBYPROPERTIES('0UxkIeycA55TGEOR1NCm0o',#18,$,$,(#6227),#6243);
#6245=IFCMAPPEDITEM(#5792,#191);
#6246=IFCSHAPEREPRESENTATION(#24,'Body','MappedRepresentation',(#6245));
#6247=IFCPRODUCTDEFINITIONSHAPE($,$,(#6246));
#6248=IFCCARTESIANPOINT((56.6103123767727,24.5649432720633,0.));
#6249=IFCDIRECTION((0.157979556997812,-0.987442382911922,0.));
#6250=IFCAXIS2PLACEMENT3D(#6248,#9,#6249);
#6251=IFCLOCALPLACEMENT(#41,#6250);
#6252=IFCSPACE('2Kc2tWTDTBUhLLGUo6434q',#18,'{$this("Description")}',$,'Parkeerplaats',#6251,#6247,$,$,.PARKING.,$);
#6253=IFCPROPERTYSET('37g1AqsgijzOoB8snxrw6E',#18,'Pset_SpaceCommon',$,(#238,#5802));
#6254=IFCPROPERTYSET('3P78ER_RvwCsVgucQ0wgIZ',#18,'Pset_SpaceHeaterTypeCommon',$,(#5802));
#6255=IFCPROPERTYSINGLEVALUE('Afnemer',$,IFCTEXT('Gemeenschappelijk'),$);
#6256=IFCPROPERTYSINGLEVALUE('Bepalingsmethode',$,IFCTEXT('NVO'),$);
#6257=IFCPROPERTYSINGLEVALUE('BuitenruimteSoort',$,IFCTEXT('Subruimte'),$);
#6258=IFCPROPERTYSINGLEVALUE('BuitenruimteType',$,IFCTEXT('Parkeerplaats auto'),$);
#6259=IFCPROPERTYSET('1uO47G6RJOdZYu_MYns_nj',#18,'MiniGIM_ILS','',(#6255,#6256,#6257,#6258));
#6260=IFCRELDEFINESBYPROPERTIES('2bpwVNJrJnv89rUwD9qbT5',#18,$,$,(#6252),#6253);
#6261=IFCRELDEFINESBYPROPERTIES('37oQG3ayqBzJpUXzY7L50R',#18,$,$,(#6252),#6254);
#6262=IFCRELDEFINESBYPROPERTIES('2fx224vWXkea7k9Lh_S$MW',#18,$,$,(#6252),#6259);
#6263=IFCQUANTITYLENGTH('Height','',$,5.65,$);
#6264=IFCQUANTITYAREA('GrossFloorArea','',$,7.90999999999974,$);
#6265=IFCQUANTITYAREA('GrossCeilingArea','',$,10.6470673134263,$);
#6266=IFCQUANTITYVOLUME('GrossVolume','',$,0.0395499999999987,$);
#6267=IFCQUANTITYVOLUME('NetVolume','',$,0.0395499999999987,$);
#6268=IFCELEMENTQUANTITY('0Kp6qN2_aSQwzHpJOgVNeW',#18,'Qto_SpaceBaseQuantities',$,$,(#6263,#6264,#6265,#6266,#6267));
#6269=IFCRELDEFINESBYPROPERTIES('3dwOs8B2YLgnCxG6SkApdD',#18,$,$,(#6252),#6268);
#6270=IFCMAPPEDITEM(#5792,#191);
#6271=IFCSHAPEREPRESENTATION(#24,'Body','MappedRepresentation',(#6270));
#6272=IFCPRODUCTDEFINITIONSHAPE($,$,(#6271));
#6273=IFCCARTESIANPOINT((50.4387974835732,23.577571040827,0.));
#6274=IFCDIRECTION((0.157979556997812,-0.987442382911922,0.));
#6275=IFCAXIS2PLACEMENT3D(#6273,#9,#6274);
#6276=IFCLOCALPLACEMENT(#41,#6275);
#6277=IFCSPACE('2Kc2tWTDTBUhLLGUo6434E',#18,'{$this("Description")}',$,'Parkeerplaats',#6276,#6272,$,$,.PARKING.,$);
#6278=IFCPROPERTYSET('2kTnfIQ9_uT4T6PyKYMRbW',#18,'Pset_SpaceCommon',$,(#238,#5802));
#6279=IFCPROPERTYSET('1kRMfPDKYHyPY7PP0v7O73',#18,'Pset_SpaceHeaterTypeCommon',$,(#5802));
#6280=IFCPROPERTYSINGLEVALUE('Afnemer',$,IFCTEXT('Gemeenschappelijk'),$);
#6281=IFCPROPERTYSINGLEVALUE('Bepalingsmethode',$,IFCTEXT('NVO'),$);
#6282=IFCPROPERTYSINGLEVALUE('BuitenruimteSoort',$,IFCTEXT('Subruimte'),$);
#6283=IFCPROPERTYSINGLEVALUE('BuitenruimteType',$,IFCTEXT('Parkeerplaats auto'),$);
#6284=IFCPROPERTYSET('3Wjm$$AjwMp_OwDAtpj8VD',#18,'MiniGIM_ILS','',(#6280,#6281,#6282,#6283));
#6285=IFCRELDEFINESBYPROPERTIES('0PT_5GUkm0PzsRBRbRC4O$',#18,$,$,(#6277),#6278);
#6286=IFCRELDEFINESBYPROPERTIES('09aHMwaCKDfnOT7MUh670Q',#18,$,$,(#6277),#6279);
#6287=IFCRELDEFINESBYPROPERTIES('0ryufrNE$Y9nfrqspGkkN7',#18,$,$,(#6277),#6284);
#6288=IFCQUANTITYLENGTH('Height','',$,5.65,$);
#6289=IFCQUANTITYAREA('GrossFloorArea','',$,7.90999999999974,$);
#6290=IFCQUANTITYAREA('GrossCeilingArea','',$,10.6470673134263,$);
#6291=IFCQUANTITYVOLUME('GrossVolume','',$,0.0395499999999987,$);
#6292=IFCQUANTITYVOLUME('NetVolume','',$,0.0395499999999987,$);
#6293=IFCELEMENTQUANTITY('26Xdr$gAGaMzksKL2Rh3dB',#18,'Qto_SpaceBaseQuantities',$,$,(#6288,#6289,#6290,#6291,#6292));
#6294=IFCRELDEFINESBYPROPERTIES('0_L$qxUVy23DrozDiatToo',#18,$,$,(#6277),#6293);
#6295=IFCMAPPEDITEM(#5792,#191);
#6296=IFCSHAPEREPRESENTATION(#24,'Body','MappedRepresentation',(#6295));
#6297=IFCPRODUCTDEFINITIONSHAPE($,$,(#6296));
#6298=IFCCARTESIANPOINT((44.2672825903737,22.5901988095906,0.));
#6299=IFCDIRECTION((0.157979556997812,-0.987442382911922,0.));
#6300=IFCAXIS2PLACEMENT3D(#6298,#9,#6299);
#6301=IFCLOCALPLACEMENT(#41,#6300);
#6302=IFCSPACE('2Kc2tWTDTBUhLLGUo64346',#18,'{$this("Description")}',$,'Parkeerplaats',#6301,#6297,$,$,.PARKING.,$);
#6303=IFCPROPERTYSET('2FnAhREwPn9OZlZQ01w04D',#18,'Pset_SpaceCommon',$,(#238,#5802));
#6304=IFCPROPERTYSET('3KVFdzOaBFmWAoWKA70LG3',#18,'Pset_SpaceHeaterTypeCommon',$,(#5802));
#6305=IFCPROPERTYSINGLEVALUE('Afnemer',$,IFCTEXT('Gemeenschappelijk'),$);
#6306=IFCPROPERTYSINGLEVALUE('Bepalingsmethode',$,IFCTEXT('NVO'),$);
#6307=IFCPROPERTYSINGLEVALUE('BuitenruimteSoort',$,IFCTEXT('Subruimte'),$);
#6308=IFCPROPERTYSINGLEVALUE('BuitenruimteType',$,IFCTEXT('Parkeerplaats auto'),$);
#6309=IFCPROPERTYSET('136M27nDclBXNgnRTqk8Q_',#18,'MiniGIM_ILS','',(#6305,#6306,#6307,#6308));
#6310=IFCRELDEFINESBYPROPERTIES('1OaOwp55cp3jxRtlhFL3$J',#18,$,$,(#6302),#6303);
#6311=IFCRELDEFINESBYPROPERTIES('1r6g9q0tkewketQhE8I6ka',#18,$,$,(#6302),#6304);
#6312=IFCRELDEFINESBYPROPERTIES('26M_H0$0mmkhOoxSkoX0r6',#18,$,$,(#6302),#6309);
#6313=IFCQUANTITYLENGTH('Height','',$,5.65,$);
#6314=IFCQUANTITYAREA('GrossFloorArea','',$,7.90999999999974,$);
#6315=IFCQUANTITYAREA('GrossCeilingArea','',$,10.6470673134263,$);
#6316=IFCQUANTITYVOLUME('GrossVolume','',$,0.0395499999999987,$);
#6317=IFCQUANTITYVOLUME('NetVolume','',$,0.0395499999999987,$);
#6318=IFCELEMENTQUANTITY('0QO76x7ajxdQfV7mVzcMRZ',#18,'Qto_SpaceBaseQuantities',$,$,(#6313,#6314,#6315,#6316,#6317));
#6319=IFCRELDEFINESBYPROPERTIES('3Mt67_izut9ncHIbAJufOH',#18,$,$,(#6302),#6318);
#6320=IFCMAPPEDITEM(#5792,#191);
#6321=IFCSHAPEREPRESENTATION(#24,'Body','MappedRepresentation',(#6320));
#6322=IFCPRODUCTDEFINITIONSHAPE($,$,(#6321));
#6323=IFCCARTESIANPOINT((38.0957676971741,21.6028265783543,0.));
#6324=IFCDIRECTION((0.157979556997812,-0.987442382911922,0.));
#6325=IFCAXIS2PLACEMENT3D(#6323,#9,#6324);
#6326=IFCLOCALPLACEMENT(#41,#6325);
#6327=IFCSPACE('2Kc2tWTDTBUhLLGUo6434U',#18,'{$this("Description")}',$,'Parkeerplaats',#6326,#6322,$,$,.PARKING.,$);
#6328=IFCPROPERTYSET('0D38r3Gk01UF4xODPjqYmQ',#18,'Pset_SpaceCommon',$,(#238,#5802));
#6329=IFCPROPERTYSET('1T7jBCqiJvnu7GAyvf9E_2',#18,'Pset_SpaceHeaterTypeCommon',$,(#5802));
#6330=IFCPROPERTYSINGLEVALUE('Afnemer',$,IFCTEXT('Gemeenschappelijk'),$);
#6331=IFCPROPERTYSINGLEVALUE('Bepalingsmethode',$,IFCTEXT('NVO'),$);
#6332=IFCPROPERTYSINGLEVALUE('BuitenruimteSoort',$,IFCTEXT('Subruimte'),$);
#6333=IFCPROPERTYSINGLEVALUE('BuitenruimteType',$,IFCTEXT('Parkeerplaats auto'),$);
#6334=IFCPROPERTYSET('1yHLF$baYdHOzsCrTUgDsy',#18,'MiniGIM_ILS','',(#6330,#6331,#6332,#6333));
#6335=IFCRELDEFINESBYPROPERTIES('2GQNdL_SyJ6vwuh3wuQvbU',#18,$,$,(#6327),#6328);
#6336=IFCRELDEFINESBYPROPERTIES('1N8L_YpYZRnSKGVvN5Py$U',#18,$,$,(#6327),#6329);
#6337=IFCRELDEFINESBYPROPERTIES('1b5q5XKc1qUzA4BISTstav',#18,$,$,(#6327),#6334);
#6338=IFCQUANTITYLENGTH('Height','',$,5.65,$);
#6339=IFCQUANTITYAREA('GrossFloorArea','',$,7.90999999999974,$);
#6340=IFCQUANTITYAREA('GrossCeilingArea','',$,10.6470673134263,$);
#6341=IFCQUANTITYVOLUME('GrossVolume','',$,0.0395499999999987,$);
#6342=IFCQUANTITYVOLUME('NetVolume','',$,0.0395499999999987,$);
#6343=IFCELEMENTQUANTITY('0CbGnSWX8d516OEzrgKNHP',#18,'Qto_SpaceBaseQuantities',$,$,(#6338,#6339,#6340,#6341,#6342));
#6344=IFCRELDEFINESBYPROPERTIES('3bYDJLPhUvR3frKvuPJIyG',#18,$,$,(#6327),#6343);
#6345=IFCMAPPEDITEM(#5792,#191);
#6346=IFCSHAPEREPRESENTATION(#24,'Body','MappedRepresentation',(#6345));
#6347=IFCPRODUCTDEFINITIONSHAPE($,$,(#6346));
#6348=IFCCARTESIANPOINT((31.9242528039746,20.615454347118,0.));
#6349=IFCDIRECTION((0.157979556997812,-0.987442382911922,0.));
#6350=IFCAXIS2PLACEMENT3D(#6348,#9,#6349);
#6351=IFCLOCALPLACEMENT(#41,#6350);
#6352=IFCSPACE('2Kc2tWTDTBUhLLGUo6434M',#18,'{$this("Description")}',$,'Parkeerplaats',#6351,#6347,$,$,.PARKING.,$);
#6353=IFCPROPERTYSET('0lySvtK8GpJaj_V0TRmTev',#18,'Pset_SpaceCommon',$,(#238,#5802));
#6354=IFCPROPERTYSET('0oTE61NyUAKsXcJzms9wHi',#18,'Pset_SpaceHeaterTypeCommon',$,(#5802));
#6355=IFCPROPERTYSINGLEVALUE('Afnemer',$,IFCTEXT('Gemeenschappelijk'),$);
#6356=IFCPROPERTYSINGLEVALUE('Bepalingsmethode',$,IFCTEXT('NVO'),$);
#6357=IFCPROPERTYSINGLEVALUE('BuitenruimteSoort',$,IFCTEXT('Subruimte'),$);
#6358=IFCPROPERTYSINGLEVALUE('BuitenruimteType',$,IFCTEXT('Parkeerplaats auto'),$);
#6359=IFCPROPERTYSET('2R5Xyj4gEdpOIM4EFTAL2l',#18,'MiniGIM_ILS','',(#6355,#6356,#6357,#6358));
#6360=IFCRELDEFINESBYPROPERTIES('1t64Vn_spDqTeVHPqq17bo',#18,$,$,(#6352),#6353);
#6361=IFCRELDEFINESBYPROPERTIES('1DaK59tnPlT1PJZ3BJj5o1',#18,$,$,(#6352),#6354);
#6362=IFCRELDEFINESBYPROPERTIES('3rvkHPhyf6xGhzwENPA0ez',#18,$,$,(#6352),#6359);
#6363=IFCQUANTITYLENGTH('Height','',$,5.65,$);
#6364=IFCQUANTITYAREA('GrossFloorArea','',$,7.90999999999974,$);
#6365=IFCQUANTITYAREA('GrossCeilingArea','',$,10.6470673134263,$);
#6366=IFCQUANTITYVOLUME('GrossVolume','',$,0.0395499999999987,$);
#6367=IFCQUANTITYVOLUME('NetVolume','',$,0.0395499999999987,$);
#6368=IFCELEMENTQUANTITY('15J4B0kqyuwvDiZx9xWyRQ',#18,'Qto_SpaceBaseQuantities',$,$,(#6363,#6364,#6365,#6366,#6367));
#6369=IFCRELDEFINESBYPROPERTIES('07jx4hEfeOuWNDAxRy1TCe',#18,$,$,(#6352),#6368);
#6370=IFCAXIS2PLACEMENT3D(#3,$,$);
#6372=IFCCARTESIANPOINTLIST2D(((-1.64481033194045,-4.50000000000001),(4.35518966805956,-4.50000000000001),(4.35518966805959,4.50000000000002),(-1.64481033194046,4.50000000000002),(-5.42075867223823,-2.27402097152662E-14),(-1.64481033194045,-4.50000000000001)));
#6373=IFCINDEXEDPOLYCURVE(#6372,$,.F.);
#6374=IFCARBITRARYCLOSEDPROFILEDEF(.AREA.,'Rijwoning 5100',#6373);
#6375=IFCCARTESIANPOINT((0.,4.50000000000001,4.35518966805957));
#6376=IFCAXIS2PLACEMENT3D(#6375,#5,#10);
#6377=IFCEXTRUDEDAREASOLID(#6374,#6376,#9,5.1);
#6378=IFCSTYLEDITEM(#6377,(#111),$);
#6379=IFCSHAPEREPRESENTATION(#24,'Body','SweptSolid',(#6377));
#6380=IFCAXIS2PLACEMENT3D(#3,$,$);
#6381=IFCREPRESENTATIONMAP(#6380,#6379);
#6382=IFCSPACETYPE('2rSJL_clb68eBkbxGsLaZr',#18,'Conceptwoning:Rijwoning 5100',$,$,$,(#6381),'1429695',$,.USERDEFINED.,$);
#6383=IFCMAPPEDITEM(#6381,#191);
#6384=IFCSHAPEREPRESENTATION(#24,'Body','MappedRepresentation',(#6383));
#6385=IFCPRODUCTDEFINITIONSHAPE($,$,(#6384));
#6386=IFCCARTESIANPOINT((94.4484482142193,61.2170676300688,0.));
#6387=IFCDIRECTION((0.987455047240361,0.157900378972111,0.));
#6388=IFCAXIS2PLACEMENT3D(#6386,#9,#6387);
#6389=IFCLOCALPLACEMENT(#41,#6388);
#6390=IFCSPACE('2rSJL_clb68eBkbxGsLaYP',#18,'{$this("Description")}',$,'Woning',#6389,#6385,$,$,.USERDEFINED.,$);
#6391=IFCPROPERTYSINGLEVALUE('Reference',$,IFCIDENTIFIER('Rijwoning 5100'),$);
#6392=IFCPROPERTYSET('25VdVZhTyXzDw6PosFA6Hv',#18,'Pset_SpaceCommon',$,(#238,#6391));
#6393=IFCPROPERTYSET('2zxKnmugKD_wBHRFnW_1QR',#18,'Pset_SpaceHeaterTypeCommon',$,(#6391));
#6394=IFCPROPERTYSINGLEVALUE('Afnemer',$,IFCTEXT('Corporatie'),$);
#6395=IFCPROPERTYSINGLEVALUE('Bepalingsmethode',$,IFCTEXT('BI'),$);
#6396=IFCPROPERTYSINGLEVALUE('BouwwerkType',$,IFCTEXT('Woning'),$);
#6397=IFCPROPERTYSINGLEVALUE('EenheidNummer',$,IFCTEXT('05.00.05'),$);
#6398=IFCPROPERTYSINGLEVALUE('Segment',$,IFCTEXT('SSH'),$);
#6399=IFCPROPERTYSINGLEVALUE('WoningType',$,IFCTEXT('A'),$);
#6400=IFCPROPERTYSET('2LPU7JYUrB4i4ToFvqC7V$',#18,'MiniGIM_ILS','',(#6394,#6395,#6396,#6397,#6398,#6399));
#6401=IFCRELDEFINESBYPROPERTIES('3ptrFrdhu3bBhyZ5jy9JNm',#18,$,$,(#6390),#6392);
#6402=IFCRELDEFINESBYPROPERTIES('1NFu1dI$lRD7miNyeUSKSz',#18,$,$,(#6390),#6393);
#6403=IFCRELDEFINESBYPROPERTIES('2Hd5bxhQPHQ5ELjmujaKtW',#18,$,$,(#6390),#6400);
#6404=IFCQUANTITYAREA('GrossFloorArea','',$,70.9917675313405,$);
#6405=IFCQUANTITYAREA('GrossCeilingArea','',$,154.500864821517,$);
#6406=IFCQUANTITYVOLUME('GrossVolume','',$,362.058014409837,$);
#6407=IFCQUANTITYVOLUME('NetVolume','',$,362.058014409837,$);
#6408=IFCELEMENTQUANTITY('2zr5gOh_sef$Hct20_8J_Y',#18,'Qto_SpaceBaseQuantities',$,$,(#6404,#6405,#6406,#6407));
#6409=IFCRELDEFINESBYPROPERTIES('3LiotJ5TqlqjXTXqLNjUxm',#18,$,$,(#6390),#6408);
#6410=IFCMAPPEDITEM(#6381,#191);
#6411=IFCSHAPEREPRESENTATION(#24,'Body','MappedRepresentation',(#6410));
#6412=IFCPRODUCTDEFINITIONSHAPE($,$,(#6411));
#6413=IFCCARTESIANPOINT((99.4844689551451,62.0223595628266,0.));
#6414=IFCDIRECTION((0.987455047240361,0.157900378972111,0.));
#6415=IFCAXIS2PLACEMENT3D(#6413,#9,#6414);
#6416=IFCLOCALPLACEMENT(#41,#6415);
#6417=IFCSPACE('2rSJL_clb68eBkbxGsLaYa',#18,'{$this("Description")}',$,'Woning',#6416,#6412,$,$,.USERDEFINED.,$);
#6418=IFCPROPERTYSET('2q9evX01wPKYLGtT21Xszz',#18,'Pset_SpaceCommon',$,(#238,#6391));
#6419=IFCPROPERTYSET('1Jx3F1V__pPetx1vlGl9zN',#18,'Pset_SpaceHeaterTypeCommon',$,(#6391));
#6420=IFCPROPERTYSINGLEVALUE('Afnemer',$,IFCTEXT('Corporatie'),$);
#6421=IFCPROPERTYSINGLEVALUE('Bepalingsmethode',$,IFCTEXT('BI'),$);
#6422=IFCPROPERTYSINGLEVALUE('BouwwerkType',$,IFCTEXT('Woning'),$);
#6423=IFCPROPERTYSINGLEVALUE('EenheidNummer',$,IFCTEXT('05.00.06'),$);
#6424=IFCPROPERTYSINGLEVALUE('Segment',$,IFCTEXT('SSH'),$);
#6425=IFCPROPERTYSINGLEVALUE('WoningType',$,IFCTEXT('A'),$);
#6426=IFCPROPERTYSET('23pEN_jKQiekVw5Db2XZAH',#18,'MiniGIM_ILS','',(#6420,#6421,#6422,#6423,#6424,#6425));
#6427=IFCRELDEFINESBYPROPERTIES('1PNsW0srJGxw3Pk9ua40OF',#18,$,$,(#6417),#6418);
#6428=IFCRELDEFINESBYPROPERTIES('1t8pkLFQIi9WKXwonc97bS',#18,$,$,(#6417),#6419);
#6429=IFCRELDEFINESBYPROPERTIES('3IH7SBFitj$IHruNfrQ4JZ',#18,$,$,(#6417),#6426);
#6430=IFCQUANTITYAREA('GrossFloorArea','',$,70.9917675313405,$);
#6431=IFCQUANTITYAREA('GrossCeilingArea','',$,154.500864821517,$);
#6432=IFCQUANTITYVOLUME('GrossVolume','',$,362.058014409837,$);
#6433=IFCQUANTITYVOLUME('NetVolume','',$,362.058014409837,$);
#6434=IFCELEMENTQUANTITY('3o$9X0KcPRTy6WYl9rQW7l',#18,'Qto_SpaceBaseQuantities',$,$,(#6430,#6431,#6432,#6433));
#6435=IFCRELDEFINESBYPROPERTIES('0t24haFllNqYXYtEJacQSy',#18,$,$,(#6417),#6434);
#6436=IFCMAPPEDITEM(#6381,#191);
#6437=IFCSHAPEREPRESENTATION(#24,'Body','MappedRepresentation',(#6436));
#6438=IFCPRODUCTDEFINITIONSHAPE($,$,(#6437));
#6439=IFCCARTESIANPOINT((104.520489696071,62.8276514955843,0.));
#6440=IFCDIRECTION((0.987455047240361,0.157900378972111,0.));
#6441=IFCAXIS2PLACEMENT3D(#6439,#9,#6440);
#6442=IFCLOCALPLACEMENT(#41,#6441);
#6443=IFCSPACE('2rSJL_clb68eBkbxGsLaYr',#18,'{$this("Description")}',$,'Woning',#6442,#6438,$,$,.USERDEFINED.,$);
#6444=IFCPROPERTYSET('3N0qr9$D$8qgYbzSsjzRMO',#18,'Pset_SpaceCommon',$,(#238,#6391));
#6445=IFCPROPERTYSET('3aOJz4uQi9X8dYIAys$PBl',#18,'Pset_SpaceHeaterTypeCommon',$,(#6391));
#6446=IFCPROPERTYSINGLEVALUE('Afnemer',$,IFCTEXT('Corporatie'),$);
#6447=IFCPROPERTYSINGLEVALUE('Bepalingsmethode',$,IFCTEXT('BI'),$);
#6448=IFCPROPERTYSINGLEVALUE('BouwwerkType',$,IFCTEXT('Woning'),$);
#6449=IFCPROPERTYSINGLEVALUE('EenheidNummer',$,IFCTEXT('05.00.07'),$);
#6450=IFCPROPERTYSINGLEVALUE('Segment',$,IFCTEXT('SSH'),$);
#6451=IFCPROPERTYSINGLEVALUE('WoningType',$,IFCTEXT('A'),$);
#6452=IFCPROPERTYSET('1BmwGSlr7IdiiAObMkyVx1',#18,'MiniGIM_ILS','',(#6446,#6447,#6448,#6449,#6450,#6451));
#6453=IFCRELDEFINESBYPROPERTIES('2toIfemmUAgRrJf0Rb7Qom',#18,$,$,(#6443),#6444);
#6454=IFCRELDEFINESBYPROPERTIES('0oImSvBPMAJ1EBztb4$Er4',#18,$,$,(#6443),#6445);
#6455=IFCRELDEFINESBYPROPERTIES('2Hp2AbNf_ew5XYxJH_U1ZR',#18,$,$,(#6443),#6452);
#6456=IFCQUANTITYAREA('GrossFloorArea','',$,70.9917675313405,$);
#6457=IFCQUANTITYAREA('GrossCeilingArea','',$,154.500864821517,$);
#6458=IFCQUANTITYVOLUME('GrossVolume','',$,362.058014409837,$);
#6459=IFCQUANTITYVOLUME('NetVolume','',$,362.058014409837,$);
#6460=IFCELEMENTQUANTITY('3qBAozZsRBmCunQ1DE_iDK',#18,'Qto_SpaceBaseQuantities',$,$,(#6456,#6457,#6458,#6459));
#6461=IFCRELDEFINESBYPROPERTIES('3Phhbisuy_QYBWccbyRW4Q',#18,$,$,(#6443),#6460);
#6462=IFCMAPPEDITEM(#6381,#191);
#6463=IFCSHAPEREPRESENTATION(#24,'Body','MappedRepresentation',(#6462));
#6464=IFCPRODUCTDEFINITIONSHAPE($,$,(#6463));
#6465=IFCCARTESIANPOINT((109.556510436997,63.6329434283421,0.));
#6466=IFCDIRECTION((0.987455047240361,0.157900378972111,0.));
#6467=IFCAXIS2PLACEMENT3D(#6465,#9,#6466);
#6468=IFCLOCALPLACEMENT(#41,#6467);
#6469=IFCSPACE('2rSJL_clb68eBkbxGsLab4',#18,'{$this("Description")}',$,'Woning',#6468,#6464,$,$,.USERDEFINED.,$);
#6470=IFCPROPERTYSET('1J3SNstVgi7EWYihubUTA1',#18,'Pset_SpaceCommon',$,(#238,#6391));
#6471=IFCPROPERTYSET('27K_sHVBFO8qsH3UpuHD8U',#18,'Pset_SpaceHeaterTypeCommon',$,(#6391));
#6472=IFCPROPERTYSINGLEVALUE('Afnemer',$,IFCTEXT('Corporatie'),$);
#6473=IFCPROPERTYSINGLEVALUE('Bepalingsmethode',$,IFCTEXT('BI'),$);
#6474=IFCPROPERTYSINGLEVALUE('BouwwerkType',$,IFCTEXT('Woning'),$);
#6475=IFCPROPERTYSINGLEVALUE('EenheidNummer',$,IFCTEXT('05.00.08'),$);
#6476=IFCPROPERTYSINGLEVALUE('Segment',$,IFCTEXT('SSH'),$);
#6477=IFCPROPERTYSINGLEVALUE('WoningType',$,IFCTEXT('A'),$);
#6478=IFCPROPERTYSET('372x2nBS8bAK6hOVp6nFhv',#18,'MiniGIM_ILS','',(#6472,#6473,#6474,#6475,#6476,#6477));
#6479=IFCRELDEFINESBYPROPERTIES('0d5SBwERpwe$cCPQKtxh8H',#18,$,$,(#6469),#6470);
#6480=IFCRELDEFINESBYPROPERTIES('1zSnybKpDu9UOTcXLcBjaO',#18,$,$,(#6469),#6471);
#6481=IFCRELDEFINESBYPROPERTIES('1HLVkzc$qp2T10SXC8$n8E',#18,$,$,(#6469),#6478);
#6482=IFCQUANTITYAREA('GrossFloorArea','',$,70.9917675313405,$);
#6483=IFCQUANTITYAREA('GrossCeilingArea','',$,154.500864821517,$);
#6484=IFCQUANTITYVOLUME('GrossVolume','',$,362.058014409837,$);
#6485=IFCQUANTITYVOLUME('NetVolume','',$,362.058014409837,$);
#6486=IFCELEMENTQUANTITY('2mpNSPHJql7aBxO_a3Dsap',#18,'Qto_SpaceBaseQuantities',$,$,(#6482,#6483,#6484,#6485));
#6487=IFCRELDEFINESBYPROPERTIES('26Jkp2WofLFuiAKdmXx3g7',#18,$,$,(#6469),#6486);
#6488=IFCMAPPEDITEM(#6381,#191);
#6489=IFCSHAPEREPRESENTATION(#24,'Body','MappedRepresentation',(#6488));
#6490=IFCPRODUCTDEFINITIONSHAPE($,$,(#6489));
#6491=IFCCARTESIANPOINT((114.592531177923,64.4382353610999,0.));
#6492=IFCDIRECTION((0.987455047240361,0.157900378972111,0.));
#6493=IFCAXIS2PLACEMENT3D(#6491,#9,#6492);
#6494=IFCLOCALPLACEMENT(#41,#6493);
#6495=IFCSPACE('2rSJL_clb68eBkbxGsLabL',#18,'{$this("Description")}',$,'Woning',#6494,#6490,$,$,.USERDEFINED.,$);
#6496=IFCPROPERTYSET('2t2WPLLZ_pupOOTVlhoIJR',#18,'Pset_SpaceCommon',$,(#238,#6391));
#6497=IFCPROPERTYSET('3h9Gn1OGmMmkIeKrS5Pa65',#18,'Pset_SpaceHeaterTypeCommon',$,(#6391));
#6498=IFCPROPERTYSINGLEVALUE('Afnemer',$,IFCTEXT('Corporatie'),$);
#6499=IFCPROPERTYSINGLEVALUE('Bepalingsmethode',$,IFCTEXT('BI'),$);
#6500=IFCPROPERTYSINGLEVALUE('BouwwerkType',$,IFCTEXT('Woning'),$);
#6501=IFCPROPERTYSINGLEVALUE('EenheidNummer',$,IFCTEXT('05.00.09'),$);
#6502=IFCPROPERTYSINGLEVALUE('Segment',$,IFCTEXT('SSH'),$);
#6503=IFCPROPERTYSINGLEVALUE('WoningType',$,IFCTEXT('A'),$);
#6504=IFCPROPERTYSET('1Tpuw5qZOtq3rTQXFAuFwq',#18,'MiniGIM_ILS','',(#6498,#6499,#6500,#6501,#6502,#6503));
#6505=IFCRELDEFINESBYPROPERTIES('391gQLsUUrYk2kMyhlGl4C',#18,$,$,(#6495),#6496);
#6506=IFCRELDEFINESBYPROPERTIES('04$ch0kBuKd4T$aJ7kXxnA',#18,$,$,(#6495),#6497);
#6507=IFCRELDEFINESBYPROPERTIES('0XZnphHcfpC3uns7I4CIMo',#18,$,$,(#6495),#6504);
#6508=IFCQUANTITYAREA('GrossFloorArea','',$,70.9917675313405,$);
#6509=IFCQUANTITYAREA('GrossCeilingArea','',$,154.500864821517,$);
#6510=IFCQUANTITYVOLUME('GrossVolume','',$,362.058014409837,$);
#6511=IFCQUANTITYVOLUME('NetVolume','',$,362.058014409837,$);
#6512=IFCELEMENTQUANTITY('313pI_A3SzA9DoYnARfuP2',#18,'Qto_SpaceBaseQuantities',$,$,(#6508,#6509,#6510,#6511));
#6513=IFCRELDEFINESBYPROPERTIES('1zwDjaVj1RJjLyf$fhoaml',#18,$,$,(#6495),#6512);
#6514=IFCMAPPEDITEM(#6381,#191);
#6515=IFCSHAPEREPRESENTATION(#24,'Body','MappedRepresentation',(#6514));
#6516=IFCPRODUCTDEFINITIONSHAPE($,$,(#6515));
#6517=IFCCARTESIANPOINT((119.628551918848,65.2435272938576,0.));
#6518=IFCDIRECTION((0.987455047240361,0.157900378972111,0.));
#6519=IFCAXIS2PLACEMENT3D(#6517,#9,#6518);
#6520=IFCLOCALPLACEMENT(#41,#6519);
#6521=IFCSPACE('2rSJL_clb68eBkbxGsLabw',#18,'{$this("Description")}',$,'Woning',#6520,#6516,$,$,.USERDEFINED.,$);
#6522=IFCPROPERTYSET('1on36Rlbi$TJMemZJoK4QY',#18,'Pset_SpaceCommon',$,(#238,#6391));
#6523=IFCPROPERTYSET('2z6PVkmvjCsP5841XTWuyq',#18,'Pset_SpaceHeaterTypeCommon',$,(#6391));
#6524=IFCPROPERTYSINGLEVALUE('Afnemer',$,IFCTEXT('Corporatie'),$);
#6525=IFCPROPERTYSINGLEVALUE('Bepalingsmethode',$,IFCTEXT('BI'),$);
#6526=IFCPROPERTYSINGLEVALUE('BouwwerkType',$,IFCTEXT('Woning'),$);
#6527=IFCPROPERTYSINGLEVALUE('EenheidNummer',$,IFCTEXT('05.00.10'),$);
#6528=IFCPROPERTYSINGLEVALUE('Segment',$,IFCTEXT('SSH'),$);
#6529=IFCPROPERTYSINGLEVALUE('WoningType',$,IFCTEXT('A'),$);
#6530=IFCPROPERTYSET('37L_aI4_fqVQsHZPQ1LJut',#18,'MiniGIM_ILS','',(#6524,#6525,#6526,#6527,#6528,#6529));
#6531=IFCRELDEFINESBYPROPERTIES('3SXD$9aoUCHmuJfpzAiwv6',#18,$,$,(#6521),#6522);
#6532=IFCRELDEFINESBYPROPERTIES('2NhrODjX3cHJGiUKYjN02l',#18,$,$,(#6521),#6523);
#6533=IFCRELDEFINESBYPROPERTIES('1XfNqPkNUkkXTaaOBPvShp',#18,$,$,(#6521),#6530);
#6534=IFCQUANTITYAREA('GrossFloorArea','',$,70.9917675313405,$);
#6535=IFCQUANTITYAREA('GrossCeilingArea','',$,154.500864821517,$);
#6536=IFCQUANTITYVOLUME('GrossVolume','',$,362.058014409837,$);
#6537=IFCQUANTITYVOLUME('NetVolume','',$,362.058014409837,$);
#6538=IFCELEMENTQUANTITY('2bDX3fQGxJ64D3Y_6e3RnS',#18,'Qto_SpaceBaseQuantities',$,$,(#6534,#6535,#6536,#6537));
#6539=IFCRELDEFINESBYPROPERTIES('2GDkbZvmKLip3oauj6LITo',#18,$,$,(#6521),#6538);
#6540=IFCMAPPEDITEM(#6381,#191);
#6541=IFCSHAPEREPRESENTATION(#24,'Body','MappedRepresentation',(#6540));
#6542=IFCPRODUCTDEFINITIONSHAPE($,$,(#6541));
#6543=IFCCARTESIANPOINT((124.664572659774,66.0488192266154,0.));
#6544=IFCDIRECTION((0.987455047240361,0.157900378972111,0.));
#6545=IFCAXIS2PLACEMENT3D(#6543,#9,#6544);
#6546=IFCLOCALPLACEMENT(#41,#6545);
#6547=IFCSPACE('2rSJL_clb68eBkbxGsLaa9',#18,'{$this("Description")}',$,'Woning',#6546,#6542,$,$,.USERDEFINED.,$);
#6548=IFCPROPERTYSET('31MP7Mj7T3DM$$T3$cfcTQ',#18,'Pset_SpaceCommon',$,(#238,#6391));
#6549=IFCPROPERTYSET('1K3FM$2ZItGkjjKq4ZcQCX',#18,'Pset_SpaceHeaterTypeCommon',$,(#6391));
#6550=IFCPROPERTYSINGLEVALUE('Afnemer',$,IFCTEXT('Corporatie'),$);
#6551=IFCPROPERTYSINGLEVALUE('Bepalingsmethode',$,IFCTEXT('BI'),$);
#6552=IFCPROPERTYSINGLEVALUE('BouwwerkType',$,IFCTEXT('Woning'),$);
#6553=IFCPROPERTYSINGLEVALUE('EenheidNummer',$,IFCTEXT('05.00.11'),$);
#6554=IFCPROPERTYSINGLEVALUE('Segment',$,IFCTEXT('SSH'),$);
#6555=IFCPROPERTYSINGLEVALUE('WoningType',$,IFCTEXT('A'),$);
#6556=IFCPROPERTYSET('38lZXdwVm1itVVi6ALZo3N',#18,'MiniGIM_ILS','',(#6550,#6551,#6552,#6553,#6554,#6555));
#6557=IFCRELDEFINESBYPROPERTIES('0WexS71qMHJYr7R_LczG4r',#18,$,$,(#6547),#6548);
#6558=IFCRELDEFINESBYPROPERTIES('3o5RpDUT0tACjkirGNA_wB',#18,$,$,(#6547),#6549);
#6559=IFCRELDEFINESBYPROPERTIES('1h6hJGzgwoJPVY1pJkLH$v',#18,$,$,(#6547),#6556);
#6560=IFCQUANTITYAREA('GrossFloorArea','',$,70.9917675313405,$);
#6561=IFCQUANTITYAREA('GrossCeilingArea','',$,154.500864821517,$);
#6562=IFCQUANTITYVOLUME('GrossVolume','',$,362.058014409837,$);
#6563=IFCQUANTITYVOLUME('NetVolume','',$,362.058014409837,$);
#6564=IFCELEMENTQUANTITY('1msa$uA8CvJQZNm2EBsCby',#18,'Qto_SpaceBaseQuantities',$,$,(#6560,#6561,#6562,#6563));
#6565=IFCRELDEFINESBYPROPERTIES('135NcomluKuI_pHU4pfo6R',#18,$,$,(#6547),#6564);
#6566=IFCAXIS2PLACEMENT3D(#3,$,$);
#6568=IFCCARTESIANPOINTLIST2D(((-1.64481033194045,-4.50000000000001),(4.35518966805956,-4.50000000000001),(4.35518966805959,4.50000000000002),(-1.64481033194046,4.50000000000002),(-5.42075867223823,-2.27402097152662E-14),(-1.64481033194045,-4.50000000000001)));
#6569=IFCINDEXEDPOLYCURVE(#6568,$,.F.);
#6570=IFCARBITRARYCLOSEDPROFILEDEF(.AREA.,'Woning 5100',#6569);
#6571=IFCCARTESIANPOINT((0.,4.50000000000001,4.35518966805957));
#6572=IFCAXIS2PLACEMENT3D(#6571,#5,#10);
#6573=IFCEXTRUDEDAREASOLID(#6570,#6572,#9,5.5);
#6574=IFCSTYLEDITEM(#6573,(#111),$);
#6575=IFCSHAPEREPRESENTATION(#24,'Body','SweptSolid',(#6573));
#6576=IFCAXIS2PLACEMENT3D(#3,$,$);
#6577=IFCREPRESENTATIONMAP(#6576,#6575);
#6578=IFCSPACETYPE('2rSJL_clb68eBkbxGsLaYB',#18,'Conceptwoning:Woning 5100',$,$,$,(#6577),'1429697',$,.USERDEFINED.,$);
#6579=IFCMAPPEDITEM(#6577,#191);
#6580=IFCSHAPEREPRESENTATION(#24,'Body','MappedRepresentation',(#6579));
#6581=IFCPRODUCTDEFINITIONSHAPE($,$,(#6580));
#6582=IFCCARTESIANPOINT((129.7005934007,66.8541111593731,0.));
#6583=IFCDIRECTION((0.987455047240361,0.157900378972111,0.));
#6584=IFCAXIS2PLACEMENT3D(#6582,#9,#6583);
#6585=IFCLOCALPLACEMENT(#41,#6584);
#6586=IFCSPACE('2rSJL_clb68eBkbxGsLaaU',#18,'{$this("Description")}',$,'Woning',#6585,#6581,$,$,.USERDEFINED.,$);
#6587=IFCPROPERTYSINGLEVALUE('Reference',$,IFCIDENTIFIER('Woning 5100'),$);
#6588=IFCPROPERTYSET('22X4qn3qR9LHp8KNs$f$rR',#18,'Pset_SpaceCommon',$,(#238,#6587));
#6589=IFCPROPERTYSET('3D4ReCyD3kM7$qSlHbNliZ',#18,'Pset_SpaceHeaterTypeCommon',$,(#6587));
#6590=IFCPROPERTYSINGLEVALUE('Afnemer',$,IFCTEXT('Corporatie'),$);
#6591=IFCPROPERTYSINGLEVALUE('Bepalingsmethode',$,IFCTEXT('BI'),$);
#6592=IFCPROPERTYSINGLEVALUE('BouwwerkType',$,IFCTEXT('Woning'),$);
#6593=IFCPROPERTYSINGLEVALUE('EenheidNummer',$,IFCTEXT('05.00.12'),$);
#6594=IFCPROPERTYSINGLEVALUE('Segment',$,IFCTEXT('SSH'),$);
#6595=IFCPROPERTYSINGLEVALUE('WoningType',$,IFCTEXT('B'),$);
#6596=IFCPROPERTYSET('3JJ3D7FjZVbd9c6YCm$$Xv',#18,'MiniGIM_ILS','',(#6590,#6591,#6592,#6593,#6594,#6595));
#6597=IFCRELDEFINESBYPROPERTIES('0hc$VfPz66bR7Ohr$TYWQ7',#18,$,$,(#6586),#6588);
#6598=IFCRELDEFINESBYPROPERTIES('3X4WSMhI7zmAqwpixGo0WI',#18,$,$,(#6586),#6589);
#6599=IFCRELDEFINESBYPROPERTIES('1U$7gOPJ7ujL5Y3Dd4Oadl',#18,$,$,(#6586),#6596);
#6600=IFCQUANTITYAREA('GrossFloorArea','',$,70.9917675313405,$);
#6601=IFCQUANTITYAREA('GrossCeilingArea','',$,161.050597942315,$);
#6602=IFCQUANTITYVOLUME('GrossVolume','',$,390.454721422373,$);
#6603=IFCQUANTITYVOLUME('NetVolume','',$,390.454721422373,$);
#6604=IFCELEMENTQUANTITY('3j5_ftAbnj7YQOO81swYLk',#18,'Qto_SpaceBaseQuantities',$,$,(#6600,#6601,#6602,#6603));
#6605=IFCRELDEFINESBYPROPERTIES('2$_DzChwE_4HRIXo_BoYUr',#18,$,$,(#6586),#6604);
#6606=IFCMAPPEDITEM(#6577,#191);
#6607=IFCSHAPEREPRESENTATION(#24,'Body','MappedRepresentation',(#6606));
#6608=IFCPRODUCTDEFINITIONSHAPE($,$,(#6607));
#6609=IFCCARTESIANPOINT((89.0174454543973,60.3486155457221,0.));
#6610=IFCDIRECTION((0.987455047240361,0.157900378972111,0.));
#6611=IFCAXIS2PLACEMENT3D(#6609,#9,#6610);
#6612=IFCLOCALPLACEMENT(#41,#6611);
#6613=IFCSPACE('2rSJL_clb68eBkbxGsLaac',#18,'{$this("Description")}',$,'Woning',#6612,#6608,$,$,.USERDEFINED.,$);
#6614=IFCPROPERTYSET('0pRboRTReOS68QBlHxoI8Z',#18,'Pset_SpaceCommon',$,(#238,#6587));
#6615=IFCPROPERTYSET('05trsj3bdaoXkpNgPmNoDQ',#18,'Pset_SpaceHeaterTypeCommon',$,(#6587));
#6616=IFCPROPERTYSINGLEVALUE('Afnemer',$,IFCTEXT('Corporatie'),$);
#6617=IFCPROPERTYSINGLEVALUE('Bepalingsmethode',$,IFCTEXT('BI'),$);
#6618=IFCPROPERTYSINGLEVALUE('BouwwerkType',$,IFCTEXT('Woning'),$);
#6619=IFCPROPERTYSINGLEVALUE('EenheidNummer',$,IFCTEXT('05.00.04'),$);
#6620=IFCPROPERTYSINGLEVALUE('Segment',$,IFCTEXT('SSH'),$);
#6621=IFCPROPERTYSINGLEVALUE('WoningType',$,IFCTEXT('B'),$);
#6622=IFCPROPERTYSET('22CHaRMob6Kr1v3O9XIm6N',#18,'MiniGIM_ILS','',(#6616,#6617,#6618,#6619,#6620,#6621));
#6623=IFCRELDEFINESBYPROPERTIES('2FUUzQi5oKabjRBHV2vAhU',#18,$,$,(#6613),#6614);
#6624=IFCRELDEFINESBYPROPERTIES('0UW7JlnxHd$5gwV4$wvAcw',#18,$,$,(#6613),#6615);
#6625=IFCRELDEFINESBYPROPERTIES('36vDvrc2wNhUQZIIvjsDk_',#18,$,$,(#6613),#6622);
#6626=IFCQUANTITYAREA('GrossFloorArea','',$,70.9917675313405,$);
#6627=IFCQUANTITYAREA('GrossCeilingArea','',$,161.050597942315,$);
#6628=IFCQUANTITYVOLUME('GrossVolume','',$,390.454721422373,$);
#6629=IFCQUANTITYVOLUME('NetVolume','',$,390.454721422373,$);
#6630=IFCELEMENTQUANTITY('21wMpxi_wFgqbfJn35xEfk',#18,'Qto_SpaceBaseQuantities',$,$,(#6626,#6627,#6628,#6629));
#6631=IFCRELDEFINESBYPROPERTIES('0YxlVQLOyh1aL4TdHtlYHH',#18,$,$,(#6613),#6630);
#6632=IFCMAPPEDITEM(#6381,#191);
#6633=IFCSHAPEREPRESENTATION(#24,'Body','MappedRepresentation',(#6632));
#6634=IFCPRODUCTDEFINITIONSHAPE($,$,(#6633));
#6635=IFCCARTESIANPOINT((33.6242757117448,57.5715259058588,0.));
#6636=IFCDIRECTION((0.999835823514431,0.0181197686855974,0.));
#6637=IFCAXIS2PLACEMENT3D(#6635,#9,#6636);
#6638=IFCLOCALPLACEMENT(#41,#6637);
#6639=IFCSPACE('2rSJL_clb68eBkbxGsLad0',#18,'{$this("Description")}',$,'Woning',#6638,#6634,$,$,.USERDEFINED.,$);
#6640=IFCPROPERTYSET('1kYoMLtfzVq92cUqvpQ66S',#18,'Pset_SpaceCommon',$,(#238,#6391));
#6641=IFCPROPERTYSET('2My2VJT7pxpQ5weFpZNIYF',#18,'Pset_SpaceHeaterTypeCommon',$,(#6391));
#6642=IFCPROPERTYSINGLEVALUE('Afnemer',$,IFCTEXT('Corporatie'),$);
#6643=IFCPROPERTYSINGLEVALUE('Bepalingsmethode',$,IFCTEXT('BI'),$);
#6644=IFCPROPERTYSINGLEVALUE('BouwwerkType',$,IFCTEXT('Woning'),$);
#6645=IFCPROPERTYSINGLEVALUE('EenheidNummer',$,IFCTEXT('04.00.06'),$);
#6646=IFCPROPERTYSINGLEVALUE('Segment',$,IFCTEXT('SSH'),$);
#6647=IFCPROPERTYSINGLEVALUE('WoningType',$,IFCTEXT('A'),$);
#6648=IFCPROPERTYSET('0ZAKC4oHGKxTXvYnRzWxFe',#18,'MiniGIM_ILS','',(#6642,#6643,#6644,#6645,#6646,#6647));
#6649=IFCRELDEFINESBYPROPERTIES('1U5qBCaQHXKIwt8wy2udCN',#18,$,$,(#6639),#6640);
#6650=IFCRELDEFINESBYPROPERTIES('2zlb$aF7G$Oxd0QzmfpvX3',#18,$,$,(#6639),#6641);
#6651=IFCRELDEFINESBYPROPERTIES('32eCoxvDRcyeV_Rhwii8YU',#18,$,$,(#6639),#6648);
#6652=IFCQUANTITYAREA('GrossFloorArea','',$,70.9917675313405,$);
#6653=IFCQUANTITYAREA('GrossCeilingArea','',$,154.500864821517,$);
#6654=IFCQUANTITYVOLUME('GrossVolume','',$,362.058014409837,$);
#6655=IFCQUANTITYVOLUME('NetVolume','',$,362.058014409837,$);
#6656=IFCELEMENTQUANTITY('3sVHSk0Q$R0E8YZ61SZPG9',#18,'Qto_SpaceBaseQuantities',$,$,(#6652,#6653,#6654,#6655));
#6657=IFCRELDEFINESBYPROPERTIES('3Kzb$axZMfWheGnnrslxQN',#18,$,$,(#6639),#6656);
#6658=IFCMAPPEDITEM(#6577,#191);
#6659=IFCSHAPEREPRESENTATION(#24,'Body','MappedRepresentation',(#6658));
#6660=IFCPRODUCTDEFINITIONSHAPE($,$,(#6659));
#6661=IFCCARTESIANPOINT((28.1251812555197,57.4718672247197,0.));
#6662=IFCDIRECTION((0.999835823514431,0.018119768685597,0.));
#6663=IFCAXIS2PLACEMENT3D(#6661,#9,#6662);
#6664=IFCLOCALPLACEMENT(#41,#6663);
#6665=IFCSPACE('2rSJL_clb68eBkbxGsLad1',#18,'{$this("Description")}',$,'Woning',#6664,#6660,$,$,.USERDEFINED.,$);
#6666=IFCPROPERTYSET('3wAk7y9xDWqeRnXSo4YXhS',#18,'Pset_SpaceCommon',$,(#238,#6587));
#6667=IFCPROPERTYSET('0aShncqzsqY36yLRZPd4_b',#18,'Pset_SpaceHeaterTypeCommon',$,(#6587));
#6668=IFCPROPERTYSINGLEVALUE('Afnemer',$,IFCTEXT('Corporatie'),$);
#6669=IFCPROPERTYSINGLEVALUE('Bepalingsmethode',$,IFCTEXT('BI'),$);
#6670=IFCPROPERTYSINGLEVALUE('BouwwerkType',$,IFCTEXT('Woning'),$);
#6671=IFCPROPERTYSINGLEVALUE('EenheidNummer',$,IFCTEXT('04.00.05'),$);
#6672=IFCPROPERTYSINGLEVALUE('Segment',$,IFCTEXT('SSH'),$);
#6673=IFCPROPERTYSINGLEVALUE('WoningType',$,IFCTEXT('B'),$);
#6674=IFCPROPERTYSET('1ralul$CIDeYA_21tMMg2p',#18,'MiniGIM_ILS','',(#6668,#6669,#6670,#6671,#6672,#6673));
#6675=IFCRELDEFINESBYPROPERTIES('32Xdi4fCY2hUTfs6O1dzP9',#18,$,$,(#6665),#6666);
#6676=IFCRELDEFINESBYPROPERTIES('1_E0L2tw7GROCjcTaq6_6u',#18,$,$,(#6665),#6667);
#6677=IFCRELDEFINESBYPROPERTIES('3EGyG6nP_8eXMf3J$rKuRy',#18,$,$,(#6665),#6674);
#6678=IFCQUANTITYAREA('GrossFloorArea','',$,70.9917675313405,$);
#6679=IFCQUANTITYAREA('GrossCeilingArea','',$,161.050597942315,$);
#6680=IFCQUANTITYVOLUME('GrossVolume','',$,390.454721422373,$);
#6681=IFCQUANTITYVOLUME('NetVolume','',$,390.454721422373,$);
#6682=IFCELEMENTQUANTITY('3X7zqNNkgYiGQ$t3gf1nD8',#18,'Qto_SpaceBaseQuantities',$,$,(#6678,#6679,#6680,#6681));
#6683=IFCRELDEFINESBYPROPERTIES('23q4DGp_uJvHLxsDcZE8Ro',#18,$,$,(#6665),#6682);
#6684=IFCMAPPEDITEM(#6381,#191);
#6685=IFCSHAPEREPRESENTATION(#24,'Body','MappedRepresentation',(#6684));
#6686=IFCPRODUCTDEFINITIONSHAPE($,$,(#6685));
#6687=IFCCARTESIANPOINT((38.7234384116684,57.6639367261554,0.));
#6688=IFCDIRECTION((0.999835823514431,0.0181197686855974,0.));
#6689=IFCAXIS2PLACEMENT3D(#6687,#9,#6688);
#6690=IFCLOCALPLACEMENT(#41,#6689);
#6691=IFCSPACE('2rSJL_clb68eBkbxGsLadZ',#18,'{$this("Description")}',$,'Woning',#6690,#6686,$,$,.USERDEFINED.,$);
#6692=IFCPROPERTYSET('0qO4I1vtNAXzdm$OyKmH$4',#18,'Pset_SpaceCommon',$,(#238,#6391));
#6693=IFCPROPERTYSET('07iyWs41AFz2WcbDgnTrrU',#18,'Pset_SpaceHeaterTypeCommon',$,(#6391));
#6694=IFCPROPERTYSINGLEVALUE('Afnemer',$,IFCTEXT('Corporatie'),$);
#6695=IFCPROPERTYSINGLEVALUE('Bepalingsmethode',$,IFCTEXT('BI'),$);
#6696=IFCPROPERTYSINGLEVALUE('BouwwerkType',$,IFCTEXT('Woning'),$);
#6697=IFCPROPERTYSINGLEVALUE('EenheidNummer',$,IFCTEXT('04.00.07'),$);
#6698=IFCPROPERTYSINGLEVALUE('Segment',$,IFCTEXT('SSH'),$);
#6699=IFCPROPERTYSINGLEVALUE('WoningType',$,IFCTEXT('A'),$);
#6700=IFCPROPERTYSET('3TLNdy34AOEynaHAsFGB0e',#18,'MiniGIM_ILS','',(#6694,#6695,#6696,#6697,#6698,#6699));
#6701=IFCRELDEFINESBYPROPERTIES('1MX4OSv2duNm01Pw88bzRR',#18,$,$,(#6691),#6692);
#6702=IFCRELDEFINESBYPROPERTIES('0xtywD_ZBiddkJqZp0MDrs',#18,$,$,(#6691),#6693);
#6703=IFCRELDEFINESBYPROPERTIES('15wZgrvpn4ekyBaySYv$nh',#18,$,$,(#6691),#6700);
#6704=IFCQUANTITYAREA('GrossFloorArea','',$,70.9917675313405,$);
#6705=IFCQUANTITYAREA('GrossCeilingArea','',$,154.500864821517,$);
#6706=IFCQUANTITYVOLUME('GrossVolume','',$,362.058014409837,$);
#6707=IFCQUANTITYVOLUME('NetVolume','',$,362.058014409837,$);
#6708=IFCELEMENTQUANTITY('2$F1ESqRc17bTy2iGAqMQp',#18,'Qto_SpaceBaseQuantities',$,$,(#6704,#6705,#6706,#6707));
#6709=IFCRELDEFINESBYPROPERTIES('2LSRMEvPSpkiGzTG$u$zYw',#18,$,$,(#6691),#6708);
#6710=IFCMAPPEDITEM(#6381,#191);
#6711=IFCSHAPEREPRESENTATION(#24,'Body','MappedRepresentation',(#6710));
#6712=IFCPRODUCTDEFINITIONSHAPE($,$,(#6711));
#6713=IFCCARTESIANPOINT((43.822601111592,57.7563475464519,0.));
#6714=IFCDIRECTION((0.999835823514431,0.0181197686855974,0.));
#6715=IFCAXIS2PLACEMENT3D(#6713,#9,#6714);
#6716=IFCLOCALPLACEMENT(#41,#6715);
#6717=IFCSPACE('2rSJL_clb68eBkbxGsLadm',#18,'{$this("Description")}',$,'Woning',#6716,#6712,$,$,.USERDEFINED.,$);
#6718=IFCPROPERTYSET('0Kuhd0F53qgZU52S72uIGH',#18,'Pset_SpaceCommon',$,(#238,#6391));
#6719=IFCPROPERTYSET('3fcJFVJ0nnyu$1tONBWrpR',#18,'Pset_SpaceHeaterTypeCommon',$,(#6391));
#6720=IFCPROPERTYSINGLEVALUE('Afnemer',$,IFCTEXT('Corporatie'),$);
#6721=IFCPROPERTYSINGLEVALUE('Bepalingsmethode',$,IFCTEXT('BI'),$);
#6722=IFCPROPERTYSINGLEVALUE('BouwwerkType',$,IFCTEXT('Woning'),$);
#6723=IFCPROPERTYSINGLEVALUE('EenheidNummer',$,IFCTEXT('04.00.08'),$);
#6724=IFCPROPERTYSINGLEVALUE('Segment',$,IFCTEXT('SSH'),$);
#6725=IFCPROPERTYSINGLEVALUE('WoningType',$,IFCTEXT('A'),$);
#6726=IFCPROPERTYSET('30vEuPmfj8gSovrqHX61gN',#18,'MiniGIM_ILS','',(#6720,#6721,#6722,#6723,#6724,#6725));
#6727=IFCRELDEFINESBYPROPERTIES('322M3zjZbBdZrfW8eYhy3b',#18,$,$,(#6717),#6718);
#6728=IFCRELDEFINESBYPROPERTIES('3p_4x5pW7S7BYFf2qmCjdg',#18,$,$,(#6717),#6719);
#6729=IFCRELDEFINESBYPROPERTIES('0lWgSZ49o5mYvez3bvgw6D',#18,$,$,(#6717),#6726);
#6730=IFCQUANTITYAREA('GrossFloorArea','',$,70.9917675313405,$);
#6731=IFCQUANTITYAREA('GrossCeilingArea','',$,154.500864821517,$);
#6732=IFCQUANTITYVOLUME('GrossVolume','',$,362.058014409837,$);
#6733=IFCQUANTITYVOLUME('NetVolume','',$,362.058014409837,$);
#6734=IFCELEMENTQUANTITY('3jOZt3vUatYk$nAM5f2P2W',#18,'Qto_SpaceBaseQuantities',$,$,(#6730,#6731,#6732,#6733));
#6735=IFCRELDEFINESBYPROPERTIES('3zXao1CLfdMMExswK54wJO',#18,$,$,(#6717),#6734);
#6736=IFCMAPPEDITEM(#6381,#191);
#6737=IFCSHAPEREPRESENTATION(#24,'Body','MappedRepresentation',(#6736));
#6738=IFCPRODUCTDEFINITIONSHAPE($,$,(#6737));
#6739=IFCCARTESIANPOINT((48.9217638115156,57.8487583667485,0.));
#6740=IFCDIRECTION((0.999835823514431,0.0181197686855974,0.));
#6741=IFCAXIS2PLACEMENT3D(#6739,#9,#6740);
#6742=IFCLOCALPLACEMENT(#41,#6741);
#6743=IFCSPACE('2rSJL_clb68eBkbxGsLac1',#18,'{$this("Description")}',$,'Woning',#6742,#6738,$,$,.USERDEFINED.,$);
#6744=IFCPROPERTYSET('1jIfkGKD2fAefwPkQkINur',#18,'Pset_SpaceCommon',$,(#238,#6391));
#6745=IFCPROPERTYSET('0ZXqkWkrwkqxhQd2MFDqdg',#18,'Pset_SpaceHeaterTypeCommon',$,(#6391));
#6746=IFCPROPERTYSINGLEVALUE('Afnemer',$,IFCTEXT('Corporatie'),$);
#6747=IFCPROPERTYSINGLEVALUE('Bepalingsmethode',$,IFCTEXT('BI'),$);
#6748=IFCPROPERTYSINGLEVALUE('BouwwerkType',$,IFCTEXT('Woning'),$);
#6749=IFCPROPERTYSINGLEVALUE('EenheidNummer',$,IFCTEXT('04.00.09'),$);
#6750=IFCPROPERTYSINGLEVALUE('Segment',$,IFCTEXT('SSH'),$);
#6751=IFCPROPERTYSINGLEVALUE('WoningType',$,IFCTEXT('A'),$);
#6752=IFCPROPERTYSET('3fqzTA_kBkX7imJJLKA65o',#18,'MiniGIM_ILS','',(#6746,#6747,#6748,#6749,#6750,#6751));
#6753=IFCRELDEFINESBYPROPERTIES('1ul7fgHc1G$Yej6Zt2i3cM',#18,$,$,(#6743),#6744);
#6754=IFCRELDEFINESBYPROPERTIES('32QWQlCeMpoxWpnUtrUlHk',#18,$,$,(#6743),#6745);
#6755=IFCRELDEFINESBYPROPERTIES('2GqY7SHOdS8vV44LjjwZ2f',#18,$,$,(#6743),#6752);
#6756=IFCQUANTITYAREA('GrossFloorArea','',$,70.9917675313405,$);
#6757=IFCQUANTITYAREA('GrossCeilingArea','',$,154.500864821517,$);
#6758=IFCQUANTITYVOLUME('GrossVolume','',$,362.058014409837,$);
#6759=IFCQUANTITYVOLUME('NetVolume','',$,362.058014409837,$);
#6760=IFCELEMENTQUANTITY('006DUkRXT0kep4yEWFsFgr',#18,'Qto_SpaceBaseQuantities',$,$,(#6756,#6757,#6758,#6759));
#6761=IFCRELDEFINESBYPROPERTIES('0PasfKGHUEJUOG3ZHYdpsE',#18,$,$,(#6743),#6760);
#6762=IFCMAPPEDITEM(#6381,#191);
#6763=IFCSHAPEREPRESENTATION(#24,'Body','MappedRepresentation',(#6762));
#6764=IFCPRODUCTDEFINITIONSHAPE($,$,(#6763));
#6765=IFCCARTESIANPOINT((54.0209265114392,57.941169187045,0.));
#6766=IFCDIRECTION((0.999835823514431,0.0181197686855974,0.));
#6767=IFCAXIS2PLACEMENT3D(#6765,#9,#6766);
#6768=IFCLOCALPLACEMENT(#41,#6767);
#6769=IFCSPACE('2rSJL_clb68eBkbxGsLacM',#18,'{$this("Description")}',$,'Woning',#6768,#6764,$,$,.USERDEFINED.,$);
#6770=IFCPROPERTYSET('2pT4BXOLzr0pUz0y2Cbs1l',#18,'Pset_SpaceCommon',$,(#238,#6391));
#6771=IFCPROPERTYSET('3a4WSCoSofqkgIVGJ39y03',#18,'Pset_SpaceHeaterTypeCommon',$,(#6391));
#6772=IFCPROPERTYSINGLEVALUE('Afnemer',$,IFCTEXT('Corporatie'),$);
#6773=IFCPROPERTYSINGLEVALUE('Bepalingsmethode',$,IFCTEXT('BI'),$);
#6774=IFCPROPERTYSINGLEVALUE('BouwwerkType',$,IFCTEXT('Woning'),$);
#6775=IFCPROPERTYSINGLEVALUE('EenheidNummer',$,IFCTEXT('04.00.10'),$);
#6776=IFCPROPERTYSINGLEVALUE('Segment',$,IFCTEXT('SSH'),$);
#6777=IFCPROPERTYSINGLEVALUE('WoningType',$,IFCTEXT('A'),$);
#6778=IFCPROPERTYSET('1OMvfX6DykNSo5dB3y$cwb',#18,'MiniGIM_ILS','',(#6772,#6773,#6774,#6775,#6776,#6777));
#6779=IFCRELDEFINESBYPROPERTIES('0T3Tz63Oiug1S08pjK$3d7',#18,$,$,(#6769),#6770);
#6780=IFCRELDEFINESBYPROPERTIES('3i7ymn$qbvPSXttN6FNMFa',#18,$,$,(#6769),#6771);
#6781=IFCRELDEFINESBYPROPERTIES('26oq04A1RTsOenPZ_XBw8C',#18,$,$,(#6769),#6778);
#6782=IFCQUANTITYAREA('GrossFloorArea','',$,70.9917675313405,$);
#6783=IFCQUANTITYAREA('GrossCeilingArea','',$,154.500864821517,$);
#6784=IFCQUANTITYVOLUME('GrossVolume','',$,362.058014409837,$);
#6785=IFCQUANTITYVOLUME('NetVolume','',$,362.058014409837,$);
#6786=IFCELEMENTQUANTITY('2XuIpyF8M7F9P7Bx49kWvn',#18,'Qto_SpaceBaseQuantities',$,$,(#6782,#6783,#6784,#6785));
#6787=IFCRELDEFINESBYPROPERTIES('1qp47Z4j7T4QUaDJ8d029z',#18,$,$,(#6769),#6786);
#6788=IFCMAPPEDITEM(#6381,#191);
#6789=IFCSHAPEREPRESENTATION(#24,'Body','MappedRepresentation',(#6788));
#6790=IFCPRODUCTDEFINITIONSHAPE($,$,(#6789));
#6791=IFCCARTESIANPOINT((59.1200892113628,58.0335800073416,0.));
#6792=IFCDIRECTION((0.999835823514431,0.0181197686855974,0.));
#6793=IFCAXIS2PLACEMENT3D(#6791,#9,#6792);
#6794=IFCLOCALPLACEMENT(#41,#6793);
#6795=IFCSPACE('2rSJL_clb68eBkbxGsLacX',#18,'{$this("Description")}',$,'Woning',#6794,#6790,$,$,.USERDEFINED.,$);
#6796=IFCPROPERTYSET('03Nepwl0Y6mEnz_Ui4pWHF',#18,'Pset_SpaceCommon',$,(#238,#6391));
#6797=IFCPROPERTYSET('2iYmJ22wCacxupQna_7krC',#18,'Pset_SpaceHeaterTypeCommon',$,(#6391));
#6798=IFCPROPERTYSINGLEVALUE('Afnemer',$,IFCTEXT('Corporatie'),$);
#6799=IFCPROPERTYSINGLEVALUE('Bepalingsmethode',$,IFCTEXT('BI'),$);
#6800=IFCPROPERTYSINGLEVALUE('BouwwerkType',$,IFCTEXT('Woning'),$);
#6801=IFCPROPERTYSINGLEVALUE('EenheidNummer',$,IFCTEXT('04.00.11'),$);
#6802=IFCPROPERTYSINGLEVALUE('Segment',$,IFCTEXT('SSH'),$);
#6803=IFCPROPERTYSINGLEVALUE('WoningType',$,IFCTEXT('A'),$);
#6804=IFCPROPERTYSET('0HFZi6IgzfZzrxNw6PPddp',#18,'MiniGIM_ILS','',(#6798,#6799,#6800,#6801,#6802,#6803));
#6805=IFCRELDEFINESBYPROPERTIES('3h_EIcR6EMAb0l28JZXLVc',#18,$,$,(#6795),#6796);
#6806=IFCRELDEFINESBYPROPERTIES('0cEjd3y7k9FU1HsuqLRL_J',#18,$,$,(#6795),#6797);
#6807=IFCRELDEFINESBYPROPERTIES('3SBKSB8f1zAp69Oo6rSZrG',#18,$,$,(#6795),#6804);
#6808=IFCQUANTITYAREA('GrossFloorArea','',$,70.9917675313405,$);
#6809=IFCQUANTITYAREA('GrossCeilingArea','',$,154.500864821517,$);
#6810=IFCQUANTITYVOLUME('GrossVolume','',$,362.058014409837,$);
#6811=IFCQUANTITYVOLUME('NetVolume','',$,362.058014409837,$);
#6812=IFCELEMENTQUANTITY('1mJNpyJmJpayfe2QavRW8Q',#18,'Qto_SpaceBaseQuantities',$,$,(#6808,#6809,#6810,#6811));
#6813=IFCRELDEFINESBYPROPERTIES('0CMkiXin7rbrODNtYlisBQ',#18,$,$,(#6795),#6812);
#6814=IFCMAPPEDITEM(#6381,#191);
#6815=IFCSHAPEREPRESENTATION(#24,'Body','MappedRepresentation',(#6814));
#6816=IFCPRODUCTDEFINITIONSHAPE($,$,(#6815));
#6817=IFCCARTESIANPOINT((64.2192519112864,58.1259908276381,0.));
#6818=IFCDIRECTION((0.999835823514431,0.0181197686855974,0.));
#6819=IFCAXIS2PLACEMENT3D(#6817,#9,#6818);
#6820=IFCLOCALPLACEMENT(#41,#6819);
#6821=IFCSPACE('2rSJL_clb68eBkbxGsLacs',#18,'{$this("Description")}',$,'Woning',#6820,#6816,$,$,.USERDEFINED.,$);
#6822=IFCPROPERTYSET('2FiJM5pCCmWRDTl80R83Dc',#18,'Pset_SpaceCommon',$,(#238,#6391));
#6823=IFCPROPERTYSET('3Osyk7TXiTwEwMOWQxNSli',#18,'Pset_SpaceHeaterTypeCommon',$,(#6391));
#6824=IFCPROPERTYSINGLEVALUE('Afnemer',$,IFCTEXT('Corporatie'),$);
#6825=IFCPROPERTYSINGLEVALUE('Bepalingsmethode',$,IFCTEXT('BI'),$);
#6826=IFCPROPERTYSINGLEVALUE('BouwwerkType',$,IFCTEXT('Woning'),$);
#6827=IFCPROPERTYSINGLEVALUE('EenheidNummer',$,IFCTEXT('04.00.12'),$);
#6828=IFCPROPERTYSINGLEVALUE('Segment',$,IFCTEXT('SSH'),$);
#6829=IFCPROPERTYSINGLEVALUE('WoningType',$,IFCTEXT('A'),$);
#6830=IFCPROPERTYSET('2bRMoyj6UobyGD$UuktQ2V',#18,'MiniGIM_ILS','',(#6824,#6825,#6826,#6827,#6828,#6829));
#6831=IFCRELDEFINESBYPROPERTIES('2nHDemwQzOGKRL2A2frRIM',#18,$,$,(#6821),#6822);
#6832=IFCRELDEFINESBYPROPERTIES('2vgzQ9QmQ0Qu__l_A5Jqni',#18,$,$,(#6821),#6823);
#6833=IFCRELDEFINESBYPROPERTIES('2MioeGmh$lmcxQTUJwyf0D',#18,$,$,(#6821),#6830);
#6834=IFCQUANTITYAREA('GrossFloorArea','',$,70.9917675313405,$);
#6835=IFCQUANTITYAREA('GrossCeilingArea','',$,154.500864821517,$);
#6836=IFCQUANTITYVOLUME('GrossVolume','',$,362.058014409837,$);
#6837=IFCQUANTITYVOLUME('NetVolume','',$,362.058014409837,$);
#6838=IFCELEMENTQUANTITY('2uyfk$OA2gpjaxu5VFWj0F',#18,'Qto_SpaceBaseQuantities',$,$,(#6834,#6835,#6836,#6837));
#6839=IFCRELDEFINESBYPROPERTIES('0LssltzQE6xsAyNNiaiVgJ',#18,$,$,(#6821),#6838);
#6840=IFCMAPPEDITEM(#6577,#191);
#6841=IFCSHAPEREPRESENTATION(#24,'Body','MappedRepresentation',(#6840));
#6842=IFCPRODUCTDEFINITIONSHAPE($,$,(#6841));
#6843=IFCCARTESIANPOINT((69.31841461121,58.2184016479347,0.));
#6844=IFCDIRECTION((0.999835823514431,0.0181197686855974,0.));
#6845=IFCAXIS2PLACEMENT3D(#6843,#9,#6844);
#6846=IFCLOCALPLACEMENT(#41,#6845);
#6847=IFCSPACE('2rSJL_clb68eBkbxGsLaf1',#18,'{$this("Description")}',$,'Woning',#6846,#6842,$,$,.USERDEFINED.,$);
#6848=IFCPROPERTYSET('3Mx8pKBAuykuBU5iF5pX5W',#18,'Pset_SpaceCommon',$,(#238,#6587));
#6849=IFCPROPERTYSET('2BoYrXoOmU_7b0RZ6wUg2C',#18,'Pset_SpaceHeaterTypeCommon',$,(#6587));
#6850=IFCPROPERTYSINGLEVALUE('Afnemer',$,IFCTEXT('Corporatie'),$);
#6851=IFCPROPERTYSINGLEVALUE('Bepalingsmethode',$,IFCTEXT('BI'),$);
#6852=IFCPROPERTYSINGLEVALUE('BouwwerkType',$,IFCTEXT('Woning'),$);
#6853=IFCPROPERTYSINGLEVALUE('EenheidNummer',$,IFCTEXT('04.00.13'),$);
#6854=IFCPROPERTYSINGLEVALUE('Segment',$,IFCTEXT('SSH'),$);
#6855=IFCPROPERTYSINGLEVALUE('WoningType',$,IFCTEXT('B'),$);
#6856=IFCPROPERTYSET('3Jav$N53q236Cd$TM86EjV',#18,'MiniGIM_ILS','',(#6850,#6851,#6852,#6853,#6854,#6855));
#6857=IFCRELDEFINESBYPROPERTIES('1SZWdQwq$yMh9GgjvQLqDd',#18,$,$,(#6847),#6848);
#6858=IFCRELDEFINESBYPROPERTIES('1YgypwQFdy4nElQ8HDlKwb',#18,$,$,(#6847),#6849);
#6859=IFCRELDEFINESBYPROPERTIES('38ftRGBTn54iDFyOUZpdx4',#18,$,$,(#6847),#6856);
#6860=IFCQUANTITYAREA('GrossFloorArea','',$,70.9917675313405,$);
#6861=IFCQUANTITYAREA('GrossCeilingArea','',$,161.050597942315,$);
#6862=IFCQUANTITYVOLUME('GrossVolume','',$,390.454721422373,$);
#6863=IFCQUANTITYVOLUME('NetVolume','',$,390.454721422373,$);
#6864=IFCELEMENTQUANTITY('3fHBHaakG6DpZc_RRQAXeg',#18,'Qto_SpaceBaseQuantities',$,$,(#6860,#6861,#6862,#6863));
#6865=IFCRELDEFINESBYPROPERTIES('3iLt7SpKUxPr9S5D3Wn4tf',#18,$,$,(#6847),#6864);
#6866=IFCMAPPEDITEM(#6381,#191);
#6867=IFCSHAPEREPRESENTATION(#24,'Body','MappedRepresentation',(#6866));
#6868=IFCPRODUCTDEFINITIONSHAPE($,$,(#6867));
#6869=IFCCARTESIANPOINT((72.5877104318194,106.351209065431,0.));
#6870=IFCDIRECTION((-0.0171304155329319,0.999853263666059,0.));
#6871=IFCAXIS2PLACEMENT3D(#6869,#9,#6870);
#6872=IFCLOCALPLACEMENT(#41,#6871);
#6873=IFCSPACE('2rSJL_clb68eBkbxGsLafW',#18,'{$this("Description")}',$,'Woning',#6872,#6868,$,$,.USERDEFINED.,$);
#6874=IFCPROPERTYSET('0rGchusUTYTItl3kQgt_4I',#18,'Pset_SpaceCommon',$,(#238,#6391));
#6875=IFCPROPERTYSET('20Plu1KP03W6J9ginf_zef',#18,'Pset_SpaceHeaterTypeCommon',$,(#6391));
#6876=IFCPROPERTYSINGLEVALUE('Afnemer',$,IFCTEXT('Particulier'),$);
#6877=IFCPROPERTYSINGLEVALUE('Bepalingsmethode',$,IFCTEXT('BI'),$);
#6878=IFCPROPERTYSINGLEVALUE('BouwwerkType',$,IFCTEXT('Woning'),$);
#6879=IFCPROPERTYSINGLEVALUE('EenheidNummer',$,IFCTEXT('04.00.19'),$);
#6880=IFCPROPERTYSINGLEVALUE('Segment',$,IFCTEXT('VSK'),$);
#6881=IFCPROPERTYSINGLEVALUE('WoningType',$,IFCTEXT('A'),$);
#6882=IFCPROPERTYSET('081ijiLONcbfmblaRHrcHN',#18,'MiniGIM_ILS','',(#6876,#6877,#6878,#6879,#6880,#6881));
#6883=IFCRELDEFINESBYPROPERTIES('0SrtjgzlHc7WikQzPaOdVd',#18,$,$,(#6873),#6874);
#6884=IFCRELDEFINESBYPROPERTIES('3o7X6Qho088q9nyqtGSkXB',#18,$,$,(#6873),#6875);
#6885=IFCRELDEFINESBYPROPERTIES('2MPtXiuxF8dBejDGIEWhPN',#18,$,$,(#6873),#6882);
#6886=IFCQUANTITYAREA('GrossFloorArea','',$,70.9917675313405,$);
#6887=IFCQUANTITYAREA('GrossCeilingArea','',$,154.500864821517,$);
#6888=IFCQUANTITYVOLUME('GrossVolume','',$,362.058014409837,$);
#6889=IFCQUANTITYVOLUME('NetVolume','',$,362.058014409837,$);
#6890=IFCELEMENTQUANTITY('2jxwBS9TrWAFl6f6qX8_hJ',#18,'Qto_SpaceBaseQuantities',$,$,(#6886,#6887,#6888,#6889));
#6891=IFCRELDEFINESBYPROPERTIES('0kgc8j10$DnXGnVjFRFgYr',#18,$,$,(#6873),#6890);
#6892=IFCMAPPEDITEM(#6577,#191);
#6893=IFCSHAPEREPRESENTATION(#24,'Body','MappedRepresentation',(#6892));
#6894=IFCPRODUCTDEFINITIONSHAPE($,$,(#6893));
#6895=IFCCARTESIANPOINT((72.500345312604,111.450460709977,0.));
#6896=IFCDIRECTION((-0.0171304155329324,0.999853263666059,0.));
#6897=IFCAXIS2PLACEMENT3D(#6895,#9,#6896);
#6898=IFCLOCALPLACEMENT(#41,#6897);
#6899=IFCSPACE('2rSJL_clb68eBkbxGsLafX',#18,'{$this("Description")}',$,'Woning',#6898,#6894,$,$,.USERDEFINED.,$);
#6900=IFCPROPERTYSET('22qxFdoDHnSh$mGEcmxz9J',#18,'Pset_SpaceCommon',$,(#238,#6587));
#6901=IFCPROPERTYSET('2AJ1ZMpyF4vOJcmkGjotKc',#18,'Pset_SpaceHeaterTypeCommon',$,(#6587));
#6902=IFCPROPERTYSINGLEVALUE('Afnemer',$,IFCTEXT('Particulier'),$);
#6903=IFCPROPERTYSINGLEVALUE('Bepalingsmethode',$,IFCTEXT('BI'),$);
#6904=IFCPROPERTYSINGLEVALUE('BouwwerkType',$,IFCTEXT('Woning'),$);
#6905=IFCPROPERTYSINGLEVALUE('EenheidNummer',$,IFCTEXT('04.00.20'),$);
#6906=IFCPROPERTYSINGLEVALUE('Segment',$,IFCTEXT('VSK'),$);
#6907=IFCPROPERTYSINGLEVALUE('WoningType',$,IFCTEXT('B'),$);
#6908=IFCPROPERTYSET('3GcNwbYKHir4AwRaLz$FQN',#18,'MiniGIM_ILS','',(#6902,#6903,#6904,#6905,#6906,#6907));
#6909=IFCRELDEFINESBYPROPERTIES('1n_3Tz62PvXQqzqujXZ5Uy',#18,$,$,(#6899),#6900);
#6910=IFCRELDEFINESBYPROPERTIES('2Mycm1ZsNOBMVobvMO1Pvd',#18,$,$,(#6899),#6901);
#6911=IFCRELDEFINESBYPROPERTIES('3BghR8aIYzTvzCKoseeL06',#18,$,$,(#6899),#6908);
#6912=IFCQUANTITYAREA('GrossFloorArea','',$,70.9917675313405,$);
#6913=IFCQUANTITYAREA('GrossCeilingArea','',$,161.050597942315,$);
#6914=IFCQUANTITYVOLUME('GrossVolume','',$,390.454721422373,$);
#6915=IFCQUANTITYVOLUME('NetVolume','',$,390.454721422373,$);
#6916=IFCELEMENTQUANTITY('2IAFajfiob$artMiJ$SyAg',#18,'Qto_SpaceBaseQuantities',$,$,(#6912,#6913,#6914,#6915));
#6917=IFCRELDEFINESBYPROPERTIES('37LsbJ_sr_SR1ZCmVhhqN0',#18,$,$,(#6899),#6916);
#6918=IFCMAPPEDITEM(#6381,#191);
#6919=IFCSHAPEREPRESENTATION(#24,'Body','MappedRepresentation',(#6918));
#6920=IFCPRODUCTDEFINITIONSHAPE($,$,(#6919));
#6921=IFCCARTESIANPOINT((72.6750755510373,101.251957420734,0.));
#6922=IFCDIRECTION((-0.0171304155329319,0.999853263666059,0.));
#6923=IFCAXIS2PLACEMENT3D(#6921,#9,#6922);
#6924=IFCLOCALPLACEMENT(#41,#6923);
#6925=IFCSPACE('2rSJL_clb68eBkbxGsLae7',#18,'{$this("Description")}',$,'Woning',#6924,#6920,$,$,.USERDEFINED.,$);
#6926=IFCPROPERTYSET('29G4EZIGto6cpI_Yob5btu',#18,'Pset_SpaceCommon',$,(#238,#6391));
#6927=IFCPROPERTYSET('1tPZ9QdPphNA5AwXkGp1tx',#18,'Pset_SpaceHeaterTypeCommon',$,(#6391));
#6928=IFCPROPERTYSINGLEVALUE('Afnemer',$,IFCTEXT('Particulier'),$);
#6929=IFCPROPERTYSINGLEVALUE('Bepalingsmethode',$,IFCTEXT('BI'),$);
#6930=IFCPROPERTYSINGLEVALUE('BouwwerkType',$,IFCTEXT('Woning'),$);
#6931=IFCPROPERTYSINGLEVALUE('EenheidNummer',$,IFCTEXT('04.00.18'),$);
#6932=IFCPROPERTYSINGLEVALUE('Segment',$,IFCTEXT('VSK'),$);
#6933=IFCPROPERTYSINGLEVALUE('WoningType',$,IFCTEXT('A'),$);
#6934=IFCPROPERTYSET('3rvschbNXf$EDcbZNPHSmI',#18,'MiniGIM_ILS','',(#6928,#6929,#6930,#6931,#6932,#6933));
#6935=IFCRELDEFINESBYPROPERTIES('2GnyP58M9AY_PGzaJ1J0MN',#18,$,$,(#6925),#6926);
#6936=IFCRELDEFINESBYPROPERTIES('13uPu3uAtM5arV5zuIYqzX',#18,$,$,(#6925),#6927);
#6937=IFCRELDEFINESBYPROPERTIES('0HIzrJ5sda0$c9TT7Rhd50',#18,$,$,(#6925),#6934);
#6938=IFCQUANTITYAREA('GrossFloorArea','',$,70.9917675313405,$);
#6939=IFCQUANTITYAREA('GrossCeilingArea','',$,154.500864821517,$);
#6940=IFCQUANTITYVOLUME('GrossVolume','',$,362.058014409837,$);
#6941=IFCQUANTITYVOLUME('NetVolume','',$,362.058014409837,$);
#6942=IFCELEMENTQUANTITY('2$iXX3eSFuvce8Yt1BL_5$',#18,'Qto_SpaceBaseQuantities',$,$,(#6938,#6939,#6940,#6941));
#6943=IFCRELDEFINESBYPROPERTIES('0UVthnpDjAioEf3KT6Zj8t',#18,$,$,(#6925),#6942);
#6944=IFCMAPPEDITEM(#6381,#191);
#6945=IFCSHAPEREPRESENTATION(#24,'Body','MappedRepresentation',(#6944));
#6946=IFCPRODUCTDEFINITIONSHAPE($,$,(#6945));
#6947=IFCCARTESIANPOINT((72.7624406702553,96.152705776037,0.));
#6948=IFCDIRECTION((-0.0171304155329319,0.999853263666059,0.));
#6949=IFCAXIS2PLACEMENT3D(#6947,#9,#6948);
#6950=IFCLOCALPLACEMENT(#41,#6949);
#6951=IFCSPACE('2rSJL_clb68eBkbxGsLaeM',#18,'{$this("Description")}',$,'Woning',#6950,#6946,$,$,.USERDEFINED.,$);
#6952=IFCPROPERTYSET('2QJMNovocvygNVC0$EwiQo',#18,'Pset_SpaceCommon',$,(#238,#6391));
#6953=IFCPROPERTYSET('3h5m8DDrfDUdBhP9gZWE30',#18,'Pset_SpaceHeaterTypeCommon',$,(#6391));
#6954=IFCPROPERTYSINGLEVALUE('Afnemer',$,IFCTEXT('Particulier'),$);
#6955=IFCPROPERTYSINGLEVALUE('Bepalingsmethode',$,IFCTEXT('BI'),$);
#6956=IFCPROPERTYSINGLEVALUE('BouwwerkType',$,IFCTEXT('Woning'),$);
#6957=IFCPROPERTYSINGLEVALUE('EenheidNummer',$,IFCTEXT('05.00.17'),$);
#6958=IFCPROPERTYSINGLEVALUE('Segment',$,IFCTEXT('VSK'),$);
#6959=IFCPROPERTYSINGLEVALUE('WoningType',$,IFCTEXT('A'),$);
#6960=IFCPROPERTYSET('1EWD1hsT7AWuokD$gQx7AQ',#18,'MiniGIM_ILS','',(#6954,#6955,#6956,#6957,#6958,#6959));
#6961=IFCRELDEFINESBYPROPERTIES('1UPXZcEjRloW3RWQYH4dEc',#18,$,$,(#6951),#6952);
#6962=IFCRELDEFINESBYPROPERTIES('2bt2AY6deVWgV1ALjn28PP',#18,$,$,(#6951),#6953);
#6963=IFCRELDEFINESBYPROPERTIES('1ywdJD7KvbjkE_oDXh42i2',#18,$,$,(#6951),#6960);
#6964=IFCQUANTITYAREA('GrossFloorArea','',$,70.9917675313405,$);
#6965=IFCQUANTITYAREA('GrossCeilingArea','',$,154.500864821517,$);
#6966=IFCQUANTITYVOLUME('GrossVolume','',$,362.058014409837,$);
#6967=IFCQUANTITYVOLUME('NetVolume','',$,362.058014409837,$);
#6968=IFCELEMENTQUANTITY('02Otqe1hbsx3t70_2VLOF$',#18,'Qto_SpaceBaseQuantities',$,$,(#6964,#6965,#6966,#6967));
#6969=IFCRELDEFINESBYPROPERTIES('30OEEaiccp$lJQjj8KtP6o',#18,$,$,(#6951),#6968);
#6970=IFCMAPPEDITEM(#6381,#191);
#6971=IFCSHAPEREPRESENTATION(#24,'Body','MappedRepresentation',(#6970));
#6972=IFCPRODUCTDEFINITIONSHAPE($,$,(#6971));
#6973=IFCCARTESIANPOINT((72.8498057894732,91.0534541313401,0.));
#6974=IFCDIRECTION((-0.0171304155329319,0.999853263666059,0.));
#6975=IFCAXIS2PLACEMENT3D(#6973,#9,#6974);
#6976=IFCLOCALPLACEMENT(#41,#6975);
#6977=IFCSPACE('2rSJL_clb68eBkbxGsLaeX',#18,'{$this("Description")}',$,'Woning',#6976,#6972,$,$,.USERDEFINED.,$);
#6978=IFCPROPERTYSET('3X_mhjugoUXJg8GorUK4$w',#18,'Pset_SpaceCommon',$,(#238,#6391));
#6979=IFCPROPERTYSET('2QosYt_TWLr5QW0Sl30tfu',#18,'Pset_SpaceHeaterTypeCommon',$,(#6391));
#6980=IFCPROPERTYSINGLEVALUE('Afnemer',$,IFCTEXT('Particulier'),$);
#6981=IFCPROPERTYSINGLEVALUE('Bepalingsmethode',$,IFCTEXT('BI'),$);
#6982=IFCPROPERTYSINGLEVALUE('BouwwerkType',$,IFCTEXT('Woning'),$);
#6983=IFCPROPERTYSINGLEVALUE('EenheidNummer',$,IFCTEXT('04.00.16'),$);
#6984=IFCPROPERTYSINGLEVALUE('Segment',$,IFCTEXT('VSK'),$);
#6985=IFCPROPERTYSINGLEVALUE('WoningType',$,IFCTEXT('A'),$);
#6986=IFCPROPERTYSET('31isgGsvc8gzdlUciPvzdl',#18,'MiniGIM_ILS','',(#6980,#6981,#6982,#6983,#6984,#6985));
#6987=IFCRELDEFINESBYPROPERTIES('3sdQWtx7NkVZMzmePnOexO',#18,$,$,(#6977),#6978);
#6988=IFCRELDEFINESBYPROPERTIES('3pBUpREin8Rd6QTrXUSOmn',#18,$,$,(#6977),#6979);
#6989=IFCRELDEFINESBYPROPERTIES('2Qv82l5bU6OE7g4grnk8j9',#18,$,$,(#6977),#6986);
#6990=IFCQUANTITYAREA('GrossFloorArea','',$,70.9917675313405,$);
#6991=IFCQUANTITYAREA('GrossCeilingArea','',$,154.500864821517,$);
#6992=IFCQUANTITYVOLUME('GrossVolume','',$,362.058014409837,$);
#6993=IFCQUANTITYVOLUME('NetVolume','',$,362.058014409837,$);
#6994=IFCELEMENTQUANTITY('0jzfITl$GTu7ThGMlYI4E3',#18,'Qto_SpaceBaseQuantities',$,$,(#6990,#6991,#6992,#6993));
#6995=IFCRELDEFINESBYPROPERTIES('0sf7AeGeOk9RsCv78yCLuP',#18,$,$,(#6977),#6994);
#6996=IFCMAPPEDITEM(#6381,#191);
#6997=IFCSHAPEREPRESENTATION(#24,'Body','MappedRepresentation',(#6996));
#6998=IFCPRODUCTDEFINITIONSHAPE($,$,(#6997));
#6999=IFCCARTESIANPOINT((72.9371709086912,85.9542024866432,0.));
#7000=IFCDIRECTION((-0.0171304155329319,0.999853263666059,0.));
#7001=IFCAXIS2PLACEMENT3D(#6999,#9,#7000);
#7002=IFCLOCALPLACEMENT(#41,#7001);
#7003=IFCSPACE('2rSJL_clb68eBkbxGsLaem',#18,'{$this("Description")}',$,'Woning',#7002,#6998,$,$,.USERDEFINED.,$);
#7004=IFCPROPERTYSET('1_DffrN6VW_9ti6ucIClVI',#18,'Pset_SpaceCommon',$,(#238,#6391));
#7005=IFCPROPERTYSET('3qBZ3ZNtAF$Fw$xu3xMdAA',#18,'Pset_SpaceHeaterTypeCommon',$,(#6391));
#7006=IFCPROPERTYSINGLEVALUE('Afnemer',$,IFCTEXT('Particulier'),$);
#7007=IFCPROPERTYSINGLEVALUE('Bepalingsmethode',$,IFCTEXT('BI'),$);
#7008=IFCPROPERTYSINGLEVALUE('BouwwerkType',$,IFCTEXT('Woning'),$);
#7009=IFCPROPERTYSINGLEVALUE('EenheidNummer',$,IFCTEXT('04.00.15'),$);
#7010=IFCPROPERTYSINGLEVALUE('Segment',$,IFCTEXT('VSK'),$);
#7011=IFCPROPERTYSINGLEVALUE('WoningType',$,IFCTEXT('A'),$);
#7012=IFCPROPERTYSET('3cK2va7WkOsk7c8ZmmHdX6',#18,'MiniGIM_ILS','',(#7006,#7007,#7008,#7009,#7010,#7011));
#7013=IFCRELDEFINESBYPROPERTIES('3cKRp1gon9au7HPYpIlIjO',#18,$,$,(#7003),#7004);
#7014=IFCRELDEFINESBYPROPERTIES('2u$CeDGEGbtN5dHfOaSRIF',#18,$,$,(#7003),#7005);
#7015=IFCRELDEFINESBYPROPERTIES('3vnaesbMPQhg4Cc8vJIrOO',#18,$,$,(#7003),#7012);
#7016=IFCQUANTITYAREA('GrossFloorArea','',$,70.9917675313405,$);
#7017=IFCQUANTITYAREA('GrossCeilingArea','',$,154.500864821517,$);
#7018=IFCQUANTITYVOLUME('GrossVolume','',$,362.058014409837,$);
#7019=IFCQUANTITYVOLUME('NetVolume','',$,362.058014409837,$);
#7020=IFCELEMENTQUANTITY('3NkT5Wtc0d6Bq1vWrB84Hw',#18,'Qto_SpaceBaseQuantities',$,$,(#7016,#7017,#7018,#7019));
#7021=IFCRELDEFINESBYPROPERTIES('2GmU0eHhJdygBP5cvDVeNQ',#18,$,$,(#7003),#7020);
#7022=IFCMAPPEDITEM(#6577,#191);
#7023=IFCSHAPEREPRESENTATION(#24,'Body','MappedRepresentation',(#7022));
#7024=IFCPRODUCTDEFINITIONSHAPE($,$,(#7023));
#7025=IFCCARTESIANPOINT((73.0245360279091,80.4548921387989,0.));
#7026=IFCDIRECTION((-0.0171304155329319,0.999853263666059,0.));
#7027=IFCAXIS2PLACEMENT3D(#7025,#9,#7026);
#7028=IFCLOCALPLACEMENT(#41,#7027);
#7029=IFCSPACE('2rSJL_clb68eBkbxGsLah3',#18,'{$this("Description")}',$,'Woning',#7028,#7024,$,$,.USERDEFINED.,$);
#7030=IFCPROPERTYSET('0GtI59uuNl8sDhKivFWDcm',#18,'Pset_SpaceCommon',$,(#238,#6587));
#7031=IFCPROPERTYSET('1pHls6OuwvQGiOfAsa90K3',#18,'Pset_SpaceHeaterTypeCommon',$,(#6587));
#7032=IFCPROPERTYSINGLEVALUE('Afnemer',$,IFCTEXT('Particulier'),$);
#7033=IFCPROPERTYSINGLEVALUE('Bepalingsmethode',$,IFCTEXT('BI'),$);
#7034=IFCPROPERTYSINGLEVALUE('BouwwerkType',$,IFCTEXT('Woning'),$);
#7035=IFCPROPERTYSINGLEVALUE('EenheidNummer',$,IFCTEXT('04.00.14'),$);
#7036=IFCPROPERTYSINGLEVALUE('Segment',$,IFCTEXT('VSK'),$);
#7037=IFCPROPERTYSINGLEVALUE('WoningType',$,IFCTEXT('B'),$);
#7038=IFCPROPERTYSET('3grZlpKalVm77xzB8cMEXF',#18,'MiniGIM_ILS','',(#7032,#7033,#7034,#7035,#7036,#7037));
#7039=IFCRELDEFINESBYPROPERTIES('0AHNJ0dCpNwIUPjsuWPbkt',#18,$,$,(#7029),#7030);
#7040=IFCRELDEFINESBYPROPERTIES('1ZKtAoqK5PfYf4R7HgincM',#18,$,$,(#7029),#7031);
#7041=IFCRELDEFINESBYPROPERTIES('2M2C77vOv0d6XZUhMAAajh',#18,$,$,(#7029),#7038);
#7042=IFCQUANTITYAREA('GrossFloorArea','',$,70.9917675313405,$);
#7043=IFCQUANTITYAREA('GrossCeilingArea','',$,161.050597942315,$);
#7044=IFCQUANTITYVOLUME('GrossVolume','',$,390.454721422373,$);
#7045=IFCQUANTITYVOLUME('NetVolume','',$,390.454721422373,$);
#7046=IFCELEMENTQUANTITY('2umfFQXqzjGsXhYO9S3GyG',#18,'Qto_SpaceBaseQuantities',$,$,(#7042,#7043,#7044,#7045));
#7047=IFCRELDEFINESBYPROPERTIES('3iG$FJK$U0Y9u5JORg1uYg',#18,$,$,(#7029),#7046);
#7048=IFCMAPPEDITEM(#6381,#191);
#7049=IFCSHAPEREPRESENTATION(#24,'Body','MappedRepresentation',(#7048));
#7050=IFCPRODUCTDEFINITIONSHAPE($,$,(#7049));
#7051=IFCCARTESIANPOINT((36.6934591297927,161.86484744301,0.));
#7052=IFCDIRECTION((-0.0171304155329319,0.999853263666059,0.));
#7053=IFCAXIS2PLACEMENT3D(#7051,#9,#7052);
#7054=IFCLOCALPLACEMENT(#41,#7053);
#7055=IFCSPACE('2rSJL_clb68eBkbxGsLahl',#18,'{$this("Description")}',$,'Woning',#7054,#7050,$,$,.USERDEFINED.,$);
#7056=IFCPROPERTYSET('0PwdkpyrbUtfAhPweWJ1iZ',#18,'Pset_SpaceCommon',$,(#238,#6391));
#7057=IFCPROPERTYSET('1VX7oG$warv0rEx_loysCG',#18,'Pset_SpaceHeaterTypeCommon',$,(#6391));
#7058=IFCPROPERTYSINGLEVALUE('Afnemer',$,IFCTEXT('Particulier'),$);
#7059=IFCPROPERTYSINGLEVALUE('Bepalingsmethode',$,IFCTEXT('BI'),$);
#7060=IFCPROPERTYSINGLEVALUE('BouwwerkType',$,IFCTEXT('Woning'),$);
#7061=IFCPROPERTYSINGLEVALUE('EenheidNummer',$,IFCTEXT('02.00.03'),$);
#7062=IFCPROPERTYSINGLEVALUE('Segment',$,IFCTEXT('VSK'),$);
#7063=IFCPROPERTYSINGLEVALUE('WoningType',$,IFCTEXT('A'),$);
#7064=IFCPROPERTYSET('0gcfqeJZ3VcNHE$gmhzC9t',#18,'MiniGIM_ILS','',(#7058,#7059,#7060,#7061,#7062,#7063));
#7065=IFCRELDEFINESBYPROPERTIES('0$BAn99b99boqvo7vrbBGn',#18,$,$,(#7055),#7056);
#7066=IFCRELDEFINESBYPROPERTIES('3Fdt6v2_HZuqLCWrowLFmR',#18,$,$,(#7055),#7057);
#7067=IFCRELDEFINESBYPROPERTIES('35zI_0GVYbqlucwdsaVrFt',#18,$,$,(#7055),#7064);
#7068=IFCQUANTITYAREA('GrossFloorArea','',$,70.9917675313405,$);
#7069=IFCQUANTITYAREA('GrossCeilingArea','',$,154.500864821517,$);
#7070=IFCQUANTITYVOLUME('GrossVolume','',$,362.058014409837,$);
#7071=IFCQUANTITYVOLUME('NetVolume','',$,362.058014409837,$);
#7072=IFCELEMENTQUANTITY('0uPs69PV9UcPPqNfCJ$ZJb',#18,'Qto_SpaceBaseQuantities',$,$,(#7068,#7069,#7070,#7071));
#7073=IFCRELDEFINESBYPROPERTIES('1mSguwBUa97ldYAw5Gbv7K',#18,$,$,(#7055),#7072);
#7074=IFCMAPPEDITEM(#6577,#191);
#7075=IFCSHAPEREPRESENTATION(#24,'Body','MappedRepresentation',(#7074));
#7076=IFCPRODUCTDEFINITIONSHAPE($,$,(#7075));
#7077=IFCCARTESIANPOINT((36.6060940105773,166.964099087557,0.));
#7078=IFCDIRECTION((-0.0171304155329324,0.999853263666059,0.));
#7079=IFCAXIS2PLACEMENT3D(#7077,#9,#7078);
#7080=IFCLOCALPLACEMENT(#41,#7079);
#7081=IFCSPACE('2rSJL_clb68eBkbxGsLahi',#18,'{$this("Description")}',$,'Woning',#7080,#7076,$,$,.USERDEFINED.,$);
#7082=IFCPROPERTYSET('0cVEe6OLE76dlA6jaQq1K4',#18,'Pset_SpaceCommon',$,(#238,#6587));
#7083=IFCPROPERTYSET('2xFuUL9xCqft0uNBfTNamH',#18,'Pset_SpaceHeaterTypeCommon',$,(#6587));
#7084=IFCPROPERTYSINGLEVALUE('Afnemer',$,IFCTEXT('Particulier'),$);
#7085=IFCPROPERTYSINGLEVALUE('Bepalingsmethode',$,IFCTEXT('BI'),$);
#7086=IFCPROPERTYSINGLEVALUE('BouwwerkType',$,IFCTEXT('Woning'),$);
#7087=IFCPROPERTYSINGLEVALUE('EenheidNummer',$,IFCTEXT('02.00.02'),$);
#7088=IFCPROPERTYSINGLEVALUE('Segment',$,IFCTEXT('VSK'),$);
#7089=IFCPROPERTYSINGLEVALUE('WoningType',$,IFCTEXT('B'),$);
#7090=IFCPROPERTYSET('1Luf_8xQ3TaXujLxt96I1F',#18,'MiniGIM_ILS','',(#7084,#7085,#7086,#7087,#7088,#7089));
#7091=IFCRELDEFINESBYPROPERTIES('2zbMWQIIkDrcJjPJlnYtv4',#18,$,$,(#7081),#7082);
#7092=IFCRELDEFINESBYPROPERTIES('1X88IRp0ver4XukjvL4Lnw',#18,$,$,(#7081),#7083);
#7093=IFCRELDEFINESBYPROPERTIES('0JS3n4TpOw18djeMtjDTkg',#18,$,$,(#7081),#7090);
#7094=IFCQUANTITYAREA('GrossFloorArea','',$,70.9917675313405,$);
#7095=IFCQUANTITYAREA('GrossCeilingArea','',$,161.050597942315,$);
#7096=IFCQUANTITYVOLUME('GrossVolume','',$,390.454721422373,$);
#7097=IFCQUANTITYVOLUME('NetVolume','',$,390.454721422373,$);
#7098=IFCELEMENTQUANTITY('14_qbV7QkXwiQnkqbHsxRB',#18,'Qto_SpaceBaseQuantities',$,$,(#7094,#7095,#7096,#7097));
#7099=IFCRELDEFINESBYPROPERTIES('1RswH1xP0BF0DRZpbXfE0J',#18,$,$,(#7081),#7098);
#7100=IFCMAPPEDITEM(#6381,#191);
#7101=IFCSHAPEREPRESENTATION(#24,'Body','MappedRepresentation',(#7100));
#7102=IFCPRODUCTDEFINITIONSHAPE($,$,(#7101));
#7103=IFCCARTESIANPOINT((36.7808242490106,156.765595798313,0.));
#7104=IFCDIRECTION((-0.0171304155329319,0.999853263666059,0.));
#7105=IFCAXIS2PLACEMENT3D(#7103,#9,#7104);
#7106=IFCLOCALPLACEMENT(#41,#7105);
#7107=IFCSPACE('2rSJL_clb68eBkbxGsLag0',#18,'{$this("Description")}',$,'Woning',#7106,#7102,$,$,.USERDEFINED.,$);
#7108=IFCPROPERTYSET('1mQ2LxLtbD6cYNTvyJ_Ejr',#18,'Pset_SpaceCommon',$,(#238,#6391));
#7109=IFCPROPERTYSET('3dtqtifY6NqRaReNE_kL07',#18,'Pset_SpaceHeaterTypeCommon',$,(#6391));
#7110=IFCPROPERTYSINGLEVALUE('Afnemer',$,IFCTEXT('Particulier'),$);
#7111=IFCPROPERTYSINGLEVALUE('Bepalingsmethode',$,IFCTEXT('BI'),$);
#7112=IFCPROPERTYSINGLEVALUE('BouwwerkType',$,IFCTEXT('Woning'),$);
#7113=IFCPROPERTYSINGLEVALUE('EenheidNummer',$,IFCTEXT('02.00.04'),$);
#7114=IFCPROPERTYSINGLEVALUE('Segment',$,IFCTEXT('VSK'),$);
#7115=IFCPROPERTYSINGLEVALUE('WoningType',$,IFCTEXT('A'),$);
#7116=IFCPROPERTYSET('016hp6HP35s4Ul2f5pLJTP',#18,'MiniGIM_ILS','',(#7110,#7111,#7112,#7113,#7114,#7115));
#7117=IFCRELDEFINESBYPROPERTIES('3HrXG68fhczbRVTvKxpWmN',#18,$,$,(#7107),#7108);
#7118=IFCRELDEFINESBYPROPERTIES('3$4BLtWM8_iNFDhon4dZw6',#18,$,$,(#7107),#7109);
#7119=IFCRELDEFINESBYPROPERTIES('1eRKfAVcyOa4tjIFvDD1Gr',#18,$,$,(#7107),#7116);
#7120=IFCQUANTITYAREA('GrossFloorArea','',$,70.9917675313405,$);
#7121=IFCQUANTITYAREA('GrossCeilingArea','',$,154.500864821517,$);
#7122=IFCQUANTITYVOLUME('GrossVolume','',$,362.058014409837,$);
#7123=IFCQUANTITYVOLUME('NetVolume','',$,362.058014409837,$);
#7124=IFCELEMENTQUANTITY('3s6AnDsw4wNEEp3wbWgL85',#18,'Qto_SpaceBaseQuantities',$,$,(#7120,#7121,#7122,#7123));
#7125=IFCRELDEFINESBYPROPERTIES('0dxO$IPOjV1qR8NjRcZjTI',#18,$,$,(#7107),#7124);
#7126=IFCMAPPEDITEM(#6381,#191);
#7127=IFCSHAPEREPRESENTATION(#24,'Body','MappedRepresentation',(#7126));
#7128=IFCPRODUCTDEFINITIONSHAPE($,$,(#7127));
#7129=IFCCARTESIANPOINT((36.8681893682286,151.666344153617,0.));
#7130=IFCDIRECTION((-0.0171304155329319,0.999853263666059,0.));
#7131=IFCAXIS2PLACEMENT3D(#7129,#9,#7130);
#7132=IFCLOCALPLACEMENT(#41,#7131);
#7133=IFCSPACE('2rSJL_clb68eBkbxGsLagJ',#18,'{$this("Description")}',$,'Woning',#7132,#7128,$,$,.USERDEFINED.,$);
#7134=IFCPROPERTYSET('1tsYNhnQJEbysLJ8G3ZPDS',#18,'Pset_SpaceCommon',$,(#238,#6391));
#7135=IFCPROPERTYSET('06TcvJBq_S7KNM$M5yzGXn',#18,'Pset_SpaceHeaterTypeCommon',$,(#6391));
#7136=IFCPROPERTYSINGLEVALUE('Afnemer',$,IFCTEXT('Particulier'),$);
#7137=IFCPROPERTYSINGLEVALUE('Bepalingsmethode',$,IFCTEXT('BI'),$);
#7138=IFCPROPERTYSINGLEVALUE('BouwwerkType',$,IFCTEXT('Woning'),$);
#7139=IFCPROPERTYSINGLEVALUE('EenheidNummer',$,IFCTEXT('02.00.05'),$);
#7140=IFCPROPERTYSINGLEVALUE('Segment',$,IFCTEXT('VSK'),$);
#7141=IFCPROPERTYSINGLEVALUE('WoningType',$,IFCTEXT('A'),$);
#7142=IFCPROPERTYSET('3VjnawpyWz83XSD_gb3nU6',#18,'MiniGIM_ILS','',(#7136,#7137,#7138,#7139,#7140,#7141));
#7143=IFCRELDEFINESBYPROPERTIES('3igbpyir7ADa0eq3AoT5Ny',#18,$,$,(#7133),#7134);
#7144=IFCRELDEFINESBYPROPERTIES('3OLtoSy37i98wrzAlAoRf7',#18,$,$,(#7133),#7135);
#7145=IFCRELDEFINESBYPROPERTIES('2ClrUWE6Xg5CXyExtGeK6n',#18,$,$,(#7133),#7142);
#7146=IFCQUANTITYAREA('GrossFloorArea','',$,70.9917675313405,$);
#7147=IFCQUANTITYAREA('GrossCeilingArea','',$,154.500864821517,$);
#7148=IFCQUANTITYVOLUME('GrossVolume','',$,362.058014409837,$);
#7149=IFCQUANTITYVOLUME('NetVolume','',$,362.058014409837,$);
#7150=IFCELEMENTQUANTITY('3jpiPm9HXKM6B_KI6ffvPv',#18,'Qto_SpaceBaseQuantities',$,$,(#7146,#7147,#7148,#7149));
#7151=IFCRELDEFINESBYPROPERTIES('3snuHNoivfEiAKaOXky9kE',#18,$,$,(#7133),#7150);
#7152=IFCMAPPEDITEM(#6381,#191);
#7153=IFCSHAPEREPRESENTATION(#24,'Body','MappedRepresentation',(#7152));
#7154=IFCPRODUCTDEFINITIONSHAPE($,$,(#7153));
#7155=IFCCARTESIANPOINT((36.9555544874465,146.56709250892,0.));
#7156=IFCDIRECTION((-0.0171304155329319,0.999853263666059,0.));
#7157=IFCAXIS2PLACEMENT3D(#7155,#9,#7156);
#7158=IFCLOCALPLACEMENT(#41,#7157);
#7159=IFCSPACE('2rSJL_clb68eBkbxGsLagY',#18,'{$this("Description")}',$,'Woning',#7158,#7154,$,$,.USERDEFINED.,$);
#7160=IFCPROPERTYSET('2t12Gt5t7dCn_mbMK6_xBL',#18,'Pset_SpaceCommon',$,(#238,#6391));
#7161=IFCPROPERTYSET('2SCERwWun26_Ycer6ag89F',#18,'Pset_SpaceHeaterTypeCommon',$,(#6391));
#7162=IFCPROPERTYSINGLEVALUE('Afnemer',$,IFCTEXT('Particulier'),$);
#7163=IFCPROPERTYSINGLEVALUE('Bepalingsmethode',$,IFCTEXT('BI'),$);
#7164=IFCPROPERTYSINGLEVALUE('BouwwerkType',$,IFCTEXT('Woning'),$);
#7165=IFCPROPERTYSINGLEVALUE('EenheidNummer',$,IFCTEXT('02.00.06'),$);
#7166=IFCPROPERTYSINGLEVALUE('Segment',$,IFCTEXT('VSK'),$);
#7167=IFCPROPERTYSINGLEVALUE('WoningType',$,IFCTEXT('A'),$);
#7168=IFCPROPERTYSET('1gCFPntispMVNSXb1KUANm',#18,'MiniGIM_ILS','',(#7162,#7163,#7164,#7165,#7166,#7167));
#7169=IFCRELDEFINESBYPROPERTIES('2xGUuYyyytviLWEQ1aCeuT',#18,$,$,(#7159),#7160);
#7170=IFCRELDEFINESBYPROPERTIES('2_wJvksHyi3T76uD9_hW0l',#18,$,$,(#7159),#7161);
#7171=IFCRELDEFINESBYPROPERTIES('1p9WKCOrsW8ZmtcNrb4J$N',#18,$,$,(#7159),#7168);
#7172=IFCQUANTITYAREA('GrossFloorArea','',$,70.9917675313405,$);
#7173=IFCQUANTITYAREA('GrossCeilingArea','',$,154.500864821517,$);
#7174=IFCQUANTITYVOLUME('GrossVolume','',$,362.058014409837,$);
#7175=IFCQUANTITYVOLUME('NetVolume','',$,362.058014409837,$);
#7176=IFCELEMENTQUANTITY('03sw6sQW5EjdgasmdF7V10',#18,'Qto_SpaceBaseQuantities',$,$,(#7172,#7173,#7174,#7175));
#7177=IFCRELDEFINESBYPROPERTIES('0mP0hFfycPpWAj_qISoV3W',#18,$,$,(#7159),#7176);
#7178=IFCMAPPEDITEM(#6577,#191);
#7179=IFCSHAPEREPRESENTATION(#24,'Body','MappedRepresentation',(#7178));
#7180=IFCPRODUCTDEFINITIONSHAPE($,$,(#7179));
#7181=IFCCARTESIANPOINT((37.0497717728776,141.067899558756,0.));
#7182=IFCDIRECTION((-0.0171304155329319,0.999853263666059,0.));
#7183=IFCAXIS2PLACEMENT3D(#7181,#9,#7182);
#7184=IFCLOCALPLACEMENT(#41,#7183);
#7185=IFCSPACE('2rSJL_clb68eBkbxGsLagz',#18,'{$this("Description")}',$,'Woning',#7184,#7180,$,$,.USERDEFINED.,$);
#7186=IFCPROPERTYSET('0rAwjyQA17FEXKAatp1Itf',#18,'Pset_SpaceCommon',$,(#238,#6587));
#7187=IFCPROPERTYSET('2rWGHxmfY547_iF3PIrMFi',#18,'Pset_SpaceHeaterTypeCommon',$,(#6587));
#7188=IFCPROPERTYSINGLEVALUE('Afnemer',$,IFCTEXT('Particulier'),$);
#7189=IFCPROPERTYSINGLEVALUE('Bepalingsmethode',$,IFCTEXT('BI'),$);
#7190=IFCPROPERTYSINGLEVALUE('BouwwerkType',$,IFCTEXT('Woning'),$);
#7191=IFCPROPERTYSINGLEVALUE('EenheidNummer',$,IFCTEXT('02.00.07'),$);
#7192=IFCPROPERTYSINGLEVALUE('Segment',$,IFCTEXT('VSK'),$);
#7193=IFCPROPERTYSINGLEVALUE('WoningType',$,IFCTEXT('B'),$);
#7194=IFCPROPERTYSET('2lcXjhIqbK2AqDjUk5Yhig',#18,'MiniGIM_ILS','',(#7188,#7189,#7190,#7191,#7192,#7193));
#7195=IFCRELDEFINESBYPROPERTIES('3RjyD96GUUU26ByPc$EjeX',#18,$,$,(#7185),#7186);
#7196=IFCRELDEFINESBYPROPERTIES('0bEvGX66g3HQHhmVPQBkXI',#18,$,$,(#7185),#7187);
#7197=IFCRELDEFINESBYPROPERTIES('1W0tk8Yz8iHmgG6szTvvsb',#18,$,$,(#7185),#7194);
#7198=IFCQUANTITYAREA('GrossFloorArea','',$,70.9917675313405,$);
#7199=IFCQUANTITYAREA('GrossCeilingArea','',$,161.050597942315,$);
#7200=IFCQUANTITYVOLUME('GrossVolume','',$,390.454721422373,$);
#7201=IFCQUANTITYVOLUME('NetVolume','',$,390.454721422373,$);
#7202=IFCELEMENTQUANTITY('33oxSKlu9qfXOpkV3ZMqLc',#18,'Qto_SpaceBaseQuantities',$,$,(#7198,#7199,#7200,#7201));
#7203=IFCRELDEFINESBYPROPERTIES('3pQisSQU9sommnFzqVos1v',#18,$,$,(#7185),#7202);
#7204=IFCAXIS2PLACEMENT3D(#3,$,$);
#7206=IFCCARTESIANPOINTLIST2D(((-1.64481033194045,-4.50000000000001),(4.35518966805956,-4.50000000000001),(4.35518966805959,4.50000000000002),(-1.64481033194046,4.50000000000002),(-5.42075867223823,-2.27402097152662E-14),(-1.64481033194045,-4.50000000000001)));
#7207=IFCINDEXEDPOLYCURVE(#7206,$,.F.);
#7208=IFCARBITRARYCLOSEDPROFILEDEF(.AREA.,'2 kapper 5700',#7207);
#7209=IFCCARTESIANPOINT((0.,4.50000000000001,4.35518966805957));
#7210=IFCAXIS2PLACEMENT3D(#7209,#5,#10);
#7211=IFCEXTRUDEDAREASOLID(#7208,#7210,#9,6.2);
#7212=IFCSTYLEDITEM(#7211,(#111),$);
#7213=IFCSHAPEREPRESENTATION(#24,'Body','SweptSolid',(#7211));
#7214=IFCAXIS2PLACEMENT3D(#3,$,$);
#7215=IFCREPRESENTATIONMAP(#7214,#7213);
#7216=IFCSPACETYPE('2rSJL_clb68eBkbxGsLajK',#18,'Conceptwoning:2 kapper 5700',$,$,$,(#7215),'1430302',$,.USERDEFINED.,$);
#7217=IFCMAPPEDITEM(#7215,#191);
#7218=IFCSHAPEREPRESENTATION(#24,'Body','MappedRepresentation',(#7217));
#7219=IFCPRODUCTDEFINITIONSHAPE($,$,(#7218));
#7220=IFCCARTESIANPOINT((48.7525811059834,214.989278544213,0.));
#7221=IFCDIRECTION((-0.999850232256658,-0.017306445513352,0.));
#7222=IFCAXIS2PLACEMENT3D(#7220,#9,#7221);
#7223=IFCLOCALPLACEMENT(#41,#7222);
#7224=IFCSPACE('2rSJL_clb68eBkbxGsLaj4',#18,'{$this("Description")}',$,'Woning',#7223,#7219,$,$,.USERDEFINED.,$);
#7225=IFCPROPERTYSINGLEVALUE('Reference',$,IFCIDENTIFIER('2 kapper 5700'),$);
#7226=IFCPROPERTYSET('3uqTl5f8wujwXRBp7bzl4B',#18,'Pset_SpaceCommon',$,(#238,#7225));
#7227=IFCPROPERTYSET('2YnP5nKwfAkE$khHcgtm01',#18,'Pset_SpaceHeaterTypeCommon',$,(#7225));
#7228=IFCPROPERTYSINGLEVALUE('Afnemer',$,IFCTEXT('Particulier'),$);
#7229=IFCPROPERTYSINGLEVALUE('Bepalingsmethode',$,IFCTEXT('BI'),$);
#7230=IFCPROPERTYSINGLEVALUE('BouwwerkType',$,IFCTEXT('Woning'),$);
#7231=IFCPROPERTYSINGLEVALUE('EenheidNummer',$,IFCTEXT('01.00.02'),$);
#7232=IFCPROPERTYSINGLEVALUE('Segment',$,IFCTEXT('VSK'),$);
#7233=IFCPROPERTYSINGLEVALUE('WoningType',$,IFCTEXT('C'),$);
#7234=IFCPROPERTYSET('0$2T1wdSi73$lXykNdcmWK',#18,'MiniGIM_ILS','',(#7228,#7229,#7230,#7231,#7232,#7233));
#7235=IFCRELDEFINESBYPROPERTIES('0zVDmKSOjP6ZyfqS4_iD7z',#18,$,$,(#7224),#7226);
#7236=IFCRELDEFINESBYPROPERTIES('0dJgRm_BV_8j35mMKH9m9W',#18,$,$,(#7224),#7227);
#7237=IFCRELDEFINESBYPROPERTIES('2dmWx6VaKs9laNpVYWYIN$',#18,$,$,(#7224),#7234);
#7238=IFCQUANTITYAREA('GrossFloorArea','',$,70.9917675313405,$);
#7239=IFCQUANTITYAREA('GrossCeilingArea','',$,172.512630903712,$);
#7240=IFCQUANTITYVOLUME('GrossVolume','',$,440.148958694311,$);
#7241=IFCQUANTITYVOLUME('NetVolume','',$,440.148958694311,$);
#7242=IFCELEMENTQUANTITY('2cLIo_DuXUbR5VZvCLUvIi',#18,'Qto_SpaceBaseQuantities',$,$,(#7238,#7239,#7240,#7241));
#7243=IFCRELDEFINESBYPROPERTIES('1pGJMrkFsepJed4TMPVcQ4',#18,$,$,(#7224),#7242);
#7244=IFCMAPPEDITEM(#7215,#191);
#7245=IFCSHAPEREPRESENTATION(#24,'Body','MappedRepresentation',(#7244));
#7246=IFCPRODUCTDEFINITIONSHAPE($,$,(#7245));
#7247=IFCCARTESIANPOINT((54.9516525459747,215.096578506396,0.));
#7248=IFCDIRECTION((-0.999850232256658,-0.017306445513352,0.));
#7249=IFCAXIS2PLACEMENT3D(#7247,#9,#7248);
#7250=IFCLOCALPLACEMENT(#41,#7249);
#7251=IFCSPACE('2rSJL_clb68eBkbxGsLai8',#18,'{$this("Description")}',$,'Woning',#7250,#7246,$,$,.USERDEFINED.,$);
#7252=IFCPROPERTYSET('0lf2MhEWUPubquRwe$0rcc',#18,'Pset_SpaceCommon',$,(#238,#7225));
#7253=IFCPROPERTYSET('2y84yG2xSZ4NsrpB_f$_E7',#18,'Pset_SpaceHeaterTypeCommon',$,(#7225));
#7254=IFCPROPERTYSINGLEVALUE('Afnemer',$,IFCTEXT('Particulier'),$);
#7255=IFCPROPERTYSINGLEVALUE('Bepalingsmethode',$,IFCTEXT('BI'),$);
#7256=IFCPROPERTYSINGLEVALUE('BouwwerkType',$,IFCTEXT('Woning'),$);
#7257=IFCPROPERTYSINGLEVALUE('EenheidNummer',$,IFCTEXT('01.00.03'),$);
#7258=IFCPROPERTYSINGLEVALUE('Segment',$,IFCTEXT('VSK'),$);
#7259=IFCPROPERTYSINGLEVALUE('WoningType',$,IFCTEXT('C'),$);
#7260=IFCPROPERTYSET('058t7bBwfl50GQWJU4u3uL',#18,'MiniGIM_ILS','',(#7254,#7255,#7256,#7257,#7258,#7259));
#7261=IFCRELDEFINESBYPROPERTIES('0JkcQPoHmd13BuBJGQfp6S',#18,$,$,(#7251),#7252);
#7262=IFCRELDEFINESBYPROPERTIES('0_VC$gYUkFkQA_gcVD0Lii',#18,$,$,(#7251),#7253);
#7263=IFCRELDEFINESBYPROPERTIES('2pvNVPA4Ris_HiHa6uTsn2',#18,$,$,(#7251),#7260);
#7264=IFCQUANTITYAREA('GrossFloorArea','',$,70.9917675313405,$);
#7265=IFCQUANTITYAREA('GrossCeilingArea','',$,172.512630903712,$);
#7266=IFCQUANTITYVOLUME('GrossVolume','',$,440.148958694311,$);
#7267=IFCQUANTITYVOLUME('NetVolume','',$,440.148958694311,$);
#7268=IFCELEMENTQUANTITY('3Jo8hYsfgH$ctrhT_HjT2W',#18,'Qto_SpaceBaseQuantities',$,$,(#7264,#7265,#7266,#7267));
#7269=IFCRELDEFINESBYPROPERTIES('0VFuYsb6y1V9YY0a9Wp6bo',#18,$,$,(#7251),#7268);
#7270=IFCMAPPEDITEM(#7215,#191);
#7271=IFCSHAPEREPRESENTATION(#24,'Body','MappedRepresentation',(#7270));
#7272=IFCPRODUCTDEFINITIONSHAPE($,$,(#7271));
#7273=IFCCARTESIANPOINT((62.2175956024703,165.862863336917,0.));
#7274=IFCDIRECTION((0.0173064455133501,-0.999850232256658,0.));
#7275=IFCAXIS2PLACEMENT3D(#7273,#9,#7274);
#7276=IFCLOCALPLACEMENT(#41,#7275);
#7277=IFCSPACE('2rSJL_clb68eBkbxGsLaig',#18,'{$this("Description")}',$,'Woning',#7276,#7272,$,$,.USERDEFINED.,$);
#7278=IFCPROPERTYSET('1vqKyfHBjNqr2G2lGo_UKM',#18,'Pset_SpaceCommon',$,(#238,#7225));
#7279=IFCPROPERTYSET('3$hFt8cBO6_WgqiSbVfyoA',#18,'Pset_SpaceHeaterTypeCommon',$,(#7225));
#7280=IFCPROPERTYSINGLEVALUE('Afnemer',$,IFCTEXT('Particulier'),$);
#7281=IFCPROPERTYSINGLEVALUE('Bepalingsmethode',$,IFCTEXT('BI'),$);
#7282=IFCPROPERTYSINGLEVALUE('BouwwerkType',$,IFCTEXT('Woning'),$);
#7283=IFCPROPERTYSINGLEVALUE('EenheidNummer',$,IFCTEXT('02.00.10'),$);
#7284=IFCPROPERTYSINGLEVALUE('Segment',$,IFCTEXT('VSK'),$);
#7285=IFCPROPERTYSINGLEVALUE('WoningType',$,IFCTEXT('C'),$);
#7286=IFCPROPERTYSET('2vP5nefBmjCFir1OeL2oE5',#18,'MiniGIM_ILS','',(#7280,#7281,#7282,#7283,#7284,#7285));
#7287=IFCRELDEFINESBYPROPERTIES('0XxD9SI8ejpjo7ie52lqMQ',#18,$,$,(#7277),#7278);
#7288=IFCRELDEFINESBYPROPERTIES('0kehIq0LIWpAnThB4Z_qM3',#18,$,$,(#7277),#7279);
#7289=IFCRELDEFINESBYPROPERTIES('27rlDTS1quhtqRQUjz8VVq',#18,$,$,(#7277),#7286);
#7290=IFCQUANTITYAREA('GrossFloorArea','',$,70.9917675313405,$);
#7291=IFCQUANTITYAREA('GrossCeilingArea','',$,172.512630903712,$);
#7292=IFCQUANTITYVOLUME('GrossVolume','',$,440.148958694311,$);
#7293=IFCQUANTITYVOLUME('NetVolume','',$,440.148958694311,$);
#7294=IFCELEMENTQUANTITY('0ub7GHUQqdg9PepiMWbGRK',#18,'Qto_SpaceBaseQuantities',$,$,(#7290,#7291,#7292,#7293));
#7295=IFCRELDEFINESBYPROPERTIES('29Bc18urdTb$2EEsR0BiUk',#18,$,$,(#7277),#7294);
#7296=IFCMAPPEDITEM(#7215,#191);
#7297=IFCSHAPEREPRESENTATION(#24,'Body','MappedRepresentation',(#7296));
#7298=IFCPRODUCTDEFINITIONSHAPE($,$,(#7297));
#7299=IFCCARTESIANPOINT((62.1102956402876,172.061934776909,0.));
#7300=IFCDIRECTION((0.0173064455133501,-0.999850232256658,0.));
#7301=IFCAXIS2PLACEMENT3D(#7299,#9,#7300);
#7302=IFCLOCALPLACEMENT(#41,#7301);
#7303=IFCSPACE('2rSJL_clb68eBkbxGsLaih',#18,'{$this("Description")}',$,'Woning',#7302,#7298,$,$,.USERDEFINED.,$);
#7304=IFCPROPERTYSET('3FIk1D4plaZO0QsaIBlQvx',#18,'Pset_SpaceCommon',$,(#238,#7225));
#7305=IFCPROPERTYSET('2pGDPON__Ll4zbnV0tRJSk',#18,'Pset_SpaceHeaterTypeCommon',$,(#7225));
#7306=IFCPROPERTYSINGLEVALUE('Afnemer',$,IFCTEXT('Particulier'),$);
#7307=IFCPROPERTYSINGLEVALUE('Bepalingsmethode',$,IFCTEXT('BI'),$);
#7308=IFCPROPERTYSINGLEVALUE('BouwwerkType',$,IFCTEXT('Woning'),$);
#7309=IFCPROPERTYSINGLEVALUE('EenheidNummer',$,IFCTEXT('02.00.11'),$);
#7310=IFCPROPERTYSINGLEVALUE('Segment',$,IFCTEXT('VSK'),$);
#7311=IFCPROPERTYSINGLEVALUE('WoningType',$,IFCTEXT('C'),$);
#7312=IFCPROPERTYSET('01TY7xKoYsa9OZCQ1L_Wb2',#18,'MiniGIM_ILS','',(#7306,#7307,#7308,#7309,#7310,#7311));
#7313=IFCRELDEFINESBYPROPERTIES('0aKevhGOD_AriPEbT0qhil',#18,$,$,(#7303),#7304);
#7314=IFCRELDEFINESBYPROPERTIES('36AtQbdwQ8fXqjfk$FoirP',#18,$,$,(#7303),#7305);
#7315=IFCRELDEFINESBYPROPERTIES('3ou4bx6f4fF6g2ginNGW7w',#18,$,$,(#7303),#7312);
#7316=IFCQUANTITYAREA('GrossFloorArea','',$,70.9917675313405,$);
#7317=IFCQUANTITYAREA('GrossCeilingArea','',$,172.512630903712,$);
#7318=IFCQUANTITYVOLUME('GrossVolume','',$,440.148958694311,$);
#7319=IFCQUANTITYVOLUME('NetVolume','',$,440.148958694311,$);
#7320=IFCELEMENTQUANTITY('0QXUEPQfRclTSo11IKuAYC',#18,'Qto_SpaceBaseQuantities',$,$,(#7316,#7317,#7318,#7319));
#7321=IFCRELDEFINESBYPROPERTIES('2_EBTdqtWKJiMK7ad0k$Sz',#18,$,$,(#7303),#7320);
#7322=IFCMAPPEDITEM(#7215,#191);
#7323=IFCSHAPEREPRESENTATION(#24,'Body','MappedRepresentation',(#7322));
#7324=IFCPRODUCTDEFINITIONSHAPE($,$,(#7323));
#7325=IFCCARTESIANPOINT((92.0095067469021,94.810291251976,0.));
#7326=IFCDIRECTION((0.0173064455133501,-0.999850232256658,0.));
#7327=IFCAXIS2PLACEMENT3D(#7325,#9,#7326);
#7328=IFCLOCALPLACEMENT(#41,#7327);
#7329=IFCSPACE('2rSJL_clb68eBkbxGsLalE',#18,'{$this("Description")}',$,'Woning',#7328,#7324,$,$,.USERDEFINED.,$);
#7330=IFCPROPERTYSET('3_nqMkXOq9Ty_qxkxjtkNb',#18,'Pset_SpaceCommon',$,(#238,#7225));
#7331=IFCPROPERTYSET('1vgqvS3JDXeTC_PiX7pCs1',#18,'Pset_SpaceHeaterTypeCommon',$,(#7225));
#7332=IFCPROPERTYSINGLEVALUE('Afnemer',$,IFCTEXT('Particulier'),$);
#7333=IFCPROPERTYSINGLEVALUE('Bepalingsmethode',$,IFCTEXT('BI'),$);
#7334=IFCPROPERTYSINGLEVALUE('BouwwerkType',$,IFCTEXT('Woning'),$);
#7335=IFCPROPERTYSINGLEVALUE('EenheidNummer',$,IFCTEXT('05.00.03'),$);
#7336=IFCPROPERTYSINGLEVALUE('Segment',$,IFCTEXT('VSK'),$);
#7337=IFCPROPERTYSINGLEVALUE('WoningType',$,IFCTEXT('C'),$);
#7338=IFCPROPERTYSET('0wawbAzsaYcf$XHeHPirzC',#18,'MiniGIM_ILS','',(#7332,#7333,#7334,#7335,#7336,#7337));
#7339=IFCRELDEFINESBYPROPERTIES('1h0SI_avYew0wn0J8ohNhP',#18,$,$,(#7329),#7330);
#7340=IFCRELDEFINESBYPROPERTIES('0jERi7cVZqrLhGMOSfACev',#18,$,$,(#7329),#7331);
#7341=IFCRELDEFINESBYPROPERTIES('1sRkPswPQ0OUZrtDQspNQ4',#18,$,$,(#7329),#7338);
#7342=IFCQUANTITYAREA('GrossFloorArea','',$,70.9917675313405,$);
#7343=IFCQUANTITYAREA('GrossCeilingArea','',$,172.512630903712,$);
#7344=IFCQUANTITYVOLUME('GrossVolume','',$,440.148958694311,$);
#7345=IFCQUANTITYVOLUME('NetVolume','',$,440.148958694311,$);
#7346=IFCELEMENTQUANTITY('0PPte5ASS6eVtdztU1Rb9E',#18,'Qto_SpaceBaseQuantities',$,$,(#7342,#7343,#7344,#7345));
#7347=IFCRELDEFINESBYPROPERTIES('2F9HyULS0elSHQ0Vp6pcK_',#18,$,$,(#7329),#7346);
#7348=IFCMAPPEDITEM(#7215,#191);
#7349=IFCSHAPEREPRESENTATION(#24,'Body','MappedRepresentation',(#7348));
#7350=IFCPRODUCTDEFINITIONSHAPE($,$,(#7349));
#7351=IFCCARTESIANPOINT((91.9022067847194,101.009362691967,0.));
#7352=IFCDIRECTION((0.0173064455133501,-0.999850232256658,0.));
#7353=IFCAXIS2PLACEMENT3D(#7351,#9,#7352);
#7354=IFCLOCALPLACEMENT(#41,#7353);
#7355=IFCSPACE('2rSJL_clb68eBkbxGsLalF',#18,'{$this("Description")}',$,'Woning',#7354,#7350,$,$,.USERDEFINED.,$);
#7356=IFCPROPERTYSET('2VzVFqhFpoAWh2RYenw4Be',#18,'Pset_SpaceCommon',$,(#238,#7225));
#7357=IFCPROPERTYSET('1UELamLRRhB2HsZF_T3iY6',#18,'Pset_SpaceHeaterTypeCommon',$,(#7225));
#7358=IFCPROPERTYSINGLEVALUE('Afnemer',$,IFCTEXT('Particulier'),$);
#7359=IFCPROPERTYSINGLEVALUE('Bepalingsmethode',$,IFCTEXT('BI'),$);
#7360=IFCPROPERTYSINGLEVALUE('BouwwerkType',$,IFCTEXT('Woning'),$);
#7361=IFCPROPERTYSINGLEVALUE('EenheidNummer',$,IFCTEXT('05.00.02'),$);
#7362=IFCPROPERTYSINGLEVALUE('Segment',$,IFCTEXT('VSK'),$);
#7363=IFCPROPERTYSINGLEVALUE('WoningType',$,IFCTEXT('C'),$);
#7364=IFCPROPERTYSET('2tss3VvPTFCqRcvVj2tLjp',#18,'MiniGIM_ILS','',(#7358,#7359,#7360,#7361,#7362,#7363));
#7365=IFCRELDEFINESBYPROPERTIES('2agCoPAeOzOmknrfBnqGF1',#18,$,$,(#7355),#7356);
#7366=IFCRELDEFINESBYPROPERTIES('1Mc_qh4jH52BGvbjA$kL6V',#18,$,$,(#7355),#7357);
#7367=IFCRELDEFINESBYPROPERTIES('3f2kWiBEeixzth1i2PNdoG',#18,$,$,(#7355),#7364);
#7368=IFCQUANTITYAREA('GrossFloorArea','',$,70.9917675313405,$);
#7369=IFCQUANTITYAREA('GrossCeilingArea','',$,172.512630903712,$);
#7370=IFCQUANTITYVOLUME('GrossVolume','',$,440.148958694311,$);
#7371=IFCQUANTITYVOLUME('NetVolume','',$,440.148958694311,$);
#7372=IFCELEMENTQUANTITY('2aHb75wLPx9LNrelWespBE',#18,'Qto_SpaceBaseQuantities',$,$,(#7368,#7369,#7370,#7371));
#7373=IFCRELDEFINESBYPROPERTIES('0Qbv9ObHruuahRKJGW5m1v',#18,$,$,(#7355),#7372);
#7374=IFCMAPPEDITEM(#7215,#191);
#7375=IFCSHAPEREPRESENTATION(#24,'Body','MappedRepresentation',(#7374));
#7376=IFCPRODUCTDEFINITIONSHAPE($,$,(#7375));
#7377=IFCCARTESIANPOINT((30.3881032088063,106.4847234073,0.));
#7378=IFCDIRECTION((0.0173064455133501,-0.999850232256658,0.));
#7379=IFCAXIS2PLACEMENT3D(#7377,#9,#7378);
#7380=IFCLOCALPLACEMENT(#41,#7379);
#7381=IFCSPACE('2rSJL_clb68eBkbxGsLalN',#18,'{$this("Description")}',$,'Woning',#7380,#7376,$,$,.USERDEFINED.,$);
#7382=IFCPROPERTYSET('2H1fe2kSUI_5a_cnzu3Jog',#18,'Pset_SpaceCommon',$,(#238,#7225));
#7383=IFCPROPERTYSET('1HY_kumyASDTuGiGgPazvX',#18,'Pset_SpaceHeaterTypeCommon',$,(#7225));
#7384=IFCPROPERTYSINGLEVALUE('Afnemer',$,IFCTEXT('Particulier'),$);
#7385=IFCPROPERTYSINGLEVALUE('Bepalingsmethode',$,IFCTEXT('BI'),$);
#7386=IFCPROPERTYSINGLEVALUE('BouwwerkType',$,IFCTEXT('Woning'),$);
#7387=IFCPROPERTYSINGLEVALUE('EenheidNummer',$,IFCTEXT('04.00.02'),$);
#7388=IFCPROPERTYSINGLEVALUE('Segment',$,IFCTEXT('VSK'),$);
#7389=IFCPROPERTYSINGLEVALUE('WoningType',$,IFCTEXT('C'),$);
#7390=IFCPROPERTYSET('22QZxggfLZEa3O2xZJiIHw',#18,'MiniGIM_ILS','',(#7384,#7385,#7386,#7387,#7388,#7389));
#7391=IFCRELDEFINESBYPROPERTIES('0uGhVRzI_wokqmFEGDSKNX',#18,$,$,(#7381),#7382);
#7392=IFCRELDEFINESBYPROPERTIES('3aa$NVqmmKRJfeSv1kQHAp',#18,$,$,(#7381),#7383);
#7393=IFCRELDEFINESBYPROPERTIES('2Fmbr_fFXMZ9g0kV12jRq8',#18,$,$,(#7381),#7390);
#7394=IFCQUANTITYAREA('GrossFloorArea','',$,70.9917675313405,$);
#7395=IFCQUANTITYAREA('GrossCeilingArea','',$,172.512630903712,$);
#7396=IFCQUANTITYVOLUME('GrossVolume','',$,440.148958694311,$);
#7397=IFCQUANTITYVOLUME('NetVolume','',$,440.148958694311,$);
#7398=IFCELEMENTQUANTITY('29pSkFydOhZUeQejpZ0SvO',#18,'Qto_SpaceBaseQuantities',$,$,(#7394,#7395,#7396,#7397));
#7399=IFCRELDEFINESBYPROPERTIES('1AaMxTTh0Wp9PCq1KF9WK7',#18,$,$,(#7381),#7398);
#7400=IFCMAPPEDITEM(#7215,#191);
#7401=IFCSHAPEREPRESENTATION(#24,'Body','MappedRepresentation',(#7400));
#7402=IFCPRODUCTDEFINITIONSHAPE($,$,(#7401));
#7403=IFCCARTESIANPOINT((30.2808032466236,112.683794847291,0.));
#7404=IFCDIRECTION((0.0173064455133501,-0.999850232256658,0.));
#7405=IFCAXIS2PLACEMENT3D(#7403,#9,#7404);
#7406=IFCLOCALPLACEMENT(#41,#7405);
#7407=IFCSPACE('2rSJL_clb68eBkbxGsLalK',#18,'{$this("Description")}',$,'Woning',#7406,#7402,$,$,.USERDEFINED.,$);
#7408=IFCPROPERTYSET('2yPjpspR62ebkgAw_BrsDD',#18,'Pset_SpaceCommon',$,(#238,#7225));
#7409=IFCPROPERTYSET('2QZKsZMohVOASkZWeqKYZE',#18,'Pset_SpaceHeaterTypeCommon',$,(#7225));
#7410=IFCPROPERTYSINGLEVALUE('Afnemer',$,IFCTEXT('Particulier'),$);
#7411=IFCPROPERTYSINGLEVALUE('Bepalingsmethode',$,IFCTEXT('BI'),$);
#7412=IFCPROPERTYSINGLEVALUE('BouwwerkType',$,IFCTEXT('Woning'),$);
#7413=IFCPROPERTYSINGLEVALUE('EenheidNummer',$,IFCTEXT('04.00.01'),$);
#7414=IFCPROPERTYSINGLEVALUE('Segment',$,IFCTEXT('VSK'),$);
#7415=IFCPROPERTYSINGLEVALUE('WoningType',$,IFCTEXT('C'),$);
#7416=IFCPROPERTYSET('2YX_wMD_DFIY9s7g2ZtW52',#18,'MiniGIM_ILS','',(#7410,#7411,#7412,#7413,#7414,#7415));
#7417=IFCRELDEFINESBYPROPERTIES('1CtInuinFwocpowW6EKLUV',#18,$,$,(#7407),#7408);
#7418=IFCRELDEFINESBYPROPERTIES('2egp0Ce0vNGJnlxUoNjsTf',#18,$,$,(#7407),#7409);
#7419=IFCRELDEFINESBYPROPERTIES('1$h_Obi9NwHERDtEn1g1RI',#18,$,$,(#7407),#7416);
#7420=IFCQUANTITYAREA('GrossFloorArea','',$,70.9917675313405,$);
#7421=IFCQUANTITYAREA('GrossCeilingArea','',$,172.512630903712,$);
#7422=IFCQUANTITYVOLUME('GrossVolume','',$,440.148958694311,$);
#7423=IFCQUANTITYVOLUME('NetVolume','',$,440.148958694311,$);
#7424=IFCELEMENTQUANTITY('22aK3Oo1mCpIsBiu7y7OpJ',#18,'Qto_SpaceBaseQuantities',$,$,(#7420,#7421,#7422,#7423));
#7425=IFCRELDEFINESBYPROPERTIES('0haL6iUbKR3TNhLqChvMN2',#18,$,$,(#7407),#7424);
#7426=IFCMAPPEDITEM(#7215,#191);
#7427=IFCSHAPEREPRESENTATION(#24,'Body','MappedRepresentation',(#7426));
#7428=IFCPRODUCTDEFINITIONSHAPE($,$,(#7427));
#7429=IFCCARTESIANPOINT((30.717857840081,87.2142526568324,0.));
#7430=IFCDIRECTION((0.0173064455133501,-0.999850232256658,0.));
#7431=IFCAXIS2PLACEMENT3D(#7429,#9,#7430);
#7432=IFCLOCALPLACEMENT(#41,#7431);
#7433=IFCSPACE('2rSJL_clb68eBkbxGsLal_',#18,'{$this("Description")}',$,'Woning',#7432,#7428,$,$,.USERDEFINED.,$);
#7434=IFCPROPERTYSET('2h1tpnf1vu7Yge6YapR$Jg',#18,'Pset_SpaceCommon',$,(#238,#7225));
#7435=IFCPROPERTYSET('2nBj44QdF9B2SKEQp1s43L',#18,'Pset_SpaceHeaterTypeCommon',$,(#7225));
#7436=IFCPROPERTYSINGLEVALUE('Afnemer',$,IFCTEXT('Particulier'),$);
#7437=IFCPROPERTYSINGLEVALUE('Bepalingsmethode',$,IFCTEXT('BI'),$);
#7438=IFCPROPERTYSINGLEVALUE('BouwwerkType',$,IFCTEXT('Woning'),$);
#7439=IFCPROPERTYSINGLEVALUE('EenheidNummer',$,IFCTEXT('04.00.04'),$);
#7440=IFCPROPERTYSINGLEVALUE('Segment',$,IFCTEXT('VSK'),$);
#7441=IFCPROPERTYSINGLEVALUE('WoningType',$,IFCTEXT('C'),$);
#7442=IFCPROPERTYSET('0rQN9aqYeIbAXuRGLiLalV',#18,'MiniGIM_ILS','',(#7436,#7437,#7438,#7439,#7440,#7441));
#7443=IFCRELDEFINESBYPROPERTIES('2kuAU2$mUgtWguQVZuBTGG',#18,$,$,(#7433),#7434);
#7444=IFCRELDEFINESBYPROPERTIES('1fpJlAxbZupFG$R0l05y8H',#18,$,$,(#7433),#7435);
#7445=IFCRELDEFINESBYPROPERTIES('0jhhysVDtPh3GR3Yb2LQhB',#18,$,$,(#7433),#7442);
#7446=IFCQUANTITYAREA('GrossFloorArea','',$,70.9917675313405,$);
#7447=IFCQUANTITYAREA('GrossCeilingArea','',$,172.512630903712,$);
#7448=IFCQUANTITYVOLUME('GrossVolume','',$,440.148958694311,$);
#7449=IFCQUANTITYVOLUME('NetVolume','',$,440.148958694311,$);
#7450=IFCELEMENTQUANTITY('1yaz5rhV95B64xETfYwiH5',#18,'Qto_SpaceBaseQuantities',$,$,(#7446,#7447,#7448,#7449));
#7451=IFCRELDEFINESBYPROPERTIES('01B64o59zg3Kgbpqyk1Two',#18,$,$,(#7433),#7450);
#7452=IFCMAPPEDITEM(#7215,#191);
#7453=IFCSHAPEREPRESENTATION(#24,'Body','MappedRepresentation',(#7452));
#7454=IFCPRODUCTDEFINITIONSHAPE($,$,(#7453));
#7455=IFCCARTESIANPOINT((30.6105578778983,93.4133240968237,0.));
#7456=IFCDIRECTION((0.0173064455133501,-0.999850232256658,0.));
#7457=IFCAXIS2PLACEMENT3D(#7455,#9,#7456);
#7458=IFCLOCALPLACEMENT(#41,#7457);
#7459=IFCSPACE('2rSJL_clb68eBkbxGsLal$',#18,'{$this("Description")}',$,'Woning',#7458,#7454,$,$,.USERDEFINED.,$);
#7460=IFCPROPERTYSET('3vqRkqUrDL3ZjzcphiPXNw',#18,'Pset_SpaceCommon',$,(#238,#7225));
#7461=IFCPROPERTYSET('3iM34gwnMYNnkPcjUjQPtZ',#18,'Pset_SpaceHeaterTypeCommon',$,(#7225));
#7462=IFCPROPERTYSINGLEVALUE('Afnemer',$,IFCTEXT('Particulier'),$);
#7463=IFCPROPERTYSINGLEVALUE('Bepalingsmethode',$,IFCTEXT('BI'),$);
#7464=IFCPROPERTYSINGLEVALUE('BouwwerkType',$,IFCTEXT('Woning'),$);
#7465=IFCPROPERTYSINGLEVALUE('EenheidNummer',$,IFCTEXT('04.00.03'),$);
#7466=IFCPROPERTYSINGLEVALUE('Segment',$,IFCTEXT('VSK'),$);
#7467=IFCPROPERTYSINGLEVALUE('WoningType',$,IFCTEXT('C'),$);
#7468=IFCPROPERTYSET('05Ig3M2TRTybsL0VW_kHOL',#18,'MiniGIM_ILS','',(#7462,#7463,#7464,#7465,#7466,#7467));
#7469=IFCRELDEFINESBYPROPERTIES('172V0XUhx9QqERKwcXgOH7',#18,$,$,(#7459),#7460);
#7470=IFCRELDEFINESBYPROPERTIES('3BVr0uDuzw3UfgbYXbO9l4',#18,$,$,(#7459),#7461);
#7471=IFCRELDEFINESBYPROPERTIES('3CxwBkqKs9HISMW5_lUftp',#18,$,$,(#7459),#7468);
#7472=IFCQUANTITYAREA('GrossFloorArea','',$,70.9917675313405,$);
#7473=IFCQUANTITYAREA('GrossCeilingArea','',$,172.512630903712,$);
#7474=IFCQUANTITYVOLUME('GrossVolume','',$,440.148958694311,$);
#7475=IFCQUANTITYVOLUME('NetVolume','',$,440.148958694311,$);
#7476=IFCELEMENTQUANTITY('0XWEOZPhHufYxI8oys$6ag',#18,'Qto_SpaceBaseQuantities',$,$,(#7472,#7473,#7474,#7475));
#7477=IFCRELDEFINESBYPROPERTIES('1HytMinNk562LdmaBbnBZi',#18,$,$,(#7459),#7476);
#7478=IFCMAPPEDITEM(#7215,#191);
#7479=IFCSHAPEREPRESENTATION(#24,'Body','MappedRepresentation',(#7478));
#7480=IFCPRODUCTDEFINITIONSHAPE($,$,(#7479));
#7481=IFCCARTESIANPOINT((123.04280128019,105.314439202712,0.));
#7482=IFCDIRECTION((0.999850232256658,0.017306445513348,0.));
#7483=IFCAXIS2PLACEMENT3D(#7481,#9,#7482);
#7484=IFCLOCALPLACEMENT(#41,#7483);
#7485=IFCSPACE('2rSJL_clb68eBkbxGsLak5',#18,'{$this("Description")}',$,'Woning',#7484,#7480,$,$,.USERDEFINED.,$);
#7486=IFCPROPERTYSET('0ZjeSaZODqw4dXpVrsmGhh',#18,'Pset_SpaceCommon',$,(#238,#7225));
#7487=IFCPROPERTYSET('1kpAxt2OnutLyVhtTp1Hev',#18,'Pset_SpaceHeaterTypeCommon',$,(#7225));
#7488=IFCPROPERTYSINGLEVALUE('Afnemer',$,IFCTEXT('Particulier'),$);
#7489=IFCPROPERTYSINGLEVALUE('Bepalingsmethode',$,IFCTEXT('BI'),$);
#7490=IFCPROPERTYSINGLEVALUE('BouwwerkType',$,IFCTEXT('Woning'),$);
#7491=IFCPROPERTYSINGLEVALUE('EenheidNummer',$,IFCTEXT('05.00.14'),$);
#7492=IFCPROPERTYSINGLEVALUE('Segment',$,IFCTEXT('VSK'),$);
#7493=IFCPROPERTYSINGLEVALUE('WoningType',$,IFCTEXT('C'),$);
#7494=IFCPROPERTYSET('2bzreYGhS8FZSQUugDKEsk',#18,'MiniGIM_ILS','',(#7488,#7489,#7490,#7491,#7492,#7493));
#7495=IFCRELDEFINESBYPROPERTIES('0Vvi90P$wmWv2TW6IY5ccz',#18,$,$,(#7485),#7486);
#7496=IFCRELDEFINESBYPROPERTIES('3hlXwXZn1dGBezXFPzuF5J',#18,$,$,(#7485),#7487);
#7497=IFCRELDEFINESBYPROPERTIES('37RQa2vGrNutYWWg3oiASH',#18,$,$,(#7485),#7494);
#7498=IFCQUANTITYAREA('GrossFloorArea','',$,70.9917675313405,$);
#7499=IFCQUANTITYAREA('GrossCeilingArea','',$,172.512630903712,$);
#7500=IFCQUANTITYVOLUME('GrossVolume','',$,440.148958694311,$);
#7501=IFCQUANTITYVOLUME('NetVolume','',$,440.148958694311,$);
#7502=IFCELEMENTQUANTITY('1Wfg60kXdAaLWovE5HKbEQ',#18,'Qto_SpaceBaseQuantities',$,$,(#7498,#7499,#7500,#7501));
#7503=IFCRELDEFINESBYPROPERTIES('1NFXLSk10N5LcKXlx9BCW8',#18,$,$,(#7485),#7502);
#7504=IFCMAPPEDITEM(#7215,#191);
#7505=IFCSHAPEREPRESENTATION(#24,'Body','MappedRepresentation',(#7504));
#7506=IFCPRODUCTDEFINITIONSHAPE($,$,(#7505));
#7507=IFCCARTESIANPOINT((116.843729840198,105.207139240529,0.));
#7508=IFCDIRECTION((0.999850232256658,0.017306445513348,0.));
#7509=IFCAXIS2PLACEMENT3D(#7507,#9,#7508);
#7510=IFCLOCALPLACEMENT(#41,#7509);
#7511=IFCSPACE('2rSJL_clb68eBkbxGsLakQ',#18,'{$this("Description")}',$,'Woning',#7510,#7506,$,$,.USERDEFINED.,$);
#7512=IFCPROPERTYSET('2gnrlxs1X9j8_BghN9LCVk',#18,'Pset_SpaceCommon',$,(#238,#7225));
#7513=IFCPROPERTYSET('267Yp6EB$SbTSAH5vsJRH7',#18,'Pset_SpaceHeaterTypeCommon',$,(#7225));
#7514=IFCPROPERTYSINGLEVALUE('Afnemer',$,IFCTEXT('Particulier'),$);
#7515=IFCPROPERTYSINGLEVALUE('Bepalingsmethode',$,IFCTEXT('BI'),$);
#7516=IFCPROPERTYSINGLEVALUE('BouwwerkType',$,IFCTEXT('Woning'),$);
#7517=IFCPROPERTYSINGLEVALUE('EenheidNummer',$,IFCTEXT('05.00.13'),$);
#7518=IFCPROPERTYSINGLEVALUE('Segment',$,IFCTEXT('VSK'),$);
#7519=IFCPROPERTYSINGLEVALUE('WoningType',$,IFCTEXT('C'),$);
#7520=IFCPROPERTYSET('0MV1DKXvpQ_yNRhcKfc9uO',#18,'MiniGIM_ILS','',(#7514,#7515,#7516,#7517,#7518,#7519));
#7521=IFCRELDEFINESBYPROPERTIES('0zKUAWkt2$8ET27bIE2bHu',#18,$,$,(#7511),#7512);
#7522=IFCRELDEFINESBYPROPERTIES('35X1pNAhaRLCjUmHg2Uf5G',#18,$,$,(#7511),#7513);
#7523=IFCRELDEFINESBYPROPERTIES('0t8oB4nkDoS86_7gbOkWiH',#18,$,$,(#7511),#7520);
#7524=IFCQUANTITYAREA('GrossFloorArea','',$,70.9917675313405,$);
#7525=IFCQUANTITYAREA('GrossCeilingArea','',$,172.512630903712,$);
#7526=IFCQUANTITYVOLUME('GrossVolume','',$,440.148958694311,$);
#7527=IFCQUANTITYVOLUME('NetVolume','',$,440.148958694311,$);
#7528=IFCELEMENTQUANTITY('0$DXcO4rcnpX4os908XPpp',#18,'Qto_SpaceBaseQuantities',$,$,(#7524,#7525,#7526,#7527));
#7529=IFCRELDEFINESBYPROPERTIES('0jQVos5x9HbNJTMcEg3qOh',#18,$,$,(#7511),#7528);
#7530=IFCAXIS2PLACEMENT3D(#3,$,$);
#7532=IFCCARTESIANPOINTLIST2D(((-1.89654022129365,-3.),(4.10345977870637,-3.),(4.1034597787064,3.),(-1.89654022129365,3.),(-4.41383911482548,-1.51601398101775E-14),(-1.89654022129365,-3.)));
#7533=IFCINDEXEDPOLYCURVE(#7532,$,.F.);
#7534=IFCARBITRARYCLOSEDPROFILEDEF(.AREA.,'Woning 6000',#7533);
#7535=IFCCARTESIANPOINT((0.,6.,4.10345977870639));
#7536=IFCAXIS2PLACEMENT3D(#7535,#5,#10);
#7537=IFCEXTRUDEDAREASOLID(#7534,#7536,#9,10.);
#7538=IFCSTYLEDITEM(#7537,(#111),$);
#7539=IFCSHAPEREPRESENTATION(#24,'Body','SweptSolid',(#7537));
#7540=IFCAXIS2PLACEMENT3D(#3,$,$);
#7541=IFCREPRESENTATIONMAP(#7540,#7539);
#7542=IFCSPACETYPE('2tJvFxDSjBFfFnBa4Du8f2',#18,'Conceptwoning:Woning 6000',$,$,$,(#7541),'1430547',$,.USERDEFINED.,$);
#7543=IFCMAPPEDITEM(#7541,#191);
#7544=IFCSHAPEREPRESENTATION(#24,'Body','MappedRepresentation',(#7543));
#7545=IFCPRODUCTDEFINITIONSHAPE($,$,(#7544));
#7546=IFCCARTESIANPOINT((38.9184242873287,192.334462330746,0.));
#7547=IFCDIRECTION((-0.999850288270922,-0.0173032090825188,0.));
#7548=IFCAXIS2PLACEMENT3D(#7546,#9,#7547);
#7549=IFCLOCALPLACEMENT(#41,#7548);
#7550=IFCSPACE('2tJvFxDSjBFfFnBa4Du8se',#18,'{$this("Description")}',$,'Woning',#7549,#7545,$,$,.USERDEFINED.,$);
#7551=IFCPROPERTYSINGLEVALUE('Reference',$,IFCIDENTIFIER('Woning 6000'),$);
#7552=IFCPROPERTYSET('2vOlI8M5DJC8BYM3P0MN3i',#18,'Pset_SpaceCommon',$,(#238,#7551));
#7553=IFCPROPERTYSET('3DQNW6Kxba9NNJoaRdmop$',#18,'Pset_SpaceHeaterTypeCommon',$,(#7551));
#7554=IFCPROPERTYSINGLEVALUE('Afnemer',$,IFCTEXT('Particulier'),$);
#7555=IFCPROPERTYSINGLEVALUE('Bepalingsmethode',$,IFCTEXT('BI'),$);
#7556=IFCPROPERTYSINGLEVALUE('BouwwerkType',$,IFCTEXT('Woning'),$);
#7557=IFCPROPERTYSINGLEVALUE('EenheidNummer',$,IFCTEXT('02.00.01'),$);
#7558=IFCPROPERTYSINGLEVALUE('Segment',$,IFCTEXT('VSK'),$);
#7559=IFCPROPERTYSINGLEVALUE('WoningType',$,IFCTEXT('D'),$);
#7560=IFCPROPERTYSET('0vORK7iWa7MEsZ_9LXd6ky',#18,'MiniGIM_ILS','',(#7554,#7555,#7556,#7557,#7558,#7559));
#7561=IFCRELDEFINESBYPROPERTIES('3Lee3Y9$WvqqBe$fEb9z$l',#18,$,$,(#7550),#7552);
#7562=IFCRELDEFINESBYPROPERTIES('2IioRQZPC0zmw3d$seEzGo',#18,$,$,(#7550),#7553);
#7563=IFCRELDEFINESBYPROPERTIES('3QaME$ZrJEJNtBHkJ_Ko5y',#18,$,$,(#7550),#7560);
#7564=IFCQUANTITYAREA('GrossFloorArea','',$,43.5518966805957,$);
#7565=IFCQUANTITYAREA('GrossCeilingArea','',$,172.714115360564,$);
#7566=IFCQUANTITYVOLUME('GrossVolume','',$,435.518966805957,$);
#7567=IFCQUANTITYVOLUME('NetVolume','',$,435.518966805957,$);
#7568=IFCELEMENTQUANTITY('2_7o3rR1VUiIRCMAFc$KK2',#18,'Qto_SpaceBaseQuantities',$,$,(#7564,#7565,#7566,#7567));
#7569=IFCRELDEFINESBYPROPERTIES('1Rask8bKKzHteVBWAFrZNM',#18,$,$,(#7550),#7568);
#7570=IFCMAPPEDITEM(#7541,#191);
#7571=IFCSHAPEREPRESENTATION(#24,'Body','MappedRepresentation',(#7570));
#7572=IFCPRODUCTDEFINITIONSHAPE($,$,(#7571));
#7573=IFCCARTESIANPOINT((69.3563751253814,192.85371524154,0.));
#7574=IFCDIRECTION((-0.999850288270922,-0.0173032090825188,0.));
#7575=IFCAXIS2PLACEMENT3D(#7573,#9,#7574);
#7576=IFCLOCALPLACEMENT(#41,#7575);
#7577=IFCSPACE('2tJvFxDSjBFfFnBa4Du8d6',#18,'{$this("Description")}',$,'Woning',#7576,#7572,$,$,.USERDEFINED.,$);
#7578=IFCPROPERTYSET('0IJaLrCCS6IJ5K2ivPvpqO',#18,'Pset_SpaceCommon',$,(#238,#7551));
#7579=IFCPROPERTYSET('0iUWXCRiuFE772rjy5DDNe',#18,'Pset_SpaceHeaterTypeCommon',$,(#7551));
#7580=IFCPROPERTYSINGLEVALUE('Afnemer',$,IFCTEXT('Particulier'),$);
#7581=IFCPROPERTYSINGLEVALUE('Bepalingsmethode',$,IFCTEXT('BI'),$);
#7582=IFCPROPERTYSINGLEVALUE('BouwwerkType',$,IFCTEXT('Woning'),$);
#7583=IFCPROPERTYSINGLEVALUE('EenheidNummer',$,IFCTEXT('02.00.12'),$);
#7584=IFCPROPERTYSINGLEVALUE('Segment',$,IFCTEXT('VSK'),$);
#7585=IFCPROPERTYSINGLEVALUE('WoningType',$,IFCTEXT('D'),$);
#7586=IFCPROPERTYSET('3kJ1I9oLtPieY1uM4Wld4e',#18,'MiniGIM_ILS','',(#7580,#7581,#7582,#7583,#7584,#7585));
#7587=IFCRELDEFINESBYPROPERTIES('2znHs1H4qCPQZ0E1xCrUGg',#18,$,$,(#7577),#7578);
#7588=IFCRELDEFINESBYPROPERTIES('2DxNeRausAlOQa7kFuOgBd',#18,$,$,(#7577),#7579);
#7589=IFCRELDEFINESBYPROPERTIES('01vcWdR$Hp_FiuDfeMvbWL',#18,$,$,(#7577),#7586);
#7590=IFCQUANTITYAREA('GrossFloorArea','',$,43.5518966805957,$);
#7591=IFCQUANTITYAREA('GrossCeilingArea','',$,172.714115360564,$);
#7592=IFCQUANTITYVOLUME('GrossVolume','',$,435.518966805957,$);
#7593=IFCQUANTITYVOLUME('NetVolume','',$,435.518966805957,$);
#7594=IFCELEMENTQUANTITY('32$sbVoMxkHxJgtTT2Iavy',#18,'Qto_SpaceBaseQuantities',$,$,(#7590,#7591,#7592,#7593));
#7595=IFCRELDEFINESBYPROPERTIES('2AA17Qzbfje1NUgcSJUgvt',#18,$,$,(#7577),#7594);
#7596=IFCMAPPEDITEM(#7541,#191);
#7597=IFCSHAPEREPRESENTATION(#24,'Body','MappedRepresentation',(#7596));
#7598=IFCPRODUCTDEFINITIONSHAPE($,$,(#7597));
#7599=IFCCARTESIANPOINT((101.612277065172,117.250707322972,0.));
#7600=IFCDIRECTION((-0.999850288270922,-0.0173032090825188,0.));
#7601=IFCAXIS2PLACEMENT3D(#7599,#9,#7600);
#7602=IFCLOCALPLACEMENT(#41,#7601);
#7603=IFCSPACE('2tJvFxDSjBFfFnBa4Du8dv',#18,'{$this("Description")}',$,'Woning',#7602,#7598,$,$,.USERDEFINED.,$);
#7604=IFCPROPERTYSET('2V4IRBWxsH19i_ERQoSGyV',#18,'Pset_SpaceCommon',$,(#238,#7551));
#7605=IFCPROPERTYSET('1F1CS7$SYV_XlOgGMyF7bX',#18,'Pset_SpaceHeaterTypeCommon',$,(#7551));
#7606=IFCPROPERTYSINGLEVALUE('Afnemer',$,IFCTEXT('Particulier'),$);
#7607=IFCPROPERTYSINGLEVALUE('Bepalingsmethode',$,IFCTEXT('BI'),$);
#7608=IFCPROPERTYSINGLEVALUE('BouwwerkType',$,IFCTEXT('Woning'),$);
#7609=IFCPROPERTYSINGLEVALUE('EenheidNummer',$,IFCTEXT('05.00.01'),$);
#7610=IFCPROPERTYSINGLEVALUE('Segment',$,IFCTEXT('VSK'),$);
#7611=IFCPROPERTYSINGLEVALUE('WoningType',$,IFCTEXT('D'),$);
#7612=IFCPROPERTYSET('2fgLjCt9rVpyRkS9aA$PNs',#18,'MiniGIM_ILS','',(#7606,#7607,#7608,#7609,#7610,#7611));
#7613=IFCRELDEFINESBYPROPERTIES('3JfvLT5hk3S_VU6PrDD5CT',#18,$,$,(#7603),#7604);
#7614=IFCRELDEFINESBYPROPERTIES('0yBzWemIIA4MD9PpplULvo',#18,$,$,(#7603),#7605);
#7615=IFCRELDEFINESBYPROPERTIES('3ZZQS9PaxUDW_h0pL77gXB',#18,$,$,(#7603),#7612);
#7616=IFCQUANTITYAREA('GrossFloorArea','',$,43.5518966805957,$);
#7617=IFCQUANTITYAREA('GrossCeilingArea','',$,172.714115360564,$);
#7618=IFCQUANTITYVOLUME('GrossVolume','',$,435.518966805957,$);
#7619=IFCQUANTITYVOLUME('NetVolume','',$,435.518966805957,$);
#7620=IFCELEMENTQUANTITY('08GwxSghOkaHevWR$Z$whb',#18,'Qto_SpaceBaseQuantities',$,$,(#7616,#7617,#7618,#7619));
#7621=IFCRELDEFINESBYPROPERTIES('3gRlduSMEOg$IW9xFvlhTz',#18,$,$,(#7603),#7620);
#7622=IFCMAPPEDITEM(#7541,#191);
#7623=IFCSHAPEREPRESENTATION(#24,'Body','MappedRepresentation',(#7622));
#7624=IFCPRODUCTDEFINITIONSHAPE($,$,(#7623));
#7625=IFCCARTESIANPOINT((140.398584720719,114.846530752041,0.));
#7626=IFCDIRECTION((0.0173032090825169,-0.999850288270922,0.));
#7627=IFCAXIS2PLACEMENT3D(#7625,#9,#7626);
#7628=IFCLOCALPLACEMENT(#41,#7627);
#7629=IFCSPACE('2tJvFxDSjBFfFnBa4Du8di',#18,'{$this("Description")}',$,'Woning',#7628,#7624,$,$,.USERDEFINED.,$);
#7630=IFCPROPERTYSET('0YibN5y2sbwqgnqjw2yeq1',#18,'Pset_SpaceCommon',$,(#238,#7551));
#7631=IFCPROPERTYSET('15UctEtWvVKSt_qO5ioGao',#18,'Pset_SpaceHeaterTypeCommon',$,(#7551));
#7632=IFCPROPERTYSINGLEVALUE('Afnemer',$,IFCTEXT('Particulier'),$);
#7633=IFCPROPERTYSINGLEVALUE('Bepalingsmethode',$,IFCTEXT('BI'),$);
#7634=IFCPROPERTYSINGLEVALUE('BouwwerkType',$,IFCTEXT('Woning'),$);
#7635=IFCPROPERTYSINGLEVALUE('EenheidNummer',$,IFCTEXT('05.00.15'),$);
#7636=IFCPROPERTYSINGLEVALUE('Segment',$,IFCTEXT('VSK'),$);
#7637=IFCPROPERTYSINGLEVALUE('WoningType',$,IFCTEXT('D'),$);
#7638=IFCPROPERTYSET('1rjuS55_K0iTplcLVcTdUe',#18,'MiniGIM_ILS','',(#7632,#7633,#7634,#7635,#7636,#7637));
#7639=IFCRELDEFINESBYPROPERTIES('35z1ZG4TYpva0P4_ysy8I3',#18,$,$,(#7629),#7630);
#7640=IFCRELDEFINESBYPROPERTIES('3CHsAmeflA$ywsbepNTk6h',#18,$,$,(#7629),#7631);
#7641=IFCRELDEFINESBYPROPERTIES('1wXFAeNWFPIVNHjC65sggc',#18,$,$,(#7629),#7638);
#7642=IFCQUANTITYAREA('GrossFloorArea','',$,43.5518966805957,$);
#7643=IFCQUANTITYAREA('GrossCeilingArea','',$,172.714115360564,$);
#7644=IFCQUANTITYVOLUME('GrossVolume','',$,435.518966805957,$);
#7645=IFCQUANTITYVOLUME('NetVolume','',$,435.518966805957,$);
#7646=IFCELEMENTQUANTITY('25rd_US1hvQKe0JgvIPhDY',#18,'Qto_SpaceBaseQuantities',$,$,(#7642,#7643,#7644,#7645));
#7647=IFCRELDEFINESBYPROPERTIES('30BSD$jV9aJ1dMYuZGWFes',#18,$,$,(#7629),#7646);
#7648=IFCMAPPEDITEM(#7541,#191);
#7649=IFCSHAPEREPRESENTATION(#24,'Body','MappedRepresentation',(#7648));
#7650=IFCPRODUCTDEFINITIONSHAPE($,$,(#7649));
#7651=IFCCARTESIANPOINT((84.8207220251434,144.298944194133,0.));
#7652=IFCDIRECTION((0.0173032090825169,-0.999850288270922,0.));
#7653=IFCAXIS2PLACEMENT3D(#7651,#9,#7652);
#7654=IFCLOCALPLACEMENT(#41,#7653);
#7655=IFCSPACE('2tJvFxDSjBFfFnBa4Du8cC',#18,'{$this("Description")}',$,'Woning',#7654,#7650,$,$,.USERDEFINED.,$);
#7656=IFCPROPERTYSET('1thGzHczqxw2UxceJlk9gq',#18,'Pset_SpaceCommon',$,(#238,#7551));
#7657=IFCPROPERTYSET('3xw8jUWKvWXqyAjo13YYsO',#18,'Pset_SpaceHeaterTypeCommon',$,(#7551));
#7658=IFCPROPERTYSINGLEVALUE('Afnemer',$,IFCTEXT('Particulier'),$);
#7659=IFCPROPERTYSINGLEVALUE('Bepalingsmethode',$,IFCTEXT('BI'),$);
#7660=IFCPROPERTYSINGLEVALUE('BouwwerkType',$,IFCTEXT('Woning'),$);
#7661=IFCPROPERTYSINGLEVALUE('EenheidNummer',$,IFCTEXT('03.00.04'),$);
#7662=IFCPROPERTYSINGLEVALUE('Segment',$,IFCTEXT('VSK'),$);
#7663=IFCPROPERTYSINGLEVALUE('WoningType',$,IFCTEXT('D'),$);
#7664=IFCPROPERTYSET('2WU5WBxI_liyzy_lo$kRo2',#18,'MiniGIM_ILS','',(#7658,#7659,#7660,#7661,#7662,#7663));
#7665=IFCRELDEFINESBYPROPERTIES('3anvmFxALMqMP_xMSZF_Mc',#18,$,$,(#7655),#7656);
#7666=IFCRELDEFINESBYPROPERTIES('3U8HCLLbnGpNVAZx1eqtvY',#18,$,$,(#7655),#7657);
#7667=IFCRELDEFINESBYPROPERTIES('0qDWIgUEZor5jYWSG3tNVt',#18,$,$,(#7655),#7664);
#7668=IFCQUANTITYAREA('GrossFloorArea','',$,43.5518966805957,$);
#7669=IFCQUANTITYAREA('GrossCeilingArea','',$,172.714115360564,$);
#7670=IFCQUANTITYVOLUME('GrossVolume','',$,435.518966805957,$);
#7671=IFCQUANTITYVOLUME('NetVolume','',$,435.518966805957,$);
#7672=IFCELEMENTQUANTITY('1mmblvGBRKbGrF743MWFci',#18,'Qto_SpaceBaseQuantities',$,$,(#7668,#7669,#7670,#7671));
#7673=IFCRELDEFINESBYPROPERTIES('3jAT$PjiPUFe_P02nURjk2',#18,$,$,(#7655),#7672);
#7674=IFCMAPPEDITEM(#7541,#191);
#7675=IFCSHAPEREPRESENTATION(#24,'Body','MappedRepresentation',(#7674));
#7676=IFCPRODUCTDEFINITIONSHAPE($,$,(#7675));
#7677=IFCCARTESIANPOINT((84.3591557601591,171.263902541141,0.));
#7678=IFCDIRECTION((0.0173032090825169,-0.999850288270922,0.));
#7679=IFCAXIS2PLACEMENT3D(#7677,#9,#7678);
#7680=IFCLOCALPLACEMENT(#41,#7679);
#7681=IFCSPACE('2tJvFxDSjBFfFnBa4Du8cz',#18,'{$this("Description")}',$,'Woning',#7680,#7676,$,$,.USERDEFINED.,$);
#7682=IFCPROPERTYSET('316tOwy0OlerZ8TKb9dm5t',#18,'Pset_SpaceCommon',$,(#238,#7551));
#7683=IFCPROPERTYSET('3SbFV1ieTXPrtTPQt$jhh6',#18,'Pset_SpaceHeaterTypeCommon',$,(#7551));
#7684=IFCPROPERTYSINGLEVALUE('Afnemer',$,IFCTEXT('Particulier'),$);
#7685=IFCPROPERTYSINGLEVALUE('Bepalingsmethode',$,IFCTEXT('BI'),$);
#7686=IFCPROPERTYSINGLEVALUE('BouwwerkType',$,IFCTEXT('Woning'),$);
#7687=IFCPROPERTYSINGLEVALUE('EenheidNummer',$,IFCTEXT('03.00.03'),$);
#7688=IFCPROPERTYSINGLEVALUE('Segment',$,IFCTEXT('VSK'),$);
#7689=IFCPROPERTYSINGLEVALUE('WoningType',$,IFCTEXT('D'),$);
#7690=IFCPROPERTYSET('31RJcysdoCoQE4wteghZYb',#18,'MiniGIM_ILS','',(#7684,#7685,#7686,#7687,#7688,#7689));
#7691=IFCRELDEFINESBYPROPERTIES('31EpKNgdmb84VRsZN$0DJt',#18,$,$,(#7681),#7682);
#7692=IFCRELDEFINESBYPROPERTIES('0VaQ4eTJT$U20Sz15BMYGw',#18,$,$,(#7681),#7683);
#7693=IFCRELDEFINESBYPROPERTIES('2gD7iQuV_CHnvOQwBMgDNU',#18,$,$,(#7681),#7690);
#7694=IFCQUANTITYAREA('GrossFloorArea','',$,43.5518966805957,$);
#7695=IFCQUANTITYAREA('GrossCeilingArea','',$,172.714115360564,$);
#7696=IFCQUANTITYVOLUME('GrossVolume','',$,435.518966805957,$);
#7697=IFCQUANTITYVOLUME('NetVolume','',$,435.518966805957,$);
#7698=IFCELEMENTQUANTITY('2KUhxbglPMVMSl0J8CpG8X',#18,'Qto_SpaceBaseQuantities',$,$,(#7694,#7695,#7696,#7697));
#7699=IFCRELDEFINESBYPROPERTIES('3y_3Cem_vHnQoFAQ805kXj',#18,$,$,(#7681),#7698);
#7700=IFCMAPPEDITEM(#7541,#191);
#7701=IFCSHAPEREPRESENTATION(#24,'Body','MappedRepresentation',(#7700));
#7702=IFCPRODUCTDEFINITIONSHAPE($,$,(#7701));
#7703=IFCCARTESIANPOINT((84.0141611463504,198.253266368538,0.));
#7704=IFCDIRECTION((0.0173032090825169,-0.999850288270922,0.));
#7705=IFCAXIS2PLACEMENT3D(#7703,#9,#7704);
#7706=IFCLOCALPLACEMENT(#41,#7705);
#7707=IFCSPACE('2tJvFxDSjBFfFnBa4Du8cg',#18,'{$this("Description")}',$,'Woning',#7706,#7702,$,$,.USERDEFINED.,$);
#7708=IFCPROPERTYSET('0$zkUAFqPAczr8O9wlBJFG',#18,'Pset_SpaceCommon',$,(#238,#7551));
#7709=IFCPROPERTYSET('2yECCuONNoDN8yW36NT$cv',#18,'Pset_SpaceHeaterTypeCommon',$,(#7551));
#7710=IFCPROPERTYSINGLEVALUE('Afnemer',$,IFCTEXT('Particulier'),$);
#7711=IFCPROPERTYSINGLEVALUE('Bepalingsmethode',$,IFCTEXT('BI'),$);
#7712=IFCPROPERTYSINGLEVALUE('BouwwerkType',$,IFCTEXT('Woning'),$);
#7713=IFCPROPERTYSINGLEVALUE('EenheidNummer',$,IFCTEXT('03.00.02'),$);
#7714=IFCPROPERTYSINGLEVALUE('Segment',$,IFCTEXT('VSK'),$);
#7715=IFCPROPERTYSINGLEVALUE('WoningType',$,IFCTEXT('D'),$);
#7716=IFCPROPERTYSET('1v$i9pBN99_WYGwULUslNt',#18,'MiniGIM_ILS','',(#7710,#7711,#7712,#7713,#7714,#7715));
#7717=IFCRELDEFINESBYPROPERTIES('0C166E6LiBUe6VI$ks$FNt',#18,$,$,(#7707),#7708);
#7718=IFCRELDEFINESBYPROPERTIES('1Vs9QyNGv0yAlRuAzLchF8',#18,$,$,(#7707),#7709);
#7719=IFCRELDEFINESBYPROPERTIES('2lF0sP0MJFKG6sCSiFPlTI',#18,$,$,(#7707),#7716);
#7720=IFCQUANTITYAREA('GrossFloorArea','',$,43.5518966805957,$);
#7721=IFCQUANTITYAREA('GrossCeilingArea','',$,172.714115360564,$);
#7722=IFCQUANTITYVOLUME('GrossVolume','',$,435.518966805957,$);
#7723=IFCQUANTITYVOLUME('NetVolume','',$,435.518966805957,$);
#7724=IFCELEMENTQUANTITY('0QngoveVWrA$lt9FI_qOEV',#18,'Qto_SpaceBaseQuantities',$,$,(#7720,#7721,#7722,#7723));
#7725=IFCRELDEFINESBYPROPERTIES('2GhvRqfgoVQ5qHexukqeYV',#18,$,$,(#7707),#7724);
#7726=IFCMAPPEDITEM(#7541,#191);
#7727=IFCSHAPEREPRESENTATION(#24,'Body','MappedRepresentation',(#7726));
#7728=IFCPRODUCTDEFINITIONSHAPE($,$,(#7727));
#7729=IFCCARTESIANPOINT((83.5525264715189,224.897703994794,0.));
#7730=IFCDIRECTION((0.0173032090825169,-0.999850288270922,0.));
#7731=IFCAXIS2PLACEMENT3D(#7729,#9,#7730);
#7732=IFCLOCALPLACEMENT(#41,#7731);
#7733=IFCSPACE('2tJvFxDSjBFfFnBa4Du8PR',#18,'{$this("Description")}',$,'Woning',#7732,#7728,$,$,.USERDEFINED.,$);
#7734=IFCPROPERTYSET('3r3t52lXWazs0LzoHS_1vA',#18,'Pset_SpaceCommon',$,(#238,#7551));
#7735=IFCPROPERTYSET('0gLo4PZqu3_STIsi0VvzrM',#18,'Pset_SpaceHeaterTypeCommon',$,(#7551));
#7736=IFCPROPERTYSINGLEVALUE('Afnemer',$,IFCTEXT('Particulier'),$);
#7737=IFCPROPERTYSINGLEVALUE('Bepalingsmethode',$,IFCTEXT('BI'),$);
#7738=IFCPROPERTYSINGLEVALUE('BouwwerkType',$,IFCTEXT('Woning'),$);
#7739=IFCPROPERTYSINGLEVALUE('EenheidNummer',$,IFCTEXT('03.00.01'),$);
#7740=IFCPROPERTYSINGLEVALUE('Segment',$,IFCTEXT('VSK'),$);
#7741=IFCPROPERTYSINGLEVALUE('WoningType',$,IFCTEXT('D'),$);
#7742=IFCPROPERTYSET('2q0YUPDkvlZ5DBcYGse17K',#18,'MiniGIM_ILS','',(#7736,#7737,#7738,#7739,#7740,#7741));
#7743=IFCRELDEFINESBYPROPERTIES('1iJCPsEKvsxGsckpHkVoVi',#18,$,$,(#7733),#7734);
#7744=IFCRELDEFINESBYPROPERTIES('1Jm4pii8H7dBWqqQUJSaEU',#18,$,$,(#7733),#7735);
#7745=IFCRELDEFINESBYPROPERTIES('246C$bqjp7$TDymMCeEb5S',#18,$,$,(#7733),#7742);
#7746=IFCQUANTITYAREA('GrossFloorArea','',$,43.5518966805957,$);
#7747=IFCQUANTITYAREA('GrossCeilingArea','',$,172.714115360564,$);
#7748=IFCQUANTITYVOLUME('GrossVolume','',$,435.518966805957,$);
#7749=IFCQUANTITYVOLUME('NetVolume','',$,435.518966805957,$);
#7750=IFCELEMENTQUANTITY('2fd5qnAiyskVFfAS_AZQQQ',#18,'Qto_SpaceBaseQuantities',$,$,(#7746,#7747,#7748,#7749));
#7751=IFCRELDEFINESBYPROPERTIES('0yOtAmERoZ0xY3CQuL4MPb',#18,$,$,(#7733),#7750);
#7752=IFCMAPPEDITEM(#7541,#191);
#7753=IFCSHAPEREPRESENTATION(#24,'Body','MappedRepresentation',(#7752));
#7754=IFCPRODUCTDEFINITIONSHAPE($,$,(#7753));
#7755=IFCCARTESIANPOINT((62.713800351379,216.065200707806,0.));
#7756=IFCDIRECTION((0.0173032090825169,-0.999850288270922,0.));
#7757=IFCAXIS2PLACEMENT3D(#7755,#9,#7756);
#7758=IFCLOCALPLACEMENT(#41,#7757);
#7759=IFCSPACE('2tJvFxDSjBFfFnBa4Du8PC',#18,'{$this("Description")}',$,'Woning',#7758,#7754,$,$,.USERDEFINED.,$);
#7760=IFCPROPERTYSET('2eZFyjHLz2gxz7mxX4czj$',#18,'Pset_SpaceCommon',$,(#238,#7551));
#7761=IFCPROPERTYSET('28yX74l4$ce0$Apo00WTQ7',#18,'Pset_SpaceHeaterTypeCommon',$,(#7551));
#7762=IFCPROPERTYSINGLEVALUE('Afnemer',$,IFCTEXT('Particulier'),$);
#7763=IFCPROPERTYSINGLEVALUE('Bepalingsmethode',$,IFCTEXT('BI'),$);
#7764=IFCPROPERTYSINGLEVALUE('BouwwerkType',$,IFCTEXT('Woning'),$);
#7765=IFCPROPERTYSINGLEVALUE('EenheidNummer',$,IFCTEXT('01.00.04'),$);
#7766=IFCPROPERTYSINGLEVALUE('Segment',$,IFCTEXT('VSK'),$);
#7767=IFCPROPERTYSINGLEVALUE('WoningType',$,IFCTEXT('D'),$);
#7768=IFCPROPERTYSET('2jDPUgFxNmGwjjT_bNksO7',#18,'MiniGIM_ILS','',(#7762,#7763,#7764,#7765,#7766,#7767));
#7769=IFCRELDEFINESBYPROPERTIES('2pontYfLaomcB0b5kxeWvY',#18,$,$,(#7759),#7760);
#7770=IFCRELDEFINESBYPROPERTIES('0jE6dJQNyJtaFWa3xlARqS',#18,$,$,(#7759),#7761);
#7771=IFCRELDEFINESBYPROPERTIES('3DXcNR5qNahOlXUfS3edG4',#18,$,$,(#7759),#7768);
#7772=IFCQUANTITYAREA('GrossFloorArea','',$,43.5518966805957,$);
#7773=IFCQUANTITYAREA('GrossCeilingArea','',$,172.714115360564,$);
#7774=IFCQUANTITYVOLUME('GrossVolume','',$,435.518966805957,$);
#7775=IFCQUANTITYVOLUME('NetVolume','',$,435.518966805957,$);
#7776=IFCELEMENTQUANTITY('3vhN0Hxi5o2d18uacg4wyx',#18,'Qto_SpaceBaseQuantities',$,$,(#7772,#7773,#7774,#7775));
#7777=IFCRELDEFINESBYPROPERTIES('1g$lCGv_fscPn_ulouPnM9',#18,$,$,(#7759),#7776);
#7778=IFCMAPPEDITEM(#7541,#191);
#7779=IFCSHAPEREPRESENTATION(#24,'Body','MappedRepresentation',(#7778));
#7780=IFCPRODUCTDEFINITIONSHAPE($,$,(#7779));
#7781=IFCCARTESIANPOINT((22.7755599640243,215.396555582379,0.));
#7782=IFCDIRECTION((0.0173032090825169,-0.999850288270922,0.));
#7783=IFCAXIS2PLACEMENT3D(#7781,#9,#7782);
#7784=IFCLOCALPLACEMENT(#41,#7783);
#7785=IFCSPACE('2tJvFxDSjBFfFnBa4Du8Pz',#18,'{$this("Description")}',$,'Woning',#7784,#7780,$,$,.USERDEFINED.,$);
#7786=IFCPROPERTYSET('2Bq56tteAr43bCN_3AEOfI',#18,'Pset_SpaceCommon',$,(#238,#7551));
#7787=IFCPROPERTYSET('006R00G73vjxGbiEVGoxGo',#18,'Pset_SpaceHeaterTypeCommon',$,(#7551));
#7788=IFCPROPERTYSINGLEVALUE('Afnemer',$,IFCTEXT('Particulier'),$);
#7789=IFCPROPERTYSINGLEVALUE('Bepalingsmethode',$,IFCTEXT('BI'),$);
#7790=IFCPROPERTYSINGLEVALUE('BouwwerkType',$,IFCTEXT('Woning'),$);
#7791=IFCPROPERTYSINGLEVALUE('EenheidNummer',$,IFCTEXT('01.00.01'),$);
#7792=IFCPROPERTYSINGLEVALUE('Segment',$,IFCTEXT('VSK'),$);
#7793=IFCPROPERTYSINGLEVALUE('WoningType',$,IFCTEXT('D'),$);
#7794=IFCPROPERTYSET('1fO_lzI6xbBUuByUtjsenL',#18,'MiniGIM_ILS','',(#7788,#7789,#7790,#7791,#7792,#7793));
#7795=IFCRELDEFINESBYPROPERTIES('349vIc9kbyTqs9bp0Vf7hs',#18,$,$,(#7785),#7786);
#7796=IFCRELDEFINESBYPROPERTIES('32M6kPRkL5kNpZA0OLNj_G',#18,$,$,(#7785),#7787);
#7797=IFCRELDEFINESBYPROPERTIES('3f1RhTFayhCLXAAsWFKtg_',#18,$,$,(#7785),#7794);
#7798=IFCQUANTITYAREA('GrossFloorArea','',$,43.5518966805957,$);
#7799=IFCQUANTITYAREA('GrossCeilingArea','',$,172.714115360564,$);
#7800=IFCQUANTITYVOLUME('GrossVolume','',$,435.518966805957,$);
#7801=IFCQUANTITYVOLUME('NetVolume','',$,435.518966805957,$);
#7802=IFCELEMENTQUANTITY('28Lsun4Qp2RnZ9a3twpdye',#18,'Qto_SpaceBaseQuantities',$,$,(#7798,#7799,#7800,#7801));
#7803=IFCRELDEFINESBYPROPERTIES('2NowkPy_ZnIzBrhwHZleFS',#18,$,$,(#7785),#7802);
#7804=IFCMAPPEDITEM(#7541,#191);
#7805=IFCSHAPEREPRESENTATION(#24,'Body','MappedRepresentation',(#7804));
#7806=IFCPRODUCTDEFINITIONSHAPE($,$,(#7805));
#7807=IFCCARTESIANPOINT((70.9734256785958,133.638873182129,0.));
#7808=IFCDIRECTION((-0.999850288270922,-0.0173032090825188,0.));
#7809=IFCAXIS2PLACEMENT3D(#7807,#9,#7808);
#7810=IFCLOCALPLACEMENT(#41,#7809);
#7811=IFCSPACE('2tJvFxDSjBFfFnBa4Du8OR',#18,'{$this("Description")}',$,'Woning',#7810,#7806,$,$,.USERDEFINED.,$);
#7812=IFCPROPERTYSET('2hp6UcskUdHKxhNbzJL360',#18,'Pset_SpaceCommon',$,(#238,#7551));
#7813=IFCPROPERTYSET('0lu3xXB87HHo$Y0nKoCDgm',#18,'Pset_SpaceHeaterTypeCommon',$,(#7551));
#7814=IFCPROPERTYSINGLEVALUE('Afnemer',$,IFCTEXT('Particulier'),$);
#7815=IFCPROPERTYSINGLEVALUE('Bepalingsmethode',$,IFCTEXT('BI'),$);
#7816=IFCPROPERTYSINGLEVALUE('BouwwerkType',$,IFCTEXT('Woning'),$);
#7817=IFCPROPERTYSINGLEVALUE('EenheidNummer',$,IFCTEXT('02.00.09'),$);
#7818=IFCPROPERTYSINGLEVALUE('Segment',$,IFCTEXT('VSK'),$);
#7819=IFCPROPERTYSINGLEVALUE('WoningType',$,IFCTEXT('D'),$);
#7820=IFCPROPERTYSET('1X9mrTZe9PXxVb28C6XU_z',#18,'MiniGIM_ILS','',(#7814,#7815,#7816,#7817,#7818,#7819));
#7821=IFCRELDEFINESBYPROPERTIES('3uXjj0K9yrHUMnCi7Jnaz6',#18,$,$,(#7811),#7812);
#7822=IFCRELDEFINESBYPROPERTIES('04R7KIlVslq7laBtVIskS2',#18,$,$,(#7811),#7813);
#7823=IFCRELDEFINESBYPROPERTIES('2t0lXS9AXdDg6uf4vjC2Dg',#18,$,$,(#7811),#7820);
#7824=IFCQUANTITYAREA('GrossFloorArea','',$,43.5518966805957,$);
#7825=IFCQUANTITYAREA('GrossCeilingArea','',$,172.714115360564,$);
#7826=IFCQUANTITYVOLUME('GrossVolume','',$,435.518966805957,$);
#7827=IFCQUANTITYVOLUME('NetVolume','',$,435.518966805957,$);
#7828=IFCELEMENTQUANTITY('1gbIma32aDodqnVRadoMaD',#18,'Qto_SpaceBaseQuantities',$,$,(#7824,#7825,#7826,#7827));
#7829=IFCRELDEFINESBYPROPERTIES('1H5YS5vUmh8UOFSByHNOCq',#18,$,$,(#7811),#7828);
#7830=IFCMAPPEDITEM(#7541,#191);
#7831=IFCSHAPEREPRESENTATION(#24,'Body','MappedRepresentation',(#7830));
#7832=IFCPRODUCTDEFINITIONSHAPE($,$,(#7831));
#7833=IFCCARTESIANPOINT((39.3150560530419,133.097224383414,0.));
#7834=IFCDIRECTION((-0.999850288270922,-0.0173032090825188,0.));
#7835=IFCAXIS2PLACEMENT3D(#7833,#9,#7834);
#7836=IFCLOCALPLACEMENT(#41,#7835);
#7837=IFCSPACE('2tJvFxDSjBFfFnBa4Du8OA',#18,'{$this("Description")}',$,'Woning',#7836,#7832,$,$,.USERDEFINED.,$);
#7838=IFCPROPERTYSET('3EL9$ZoTinG2MbmIXJv1PC',#18,'Pset_SpaceCommon',$,(#238,#7551));
#7839=IFCPROPERTYSET('3RY$Gm_90Oz8R4Vm4l1S9U',#18,'Pset_SpaceHeaterTypeCommon',$,(#7551));
#7840=IFCPROPERTYSINGLEVALUE('Afnemer',$,IFCTEXT('Particulier'),$);
#7841=IFCPROPERTYSINGLEVALUE('Bepalingsmethode',$,IFCTEXT('BI'),$);
#7842=IFCPROPERTYSINGLEVALUE('BouwwerkType',$,IFCTEXT('Woning'),$);
#7843=IFCPROPERTYSINGLEVALUE('EenheidNummer',$,IFCTEXT('02.00.08'),$);
#7844=IFCPROPERTYSINGLEVALUE('Segment',$,IFCTEXT('VSK'),$);
#7845=IFCPROPERTYSINGLEVALUE('WoningType',$,IFCTEXT('D'),$);
#7846=IFCPROPERTYSET('2ZFfkOW$9KuGU7oMzGgK2v',#18,'MiniGIM_ILS','',(#7840,#7841,#7842,#7843,#7844,#7845));
#7847=IFCRELDEFINESBYPROPERTIES('2dEUZTFmn9GUtLa61e7kiA',#18,$,$,(#7837),#7838);
#7848=IFCRELDEFINESBYPROPERTIES('3EWTZuw24wFTDxjJI5lIaV',#18,$,$,(#7837),#7839);
#7849=IFCRELDEFINESBYPROPERTIES('33ID5LYa59_y33gtjqQxWb',#18,$,$,(#7837),#7846);
#7850=IFCQUANTITYAREA('GrossFloorArea','',$,43.5518966805957,$);
#7851=IFCQUANTITYAREA('GrossCeilingArea','',$,172.714115360564,$);
#7852=IFCQUANTITYVOLUME('GrossVolume','',$,435.518966805957,$);
#7853=IFCQUANTITYVOLUME('NetVolume','',$,435.518966805957,$);
#7854=IFCELEMENTQUANTITY('0s7PtYnOgW5aLALbq4qag4',#18,'Qto_SpaceBaseQuantities',$,$,(#7850,#7851,#7852,#7853));
#7855=IFCRELDEFINESBYPROPERTIES('1I6ZKwL6$Rk5qnkVySIXcg',#18,$,$,(#7837),#7854);
#7856=IFCAXIS2PLACEMENT3D(#3,$,$);
#7858=IFCCOLOURRGBLIST(((0.309803921568627,0.211764705882353,0.176470588235294)));
#7859=IFCINDEXEDPOLYGONALFACE((8,9,10,11,12,13,14,15,16,17,18,19,20,21,22,23,24,1,2,3,4,5,6,7));
#7860=IFCINDEXEDPOLYGONALFACE((36,37,38,39,40,41,42,43,44,45,46,47,48,25,26,27,28,29,30,31,32,33,34,35));
#7861=IFCINDEXEDPOLYGONALFACE((69,46,57));
#7862=IFCINDEXEDPOLYGONALFACE((103,74,102));
#7863=IFCINDEXEDPOLYGONALFACE((13,12,100));
#7864=IFCINDEXEDPOLYGONALFACE((44,68,45));
#7865=IFCINDEXEDPOLYGONALFACE((57,45,68));
#7866=IFCINDEXEDPOLYGONALFACE((51,88,87));
#7867=IFCINDEXEDPOLYGONALFACE((40,39,72));
#7868=IFCINDEXEDPOLYGONALFACE((3,75,4));
#7869=IFCINDEXEDPOLYGONALFACE((77,11,10));
#7870=IFCINDEXEDPOLYGONALFACE((43,70,58));
#7871=IFCINDEXEDPOLYGONALFACE((69,47,46));
#7872=IFCINDEXEDPOLYGONALFACE((81,82,55));
#7873=IFCINDEXEDPOLYGONALFACE((75,53,62));
#7874=IFCINDEXEDPOLYGONALFACE((45,57,46));
#7875=IFCINDEXEDPOLYGONALFACE((60,41,40));
#7876=IFCINDEXEDPOLYGONALFACE((83,1,76));
#7877=IFCINDEXEDPOLYGONALFACE((37,67,95));
#7878=IFCINDEXEDPOLYGONALFACE((58,44,43));
#7879=IFCINDEXEDPOLYGONALFACE((62,5,4));
#7880=IFCINDEXEDPOLYGONALFACE((9,8,79));
#7881=IFCINDEXEDPOLYGONALFACE((3,63,75));
#7882=IFCINDEXEDPOLYGONALFACE((6,5,74));
#7883=IFCINDEXEDPOLYGONALFACE((74,5,62));
#7884=IFCINDEXEDPOLYGONALFACE((76,80,83));
#7885=IFCINDEXEDPOLYGONALFACE((70,42,78));
#7886=IFCINDEXEDPOLYGONALFACE((86,58,73));
#7887=IFCINDEXEDPOLYGONALFACE((58,70,73));
#7888=IFCINDEXEDPOLYGONALFACE((88,89,54));
#7889=IFCINDEXEDPOLYGONALFACE((96,56,95));
#7890=IFCINDEXEDPOLYGONALFACE((90,55,69));
#7891=IFCINDEXEDPOLYGONALFACE((91,62,53));
#7892=IFCINDEXEDPOLYGONALFACE((72,60,40));
#7893=IFCINDEXEDPOLYGONALFACE((70,43,42));
#7894=IFCINDEXEDPOLYGONALFACE((65,12,11));
#7895=IFCINDEXEDPOLYGONALFACE((6,59,7));
#7896=IFCINDEXEDPOLYGONALFACE((71,7,59));
#7897=IFCINDEXEDPOLYGONALFACE((51,105,104));
#7898=IFCINDEXEDPOLYGONALFACE((92,93,55));
#7899=IFCINDEXEDPOLYGONALFACE((81,53,63));
#7900=IFCINDEXEDPOLYGONALFACE((77,54,65));
#7901=IFCINDEXEDPOLYGONALFACE((72,94,56));
#7902=IFCINDEXEDPOLYGONALFACE((95,56,94));
#7903=IFCINDEXEDPOLYGONALFACE((38,94,39));
#7904=IFCINDEXEDPOLYGONALFACE((64,10,9));
#7905=IFCINDEXEDPOLYGONALFACE((92,55,82));
#7906=IFCINDEXEDPOLYGONALFACE((63,3,2));
#7907=IFCINDEXEDPOLYGONALFACE((65,97,99));
#7908=IFCINDEXEDPOLYGONALFACE((91,53,90));
#7909=IFCINDEXEDPOLYGONALFACE((101,57,68));
#7910=IFCINDEXEDPOLYGONALFACE((7,71,8));
#7911=IFCINDEXEDPOLYGONALFACE((64,77,10));
#7912=IFCINDEXEDPOLYGONALFACE((63,80,81));
#7913=IFCINDEXEDPOLYGONALFACE((79,8,71));
#7914=IFCINDEXEDPOLYGONALFACE((64,87,88));
#7915=IFCINDEXEDPOLYGONALFACE((97,56,96));
#7916=IFCINDEXEDPOLYGONALFACE((65,99,100));
#7917=IFCINDEXEDPOLYGONALFACE((44,58,68));
#7918=IFCINDEXEDPOLYGONALFACE((48,92,25));
#7919=IFCINDEXEDPOLYGONALFACE((67,96,95));
#7920=IFCINDEXEDPOLYGONALFACE((101,68,58));
#7921=IFCINDEXEDPOLYGONALFACE((90,69,57));
#7922=IFCINDEXEDPOLYGONALFACE((93,69,55));
#7923=IFCINDEXEDPOLYGONALFACE((42,41,78));
#7924=IFCINDEXEDPOLYGONALFACE((104,105,78));
#7925=IFCINDEXEDPOLYGONALFACE((71,85,84));
#7926=IFCINDEXEDPOLYGONALFACE((87,79,84));
#7927=IFCINDEXEDPOLYGONALFACE((94,72,39));
#7928=IFCINDEXEDPOLYGONALFACE((56,97,89));
#7929=IFCINDEXEDPOLYGONALFACE((73,51,84));
#7930=IFCINDEXEDPOLYGONALFACE((85,59,86));
#7931=IFCINDEXEDPOLYGONALFACE((102,74,62));
#7932=IFCINDEXEDPOLYGONALFACE((59,6,74));
#7933=IFCINDEXEDPOLYGONALFACE((53,75,63));
#7934=IFCINDEXEDPOLYGONALFACE((62,4,75));
#7935=IFCINDEXEDPOLYGONALFACE((54,77,64));
#7936=IFCINDEXEDPOLYGONALFACE((80,76,121,49));
#7937=IFCINDEXEDPOLYGONALFACE((65,11,77));
#7938=IFCINDEXEDPOLYGONALFACE((41,60,78));
#7939=IFCINDEXEDPOLYGONALFACE((104,78,60));
#7940=IFCINDEXEDPOLYGONALFACE((84,79,71));
#7941=IFCINDEXEDPOLYGONALFACE((64,9,79));
#7942=IFCINDEXEDPOLYGONALFACE((82,81,80));
#7943=IFCINDEXEDPOLYGONALFACE((83,63,2));
#7944=IFCINDEXEDPOLYGONALFACE((82,80,49));
#7945=IFCINDEXEDPOLYGONALFACE((81,55,90));
#7946=IFCINDEXEDPOLYGONALFACE((82,49,109,66));
#7947=IFCINDEXEDPOLYGONALFACE((92,82,66));
#7948=IFCINDEXEDPOLYGONALFACE((63,83,80));
#7949=IFCINDEXEDPOLYGONALFACE((1,83,2));
#7950=IFCINDEXEDPOLYGONALFACE((71,59,85));
#7951=IFCINDEXEDPOLYGONALFACE((87,84,51));
#7952=IFCINDEXEDPOLYGONALFACE((59,103,86));
#7953=IFCINDEXEDPOLYGONALFACE((73,84,85));
#7954=IFCINDEXEDPOLYGONALFACE((86,50,101));
#7955=IFCINDEXEDPOLYGONALFACE((73,85,86));
#7956=IFCINDEXEDPOLYGONALFACE((104,88,51));
#7957=IFCINDEXEDPOLYGONALFACE((79,87,64));
#7958=IFCINDEXEDPOLYGONALFACE((89,88,60));
#7959=IFCINDEXEDPOLYGONALFACE((64,88,54));
#7960=IFCINDEXEDPOLYGONALFACE((60,72,89));
#7961=IFCINDEXEDPOLYGONALFACE((56,89,72));
#7962=IFCINDEXEDPOLYGONALFACE((91,57,50));
#7963=IFCINDEXEDPOLYGONALFACE((90,53,81));
#7964=IFCINDEXEDPOLYGONALFACE((57,91,90));
#7965=IFCINDEXEDPOLYGONALFACE((102,91,50));
#7966=IFCINDEXEDPOLYGONALFACE((92,66,122,25));
#7967=IFCINDEXEDPOLYGONALFACE((93,92,48));
#7968=IFCINDEXEDPOLYGONALFACE((48,47,93));
#7969=IFCINDEXEDPOLYGONALFACE((69,93,47));
#7970=IFCINDEXEDPOLYGONALFACE((38,37,95));
#7971=IFCINDEXEDPOLYGONALFACE((38,95,94));
#7972=IFCINDEXEDPOLYGONALFACE((96,67,124,52,110,98));
#7973=IFCINDEXEDPOLYGONALFACE((97,54,89));
#7974=IFCINDEXEDPOLYGONALFACE((99,61,100));
#7975=IFCINDEXEDPOLYGONALFACE((65,54,97));
#7976=IFCINDEXEDPOLYGONALFACE((61,99,98));
#7977=IFCINDEXEDPOLYGONALFACE((98,99,96));
#7978=IFCINDEXEDPOLYGONALFACE((96,99,97));
#7979=IFCINDEXEDPOLYGONALFACE((100,61,128,13));
#7980=IFCINDEXEDPOLYGONALFACE((65,100,12));
#7981=IFCINDEXEDPOLYGONALFACE((86,101,58));
#7982=IFCINDEXEDPOLYGONALFACE((57,101,50));
#7983=IFCINDEXEDPOLYGONALFACE((91,102,62));
#7984=IFCINDEXEDPOLYGONALFACE((103,102,50));
#7985=IFCINDEXEDPOLYGONALFACE((86,103,50));
#7986=IFCINDEXEDPOLYGONALFACE((74,103,59));
#7987=IFCINDEXEDPOLYGONALFACE((88,104,60));
#7988=IFCINDEXEDPOLYGONALFACE((105,51,73));
#7989=IFCINDEXEDPOLYGONALFACE((73,70,105));
#7990=IFCINDEXEDPOLYGONALFACE((78,105,70));
#7991=IFCINDEXEDPOLYGONALFACE((22,21,120));
#7992=IFCINDEXEDPOLYGONALFACE((28,27,130));
#7993=IFCINDEXEDPOLYGONALFACE((113,35,123));
#7994=IFCINDEXEDPOLYGONALFACE((19,18,136));
#7995=IFCINDEXEDPOLYGONALFACE((113,123,159));
#7996=IFCINDEXEDPOLYGONALFACE((128,152,154));
#7997=IFCINDEXEDPOLYGONALFACE((142,108,120));
#7998=IFCINDEXEDPOLYGONALFACE((125,114,33));
#7999=IFCINDEXEDPOLYGONALFACE((106,160,153));
#8000=IFCINDEXEDPOLYGONALFACE((135,125,32));
#8001=IFCINDEXEDPOLYGONALFACE((15,14,118));
#8002=IFCINDEXEDPOLYGONALFACE((35,113,36));
#8003=IFCINDEXEDPOLYGONALFACE((124,156,155));
#8004=IFCINDEXEDPOLYGONALFACE((114,34,33));
#8005=IFCINDEXEDPOLYGONALFACE((16,15,127));
#8006=IFCINDEXEDPOLYGONALFACE((35,34,123));
#8007=IFCINDEXEDPOLYGONALFACE((28,130,119));
#8008=IFCINDEXEDPOLYGONALFACE((13,128,154));
#8009=IFCINDEXEDPOLYGONALFACE((118,127,15));
#8010=IFCINDEXEDPOLYGONALFACE((116,31,30));
#8011=IFCINDEXEDPOLYGONALFACE((16,115,17));
#8012=IFCINDEXEDPOLYGONALFACE((127,160,115));
#8013=IFCINDEXEDPOLYGONALFACE((126,17,115));
#8014=IFCINDEXEDPOLYGONALFACE((132,131,119));
#8015=IFCINDEXEDPOLYGONALFACE((162,161,107));
#8016=IFCINDEXEDPOLYGONALFACE((116,131,132));
#8017=IFCINDEXEDPOLYGONALFACE((131,29,119));
#8018=IFCINDEXEDPOLYGONALFACE((119,29,28));
#8019=IFCINDEXEDPOLYGONALFACE((141,140,111));
#8020=IFCINDEXEDPOLYGONALFACE((149,114,129));
#8021=IFCINDEXEDPOLYGONALFACE((114,125,129));
#8022=IFCINDEXEDPOLYGONALFACE((25,122,145));
#8023=IFCINDEXEDPOLYGONALFACE((17,126,18));
#8024=IFCINDEXEDPOLYGONALFACE((23,138,24));
#8025=IFCINDEXEDPOLYGONALFACE((136,18,126));
#8026=IFCINDEXEDPOLYGONALFACE((19,117,20));
#8027=IFCINDEXEDPOLYGONALFACE((137,119,130));
#8028=IFCINDEXEDPOLYGONALFACE((134,22,120));
#8029=IFCINDEXEDPOLYGONALFACE((137,108,119));
#8030=IFCINDEXEDPOLYGONALFACE((21,133,120));
#8031=IFCINDEXEDPOLYGONALFACE((156,113,155));
#8032=IFCINDEXEDPOLYGONALFACE((23,22,134));
#8033=IFCINDEXEDPOLYGONALFACE((26,145,146));
#8034=IFCINDEXEDPOLYGONALFACE((153,118,152));
#8035=IFCINDEXEDPOLYGONALFACE((138,139,24));
#8036=IFCINDEXEDPOLYGONALFACE((144,145,122));
#8037=IFCINDEXEDPOLYGONALFACE((125,33,32));
#8038=IFCINDEXEDPOLYGONALFACE((29,131,30));
#8039=IFCINDEXEDPOLYGONALFACE((151,116,132));
#8040=IFCINDEXEDPOLYGONALFACE((140,121,139));
#8041=IFCINDEXEDPOLYGONALFACE((21,20,133));
#8042=IFCINDEXEDPOLYGONALFACE((143,134,120));
#8043=IFCINDEXEDPOLYGONALFACE((34,114,123));
#8044=IFCINDEXEDPOLYGONALFACE((24,139,1));
#8045=IFCINDEXEDPOLYGONALFACE((144,109,141));
#8046=IFCINDEXEDPOLYGONALFACE((159,123,114));
#8047=IFCINDEXEDPOLYGONALFACE((32,31,135));
#8048=IFCINDEXEDPOLYGONALFACE((36,156,37));
#8049=IFCINDEXEDPOLYGONALFACE((161,162,135));
#8050=IFCINDEXEDPOLYGONALFACE((126,148,147));
#8051=IFCINDEXEDPOLYGONALFACE((150,136,147));
#8052=IFCINDEXEDPOLYGONALFACE((160,127,118));
#8053=IFCINDEXEDPOLYGONALFACE((115,16,127));
#8054=IFCINDEXEDPOLYGONALFACE((129,107,147));
#8055=IFCINDEXEDPOLYGONALFACE((152,128,61,98,110));
#8056=IFCINDEXEDPOLYGONALFACE((148,115,149));
#8057=IFCINDEXEDPOLYGONALFACE((112,146,145));
#8058=IFCINDEXEDPOLYGONALFACE((130,112,137));
#8059=IFCINDEXEDPOLYGONALFACE((132,119,108));
#8060=IFCINDEXEDPOLYGONALFACE((116,30,131));
#8061=IFCINDEXEDPOLYGONALFACE((142,120,133));
#8062=IFCINDEXEDPOLYGONALFACE((117,150,151));
#8063=IFCINDEXEDPOLYGONALFACE((20,117,133));
#8064=IFCINDEXEDPOLYGONALFACE((132,163,151));
#8065=IFCINDEXEDPOLYGONALFACE((143,120,108));
#8066=IFCINDEXEDPOLYGONALFACE((138,134,111));
#8067=IFCINDEXEDPOLYGONALFACE((31,116,135));
#8068=IFCINDEXEDPOLYGONALFACE((161,135,116));
#8069=IFCINDEXEDPOLYGONALFACE((147,136,126));
#8070=IFCINDEXEDPOLYGONALFACE((117,19,136));
#8071=IFCINDEXEDPOLYGONALFACE((157,112,141));
#8072=IFCINDEXEDPOLYGONALFACE((158,134,143));
#8073=IFCINDEXEDPOLYGONALFACE((134,138,23));
#8074=IFCINDEXEDPOLYGONALFACE((140,139,138));
#8075=IFCINDEXEDPOLYGONALFACE((140,138,111));
#8076=IFCINDEXEDPOLYGONALFACE((139,121,76,1));
#8077=IFCINDEXEDPOLYGONALFACE((111,157,141));
#8078=IFCINDEXEDPOLYGONALFACE((140,109,49,121));
#8079=IFCINDEXEDPOLYGONALFACE((144,141,112));
#8080=IFCINDEXEDPOLYGONALFACE((109,140,141));
#8081=IFCINDEXEDPOLYGONALFACE((163,142,133));
#8082=IFCINDEXEDPOLYGONALFACE((132,108,142));
#8083=IFCINDEXEDPOLYGONALFACE((108,137,143));
#8084=IFCINDEXEDPOLYGONALFACE((137,157,158));
#8085=IFCINDEXEDPOLYGONALFACE((145,144,112));
#8086=IFCINDEXEDPOLYGONALFACE((144,122,66,109));
#8087=IFCINDEXEDPOLYGONALFACE((112,130,146));
#8088=IFCINDEXEDPOLYGONALFACE((145,26,25));
#8089=IFCINDEXEDPOLYGONALFACE((130,27,146));
#8090=IFCINDEXEDPOLYGONALFACE((26,146,27));
#8091=IFCINDEXEDPOLYGONALFACE((126,115,148));
#8092=IFCINDEXEDPOLYGONALFACE((150,147,107));
#8093=IFCINDEXEDPOLYGONALFACE((149,115,106));
#8094=IFCINDEXEDPOLYGONALFACE((129,147,148));
#8095=IFCINDEXEDPOLYGONALFACE((149,106,159));
#8096=IFCINDEXEDPOLYGONALFACE((129,148,149));
#8097=IFCINDEXEDPOLYGONALFACE((151,150,107));
#8098=IFCINDEXEDPOLYGONALFACE((136,150,117));
#8099=IFCINDEXEDPOLYGONALFACE((151,107,161));
#8100=IFCINDEXEDPOLYGONALFACE((132,142,163));
#8101=IFCINDEXEDPOLYGONALFACE((153,155,113));
#8102=IFCINDEXEDPOLYGONALFACE((154,152,118));
#8103=IFCINDEXEDPOLYGONALFACE((155,152,110));
#8104=IFCINDEXEDPOLYGONALFACE((113,106,153));
#8105=IFCINDEXEDPOLYGONALFACE((118,14,154));
#8106=IFCINDEXEDPOLYGONALFACE((13,154,14));
#8107=IFCINDEXEDPOLYGONALFACE((152,155,153));
#8108=IFCINDEXEDPOLYGONALFACE((155,110,52,124));
#8109=IFCINDEXEDPOLYGONALFACE((156,124,67,37));
#8110=IFCINDEXEDPOLYGONALFACE((36,113,156));
#8111=IFCINDEXEDPOLYGONALFACE((158,157,111));
#8112=IFCINDEXEDPOLYGONALFACE((112,157,137));
#8113=IFCINDEXEDPOLYGONALFACE((134,158,111));
#8114=IFCINDEXEDPOLYGONALFACE((137,158,143));
#8115=IFCINDEXEDPOLYGONALFACE((149,159,114));
#8116=IFCINDEXEDPOLYGONALFACE((113,159,106));
#8117=IFCINDEXEDPOLYGONALFACE((153,160,118));
#8118=IFCINDEXEDPOLYGONALFACE((115,160,106));
#8119=IFCINDEXEDPOLYGONALFACE((151,161,116));
#8120=IFCINDEXEDPOLYGONALFACE((162,107,129));
#8121=IFCINDEXEDPOLYGONALFACE((129,125,162));
#8122=IFCINDEXEDPOLYGONALFACE((135,162,125));
#8123=IFCINDEXEDPOLYGONALFACE((133,117,163));
#8124=IFCINDEXEDPOLYGONALFACE((151,163,117));
#8125=IFCCARTESIANPOINTLIST3D(((-0.1,3.23108914886517E-16,2.51417681675568),(-0.0965925826289069,-0.0258819045102517,2.51417681675568),(-0.0866025403784441,-0.0499999999999997,2.51417681675568),(-0.070710678118655,-0.0707106781186545,2.51417681675568),(-0.0500000000000003,-0.0866025403784437,2.51417681675568),(-0.0258819045102525,-0.0965925826289067,2.51417681675568),(-4.56834570172759E-16,-0.1,2.51417681675568),(0.0258819045102516,-0.096592582628907,2.51417681675568),(0.0499999999999995,-0.0866025403784441,2.51417681675568),(0.0707106781186544,-0.0707106781186552,2.51417681675568),(0.0866025403784436,-0.0500000000000005,2.51417681675568),(0.0965925826289067,-0.0258819045102527,2.51417681675568),(0.1,-3.38125505500356E-32,2.51417681675568),(0.0965925826289068,0.0258819045102521,2.51417681675568),(0.0866025403784439,0.05,2.51417681675568),(0.0707106781186548,0.0707106781186547,2.51417681675568),(0.0500000000000001,0.0866025403784438,2.51417681675568),(0.0258819045102522,0.0965925826289068,2.51417681675568),(1.35358391162299E-16,0.1,2.51417681675568),(-0.0258819045102519,0.0965925826289069,2.51417681675568),(-0.0499999999999998,0.086602540378444,2.51417681675568),(-0.0707106781186546,0.0707106781186549,2.51417681675568),(-0.0866025403784437,0.0500000000000002,2.51417681675568),(-0.0965925826289068,0.0258819045102524,2.51417681675568),(-0.1,2.78699993901511E-16,0.),(-0.0965925826289068,0.0258819045102524,0.),(-0.0866025403784437,0.0500000000000002,0.),(-0.0707106781186546,0.0707106781186549,0.),(-0.0499999999999998,0.086602540378444,0.),(-0.0258819045102519,0.0965925826289069,0.),(1.35358391162299E-16,0.1,0.),(0.0258819045102522,0.0965925826289068,0.),(0.0500000000000001,0.0866025403784438,0.),(0.0707106781186548,0.0707106781186547,0.),(0.0866025403784439,0.05,0.),(0.0965925826289068,0.0258819045102521,0.),(0.1,-5.57399987803022E-16,0.),(0.0965925826289067,-0.0258819045102527,0.),(0.0866025403784436,-0.0500000000000005,0.),(0.0707106781186544,-0.0707106781186552,0.),(0.0499999999999995,-0.0866025403784441,0.),(0.0258819045102516,-0.096592582628907,0.),(-4.56834570172759E-16,-0.1,0.),(-0.0258819045102525,-0.0965925826289067,0.),(-0.0500000000000003,-0.0866025403784437,0.),(-0.070710678118655,-0.0707106781186545,0.),(-0.0866025403784441,-0.0499999999999997,0.),(-0.0965925826289069,-0.0258819045102517,0.),(-0.1,2.78699993901511E-16,1.39668115609996),(-0.0382683432242835,-0.0923879532561926,1.25708840834322),(0.0382683432450185,-0.0923879532476039,1.25708840834852),(0.1,-8.33742715950938E-16,1.11749503281605),(-0.0793353339972156,-0.0608761429424552,1.4540672020649),(0.0793353340431856,-0.060876142882546,1.45406720171641),(-0.0923879532446809,-0.0382683432520753,0.801654069503487),(0.0923879532532478,-0.0382683432313929,0.80165406862481),(-0.0608761428917214,-0.0793353340361451,0.714857286481448),(-0.0130526192132357,-0.0991444861385356,0.714857286277826),(-0.0130526191969904,-0.0991444861406743,1.79931953020379),(0.0608761429058555,-0.0793353340252996,0.714857286251959),(0.1,-1.00643379877202E-15,1.81583592478587),(-0.0608761428778164,-0.0793353340468148,1.88177110767481),(-0.0923879532363428,-0.0382683432722054,1.881771107485),(0.0608761429137712,-0.0793353340192257,1.88177110749691),(0.0923879532562551,-0.0382683432241326,1.88177110758956),(-0.1,2.78699993901511E-16,0.698340578049982),(0.1,-6.9557135187698E-16,0.558747516408025),(-0.0382683432292595,-0.0923879532541315,0.509211631476566),(-0.079335334022776,-0.0608761429091443,0.509211631640488),(0.0130526192280693,-0.0991444861365827,0.509211631354613),(0.0130526192383665,-0.099144486135227,2.00496518537265),(0.0793353340318166,-0.0608761428973624,0.509211631272751),(0.00958813747685855,-0.0995392767691471,1.12812387190297),(-0.0382683432179331,-0.0923879532588231,2.02640186299972),(-0.0793353340131373,-0.0608761429217057,2.02640186290179),(-0.1,2.78699993901511E-16,1.95543127030321),(0.0793353340361862,-0.0608761428916678,2.02640186307637),(0.0382683432412216,-0.0923879532491766,0.467686523919244),(0.0382683432491363,-0.0923879532458983,2.04649029289283),(-0.0982830685977719,-0.0184509736059014,1.67605554361634),(-0.09241489936985,-0.0382032246604981,1.34171258851282),(-0.0982737608938509,-0.018500484311991,1.07054702309019),(-0.0980818184520418,-0.0194924828880446,2.10567681845036),(0.0272364060487582,-0.0962194272771729,1.65178935073602),(0.00599243186912004,-0.0998202923272315,1.5798972150636),(-0.0144019538764857,-0.0989574844291203,1.28916319533421),(0.0464715054541098,-0.088546028599981,1.64070475139999),(0.0603583062136658,-0.0797300123605744,1.23950854898707),(0.0751399475844275,-0.0659847579143054,0.987605262781094),(-0.075402642648663,-0.0656844082077173,0.981639416716992),(-0.061286762329964,-0.0790185596117172,1.34307008833499),(-0.0979597455787823,-0.0200969710688013,0.653748070024628),(-0.0935151293766959,-0.0354248581882812,0.376796264430135),(0.092387953252271,-0.0382683432337511,0.355710660033148),(0.0977774961758458,-0.0209657158614357,0.578682364299215),(0.0978628938867409,-0.0205634141161553,1.0160634162767),(0.0916437819251556,-0.0400177115094619,1.31740286242655),(0.1,-9.20088257361481E-16,1.46666547880096),(0.0979141429973838,-0.0203179871317973,1.64125070188126),(0.0984539319658046,-0.0175163717839264,2.09351594801031),(-0.0307196742634472,-0.0951646027320437,0.883150019872227),(-0.0464194283188079,-0.0885733406536925,1.64174513580295),(-0.0289014426577083,-0.0957324741783226,1.59220059585728),(0.0446603649687451,-0.0894731904028155,0.862387466111465),(0.026696423590857,-0.0963706437015834,0.941301207503489),(0.0793353337515639,0.0608761432625949,1.25708841344252),(0.0130526191127524,0.0991444861517644,1.25708840880103),(-0.0608761429368329,0.0793353340015298,1.25708840839483),(-0.1,2.78699993901511E-16,1.11749811052282),(0.1,-1.40572997752326E-26,1.25708840837784),(-0.0923879532792522,0.0382683431686127,1.60867220015326),(-0.0923879532601935,0.0382683432146245,0.781853132385622),(0.0923879529858279,0.0382683438770017,0.714857292101174),(0.0608761427350047,0.079335334156398,0.714857286043363),(0.0608761426875093,0.0793353341928425,1.79931953279258),(-0.0130526192817152,0.0991444861295201,0.714857286314449),(-0.0130526193557474,0.0991444861197736,1.79931952960704),(0.0923879531641994,0.0382683434463749,1.79931953661653),(-0.0608761429251468,0.0793353340104968,0.599773176685348),(-0.060876142959677,0.0793353339840009,1.91440364014882),(-0.1,2.78699993901511E-16,1.81583746363925),(-0.1,2.78699993901511E-16,0.558746342926855),(0.0793353338464503,0.0608761431389364,0.509211630880707),(0.1,-3.51431987192557E-26,0.628544204188921),(0.0382683431440836,0.0923879532894125,0.509211631516645),(0.0382683430915256,0.0923879533111828,2.0049651866059),(0.0793353339035548,0.0608761430645164,2.00496518825104),(0.1,7.02859916879047E-27,1.88563261256676),(0.0414660676640461,0.0909976111361213,1.12812387541261),(-0.0793353340416114,0.0608761428845976,0.480793603815248),(-0.038268343267427,0.092387953238322,0.48079360425151),(-0.035841074149219,0.0933563999082558,1.09250867902065),(-0.0382683433052406,0.0923879532226591,2.03338321309337),(-0.079335334059338,0.0608761428614959,2.03338321328942),(0.0130526191604141,0.0991444861454897,0.467686525107775),(0.0130526191084116,0.0991444861523359,2.04649029313474),(-0.0800062657557442,0.0599916447500919,1.07110731300101),(-0.0923879532648614,0.0382683432033552,2.10136657440392),(-0.0985243800684598,0.0171156808840807,2.09995460817461),(-0.0981451600307041,0.0191710083862973,1.68468350899816),(-0.0968385689242985,0.0249457725615764,1.19526266576609),(-0.0463386703351851,0.0886156173118883,1.58574602518681),(-0.0736027831301933,0.0676951277086448,1.5857460234551),(-0.0983688589205526,0.0179879847306034,0.785364765058342),(-0.0959561504982186,0.0281499055338243,0.420536092631021),(-0.0891350072122928,0.0453315617342324,0.436327638115172),(0.024522293930141,0.0969466714250869,1.6517893520807),(0.0447205477133555,0.0894431250137063,1.57989721645823),(0.0619511998485693,0.0784987186986044,1.28916319755257),(0.00495076584164593,0.0998773744027204,1.629154378106),(-0.012309134235719,0.0992395345332043,1.24589459692924),(0.0983441284234477,0.0181227041203135,1.57136052367563),(0.0922988096468723,0.0384828499174688,1.2661319659352),(0.0979077395244967,0.0203488216170693,2.00707584659214),(0.0980272174539846,0.0197652381273089,0.993961587593656),(0.0979814555334129,0.0199908571990756,0.577297671906397),(-0.0898794022816908,0.043837119493484,1.21337275155064),(-0.0843664827938975,0.0536870243260605,1.50462483184467),(0.0741863194599696,0.0670551266122385,0.883150021173551),(0.0839711105837107,0.0543033386389662,1.63102680245513),(0.00605958445767035,0.099816238339262,0.862387466707656),(0.0250655407608279,0.0968076374382067,0.941301206275396),(-0.0302684777151582,0.0953090722691548,1.70052250023884)));
#8126=IFCPOLYGONALFACESET(#8125,.T.,(#7859,#7860,#7861,#7862,#7863,#7864,#7865,#7866,#7867,#7868,#7869,#7870,#7871,#7872,#7873,#7874,#7875,#7876,#7877,#7878,#7879,#7880,#7881,#7882,#7883,#7884,#7885,#7886,#7887,#7888,#7889,#7890,#7891,#7892,#7893,#7894,#7895,#7896,#7897,#7898,#7899,#7900,#7901,#7902,#7903,#7904,#7905,#7906,#7907,#7908,#7909,#7910,#7911,#7912,#7913,#7914,#7915,#7916,#7917,#7918,#7919,#7920,#7921,#7922,#7923,#7924,#7925,#7926,#7927,#7928,#7929,#7930,#7931,#7932,#7933,#7934,#7935,#7936,#7937,#7938,#7939,#7940,#7941,#7942,#7943,#7944,#7945,#7946,#7947,#7948,#7949,#7950,#7951,#7952,#7953,#7954,#7955,#7956,#7957,#7958,#7959,#7960,#7961,#7962,#7963,#7964,#7965,#7966,#7967,#7968,#7969,#7970,#7971,#7972,#7973,#7974,#7975,#7976,#7977,#7978,#7979,#7980,#7981,#7982,#7983,#7984,#7985,#7986,#7987,#7988,#7989,#7990,#7991,#7992,#7993,#7994,#7995,#7996,#7997,#7998,#7999,#8000,#8001,#8002,#8003,#8004,#8005,#8006,#8007,#8008,#8009,#8010,#8011,#8012,#8013,#8014,#8015,#8016,#8017,#8018,#8019,#8020,#8021,#8022,#8023,#8024,#8025,#8026,#8027,#8028,#8029,#8030,#8031,#8032,#8033,#8034,#8035,#8036,#8037,#8038,#8039,#8040,#8041,#8042,#8043,#8044,#8045,#8046,#8047,#8048,#8049,#8050,#8051,#8052,#8053,#8054,#8055,#8056,#8057,#8058,#8059,#8060,#8061,#8062,#8063,#8064,#8065,#8066,#8067,#8068,#8069,#8070,#8071,#8072,#8073,#8074,#8075,#8076,#8077,#8078,#8079,#8080,#8081,#8082,#8083,#8084,#8085,#8086,#8087,#8088,#8089,#8090,#8091,#8092,#8093,#8094,#8095,#8096,#8097,#8098,#8099,#8100,#8101,#8102,#8103,#8104,#8105,#8106,#8107,#8108,#8109,#8110,#8111,#8112,#8113,#8114,#8115,#8116,#8117,#8118,#8119,#8120,#8121,#8122,#8123,#8124),$);
#8127=IFCINDEXEDCOLOURMAP(#8126,1.,#7858,(1,1,1,1,1,1,1,1,1,1,1,1,1,1,1,1,1,1,1,1,1,1,1,1,1,1,1,1,1,1,1,1,1,1,1,1,1,1,1,1,1,1,1,1,1,1,1,1,1,1,1,1,1,1,1,1,1,1,1,1,1,1,1,1,1,1,1,1,1,1,1,1,1,1,1,1,1,1,1,1,1,1,1,1,1,1,1,1,1,1,1,1,1,1,1,1,1,1,1,1,1,1,1,1,1,1,1,1,1,1,1,1,1,1,1,1,1,1,1,1,1,1,1,1,1,1,1,1,1,1,1,1,1,1,1,1,1,1,1,1,1,1,1,1,1,1,1,1,1,1,1,1,1,1,1,1,1,1,1,1,1,1,1,1,1,1,1,1,1,1,1,1,1,1,1,1,1,1,1,1,1,1,1,1,1,1,1,1,1,1,1,1,1,1,1,1,1,1,1,1,1,1,1,1,1,1,1,1,1,1,1,1,1,1,1,1,1,1,1,1,1,1,1,1,1,1,1,1,1,1,1,1,1,1,1,1,1,1,1,1,1,1,1,1,1,1,1,1,1,1,1,1,1,1,1,1,1,1,1,1,1,1,1,1,1,1));
#8128=IFCCOLOURRGB($,0.309803921568627,0.211764705882353,0.176470588235294);
#8129=IFCSURFACESTYLERENDERING(#8128,0.,$,$,$,$,IFCNORMALISEDRATIOMEASURE(0.5),IFCSPECULAREXPONENT(64.),.NOTDEFINED.);
#8130=IFCSURFACESTYLE('ntb_stam_ntb',.BOTH.,(#8129));
#8131=IFCSTYLEDITEM(#8126,(#8130),$);
#8132=IFCCOLOURRGBLIST(((0.,0.309803921568627,0.)));
#8133=IFCINDEXEDPOLYGONALFACE((157,121,371));
#8134=IFCINDEXEDPOLYGONALFACE((45,281,173));
#8135=IFCINDEXEDPOLYGONALFACE((135,31,32));
#8136=IFCINDEXEDPOLYGONALFACE((137,196,195));
#8137=IFCINDEXEDPOLYGONALFACE((117,144,148));
#8138=IFCINDEXEDPOLYGONALFACE((371,34,157));
#8139=IFCINDEXEDPOLYGONALFACE((153,169,195));
#8140=IFCINDEXEDPOLYGONALFACE((36,139,157));
#8141=IFCINDEXEDPOLYGONALFACE((28,132,27));
#8142=IFCINDEXEDPOLYGONALFACE((52,161,191));
#8143=IFCINDEXEDPOLYGONALFACE((22,140,126));
#8144=IFCINDEXEDPOLYGONALFACE((29,149,28));
#8145=IFCINDEXEDPOLYGONALFACE((271,392,391));
#8146=IFCINDEXEDPOLYGONALFACE((371,121,135));
#8147=IFCINDEXEDPOLYGONALFACE((374,139,128));
#8148=IFCINDEXEDPOLYGONALFACE((29,30,149));
#8149=IFCINDEXEDPOLYGONALFACE((329,140,112));
#8150=IFCINDEXEDPOLYGONALFACE((132,28,149));
#8151=IFCINDEXEDPOLYGONALFACE((37,139,36));
#8152=IFCINDEXEDPOLYGONALFACE((311,237,310));
#8153=IFCINDEXEDPOLYGONALFACE((44,206,43));
#8154=IFCINDEXEDPOLYGONALFACE((112,140,322));
#8155=IFCINDEXEDPOLYGONALFACE((108,400,399));
#8156=IFCINDEXEDPOLYGONALFACE((43,206,164));
#8157=IFCINDEXEDPOLYGONALFACE((388,104,386));
#8158=IFCINDEXEDPOLYGONALFACE((106,349,350));
#8159=IFCINDEXEDPOLYGONALFACE((111,248,249));
#8160=IFCINDEXEDPOLYGONALFACE((44,45,173));
#8161=IFCINDEXEDPOLYGONALFACE((168,155,120));
#8162=IFCINDEXEDPOLYGONALFACE((46,281,45));
#8163=IFCINDEXEDPOLYGONALFACE((147,165,15));
#8164=IFCINDEXEDPOLYGONALFACE((108,132,149));
#8165=IFCINDEXEDPOLYGONALFACE((396,121,300));
#8166=IFCINDEXEDPOLYGONALFACE((145,40,41));
#8167=IFCINDEXEDPOLYGONALFACE((300,121,299));
#8168=IFCINDEXEDPOLYGONALFACE((158,80,81));
#8169=IFCINDEXEDPOLYGONALFACE((203,204,352));
#8170=IFCINDEXEDPOLYGONALFACE((128,167,145));
#8171=IFCINDEXEDPOLYGONALFACE((123,219,185));
#8172=IFCINDEXEDPOLYGONALFACE((42,43,164));
#8173=IFCINDEXEDPOLYGONALFACE((38,167,37));
#8174=IFCINDEXEDPOLYGONALFACE((1,212,94));
#8175=IFCINDEXEDPOLYGONALFACE((109,295,294));
#8176=IFCINDEXEDPOLYGONALFACE((310,114,309));
#8177=IFCINDEXEDPOLYGONALFACE((125,126,102));
#8178=IFCINDEXEDPOLYGONALFACE((132,322,27));
#8179=IFCINDEXEDPOLYGONALFACE((87,174,86));
#8180=IFCINDEXEDPOLYGONALFACE((139,37,167));
#8181=IFCINDEXEDPOLYGONALFACE((25,26,322));
#8182=IFCINDEXEDPOLYGONALFACE((24,25,140));
#8183=IFCINDEXEDPOLYGONALFACE((371,32,33));
#8184=IFCINDEXEDPOLYGONALFACE((137,169,165));
#8185=IFCINDEXEDPOLYGONALFACE((24,140,23));
#8186=IFCINDEXEDPOLYGONALFACE((198,382,217));
#8187=IFCINDEXEDPOLYGONALFACE((126,20,21));
#8188=IFCINDEXEDPOLYGONALFACE((125,17,160));
#8189=IFCINDEXEDPOLYGONALFACE((53,54,209));
#8190=IFCINDEXEDPOLYGONALFACE((189,309,145));
#8191=IFCINDEXEDPOLYGONALFACE((126,160,20));
#8192=IFCINDEXEDPOLYGONALFACE((18,19,160));
#8193=IFCINDEXEDPOLYGONALFACE((188,177,90));
#8194=IFCINDEXEDPOLYGONALFACE((69,129,68));
#8195=IFCINDEXEDPOLYGONALFACE((17,18,160));
#8196=IFCINDEXEDPOLYGONALFACE((67,68,129));
#8197=IFCINDEXEDPOLYGONALFACE((17,125,147));
#8198=IFCINDEXEDPOLYGONALFACE((266,267,268));
#8199=IFCINDEXEDPOLYGONALFACE((14,165,13));
#8200=IFCINDEXEDPOLYGONALFACE((13,165,12));
#8201=IFCINDEXEDPOLYGONALFACE((146,130,76));
#8202=IFCINDEXEDPOLYGONALFACE((76,77,146));
#8203=IFCINDEXEDPOLYGONALFACE((12,169,11));
#8204=IFCINDEXEDPOLYGONALFACE((12,165,169));
#8205=IFCINDEXEDPOLYGONALFACE((372,332,333));
#8206=IFCINDEXEDPOLYGONALFACE((270,345,346));
#8207=IFCINDEXEDPOLYGONALFACE((10,11,169));
#8208=IFCINDEXEDPOLYGONALFACE((23,140,22));
#8209=IFCINDEXEDPOLYGONALFACE((153,9,10));
#8210=IFCINDEXEDPOLYGONALFACE((7,8,166));
#8211=IFCINDEXEDPOLYGONALFACE((342,343,211));
#8212=IFCINDEXEDPOLYGONALFACE((167,38,39));
#8213=IFCINDEXEDPOLYGONALFACE((176,202,203));
#8214=IFCINDEXEDPOLYGONALFACE((6,154,5));
#8215=IFCINDEXEDPOLYGONALFACE((255,99,254));
#8216=IFCINDEXEDPOLYGONALFACE((317,318,320));
#8217=IFCINDEXEDPOLYGONALFACE((201,176,4));
#8218=IFCINDEXEDPOLYGONALFACE((142,172,168));
#8219=IFCINDEXEDPOLYGONALFACE((94,170,93));
#8220=IFCINDEXEDPOLYGONALFACE((220,107,219));
#8221=IFCINDEXEDPOLYGONALFACE((212,1,2));
#8222=IFCINDEXEDPOLYGONALFACE((232,261,278));
#8223=IFCINDEXEDPOLYGONALFACE((49,50,171));
#8224=IFCINDEXEDPOLYGONALFACE((193,115,150));
#8225=IFCINDEXEDPOLYGONALFACE((171,50,210));
#8226=IFCINDEXEDPOLYGONALFACE((307,129,116));
#8227=IFCINDEXEDPOLYGONALFACE((209,54,172));
#8228=IFCINDEXEDPOLYGONALFACE((375,128,376));
#8229=IFCINDEXEDPOLYGONALFACE((167,40,145));
#8230=IFCINDEXEDPOLYGONALFACE((161,52,53));
#8231=IFCINDEXEDPOLYGONALFACE((152,69,70));
#8232=IFCINDEXEDPOLYGONALFACE((55,168,172));
#8233=IFCINDEXEDPOLYGONALFACE((168,56,57));
#8234=IFCINDEXEDPOLYGONALFACE((192,166,8));
#8235=IFCINDEXEDPOLYGONALFACE((329,126,140));
#8236=IFCINDEXEDPOLYGONALFACE((168,58,155));
#8237=IFCINDEXEDPOLYGONALFACE((61,131,175));
#8238=IFCINDEXEDPOLYGONALFACE((165,113,137));
#8239=IFCINDEXEDPOLYGONALFACE((392,102,391));
#8240=IFCINDEXEDPOLYGONALFACE((59,175,155));
#8241=IFCINDEXEDPOLYGONALFACE((22,126,21));
#8242=IFCINDEXEDPOLYGONALFACE((56,168,55));
#8243=IFCINDEXEDPOLYGONALFACE((323,347,348));
#8244=IFCINDEXEDPOLYGONALFACE((61,62,162));
#8245=IFCINDEXEDPOLYGONALFACE((63,64,302));
#8246=IFCINDEXEDPOLYGONALFACE((106,287,286));
#8247=IFCINDEXEDPOLYGONALFACE((185,111,134));
#8248=IFCINDEXEDPOLYGONALFACE((302,65,143));
#8249=IFCINDEXEDPOLYGONALFACE((65,66,143));
#8250=IFCINDEXEDPOLYGONALFACE((303,141,191));
#8251=IFCINDEXEDPOLYGONALFACE((180,358,360));
#8252=IFCINDEXEDPOLYGONALFACE((358,284,357));
#8253=IFCINDEXEDPOLYGONALFACE((159,83,84));
#8254=IFCINDEXEDPOLYGONALFACE((302,124,162));
#8255=IFCINDEXEDPOLYGONALFACE((316,321,285));
#8256=IFCINDEXEDPOLYGONALFACE((157,34,35));
#8257=IFCINDEXEDPOLYGONALFACE((244,260,286));
#8258=IFCINDEXEDPOLYGONALFACE((152,70,71));
#8259=IFCINDEXEDPOLYGONALFACE((152,71,72,151));
#8260=IFCINDEXEDPOLYGONALFACE((282,393,188));
#8261=IFCINDEXEDPOLYGONALFACE((282,352,364));
#8262=IFCINDEXEDPOLYGONALFACE((155,58,59));
#8263=IFCINDEXEDPOLYGONALFACE((67,129,143));
#8264=IFCINDEXEDPOLYGONALFACE((298,299,121));
#8265=IFCINDEXEDPOLYGONALFACE((162,62,63));
#8266=IFCINDEXEDPOLYGONALFACE((350,373,106));
#8267=IFCINDEXEDPOLYGONALFACE((72,73,151));
#8268=IFCINDEXEDPOLYGONALFACE((186,247,248));
#8269=IFCINDEXEDPOLYGONALFACE((88,177,148));
#8270=IFCINDEXEDPOLYGONALFACE((162,63,302));
#8271=IFCINDEXEDPOLYGONALFACE((247,186,242));
#8272=IFCINDEXEDPOLYGONALFACE((144,86,174));
#8273=IFCINDEXEDPOLYGONALFACE((190,219,123));
#8274=IFCINDEXEDPOLYGONALFACE((27,322,26));
#8275=IFCINDEXEDPOLYGONALFACE((248,389,351));
#8276=IFCINDEXEDPOLYGONALFACE((163,188,91));
#8277=IFCINDEXEDPOLYGONALFACE((146,79,134));
#8278=IFCINDEXEDPOLYGONALFACE((212,156,170));
#8279=IFCINDEXEDPOLYGONALFACE((176,156,308));
#8280=IFCINDEXEDPOLYGONALFACE((249,398,130));
#8281=IFCINDEXEDPOLYGONALFACE((107,222,224));
#8282=IFCINDEXEDPOLYGONALFACE((194,163,92));
#8283=IFCINDEXEDPOLYGONALFACE((7,208,6));
#8284=IFCINDEXEDPOLYGONALFACE((93,194,92));
#8285=IFCINDEXEDPOLYGONALFACE((331,334,330));
#8286=IFCINDEXEDPOLYGONALFACE((92,163,91));
#8287=IFCINDEXEDPOLYGONALFACE((149,31,135));
#8288=IFCINDEXEDPOLYGONALFACE((365,109,364));
#8289=IFCINDEXEDPOLYGONALFACE((3,308,2));
#8290=IFCINDEXEDPOLYGONALFACE((286,287,370));
#8291=IFCINDEXEDPOLYGONALFACE((78,79,146));
#8292=IFCINDEXEDPOLYGONALFACE((110,143,129));
#8293=IFCINDEXEDPOLYGONALFACE((297,307,101));
#8294=IFCINDEXEDPOLYGONALFACE((130,74,75));
#8295=IFCINDEXEDPOLYGONALFACE((152,151,116));
#8296=IFCINDEXEDPOLYGONALFACE((118,195,196));
#8297=IFCINDEXEDPOLYGONALFACE((353,354,223));
#8298=IFCINDEXEDPOLYGONALFACE((80,134,79));
#8299=IFCINDEXEDPOLYGONALFACE((148,87,88));
#8300=IFCINDEXEDPOLYGONALFACE((158,83,159));
#8301=IFCINDEXEDPOLYGONALFACE((159,85,144));
#8302=IFCINDEXEDPOLYGONALFACE((118,196,305));
#8303=IFCINDEXEDPOLYGONALFACE((15,16,147));
#8304=IFCINDEXEDPOLYGONALFACE((146,77,78));
#8305=IFCINDEXEDPOLYGONALFACE((158,82,83));
#8306=IFCINDEXEDPOLYGONALFACE((213,171,178));
#8307=IFCINDEXEDPOLYGONALFACE((157,298,121));
#8308=IFCINDEXEDPOLYGONALFACE((82,158,81));
#8309=IFCINDEXEDPOLYGONALFACE((375,104,374));
#8310=IFCINDEXEDPOLYGONALFACE((210,51,191));
#8311=IFCINDEXEDPOLYGONALFACE((85,86,144));
#8312=IFCINDEXEDPOLYGONALFACE((130,151,74));
#8313=IFCINDEXEDPOLYGONALFACE((331,97,334));
#8314=IFCINDEXEDPOLYGONALFACE((127,292,293));
#8315=IFCINDEXEDPOLYGONALFACE((213,48,49));
#8316=IFCINDEXEDPOLYGONALFACE((76,130,75));
#8317=IFCINDEXEDPOLYGONALFACE((142,369,276));
#8318=IFCINDEXEDPOLYGONALFACE((369,120,275));
#8319=IFCINDEXEDPOLYGONALFACE((55,172,54));
#8320=IFCINDEXEDPOLYGONALFACE((143,66,67));
#8321=IFCINDEXEDPOLYGONALFACE((377,124,143));
#8322=IFCINDEXEDPOLYGONALFACE((123,159,190));
#8323=IFCINDEXEDPOLYGONALFACE((123,158,159));
#8324=IFCINDEXEDPOLYGONALFACE((189,42,164));
#8325=IFCINDEXEDPOLYGONALFACE((375,376,218));
#8326=IFCINDEXEDPOLYGONALFACE((134,111,146));
#8327=IFCINDEXEDPOLYGONALFACE((130,146,111));
#8328=IFCINDEXEDPOLYGONALFACE((17,147,16));
#8329=IFCINDEXEDPOLYGONALFACE((301,147,125));
#8330=IFCINDEXEDPOLYGONALFACE((177,88,89));
#8331=IFCINDEXEDPOLYGONALFACE((395,136,294));
#8332=IFCINDEXEDPOLYGONALFACE((31,149,30));
#8333=IFCINDEXEDPOLYGONALFACE((108,149,135));
#8334=IFCINDEXEDPOLYGONALFACE((46,47,178));
#8335=IFCINDEXEDPOLYGONALFACE((150,115,311));
#8336=IFCINDEXEDPOLYGONALFACE((74,151,73));
#8337=IFCINDEXEDPOLYGONALFACE((130,116,151));
#8338=IFCINDEXEDPOLYGONALFACE((116,129,152));
#8339=IFCINDEXEDPOLYGONALFACE((69,152,129));
#8340=IFCINDEXEDPOLYGONALFACE((153,293,292));
#8341=IFCINDEXEDPOLYGONALFACE((166,192,292));
#8342=IFCINDEXEDPOLYGONALFACE((208,7,166));
#8343=IFCINDEXEDPOLYGONALFACE((154,283,323));
#8344=IFCINDEXEDPOLYGONALFACE((175,59,60));
#8345=IFCINDEXEDPOLYGONALFACE((277,155,131));
#8346=IFCINDEXEDPOLYGONALFACE((176,3,4));
#8347=IFCINDEXEDPOLYGONALFACE((156,176,203));
#8348=IFCINDEXEDPOLYGONALFACE((36,157,35));
#8349=IFCINDEXEDPOLYGONALFACE((298,157,139));
#8350=IFCINDEXEDPOLYGONALFACE((185,158,123));
#8351=IFCINDEXEDPOLYGONALFACE((80,158,134));
#8352=IFCINDEXEDPOLYGONALFACE((85,159,84));
#8353=IFCINDEXEDPOLYGONALFACE((190,159,144));
#8354=IFCINDEXEDPOLYGONALFACE((20,160,19));
#8355=IFCINDEXEDPOLYGONALFACE((126,125,160));
#8356=IFCINDEXEDPOLYGONALFACE((179,161,122));
#8357=IFCINDEXEDPOLYGONALFACE((52,191,51));
#8358=IFCINDEXEDPOLYGONALFACE((373,162,124));
#8359=IFCINDEXEDPOLYGONALFACE((61,162,131));
#8360=IFCINDEXEDPOLYGONALFACE((282,163,133));
#8361=IFCINDEXEDPOLYGONALFACE((91,188,90));
#8362=IFCINDEXEDPOLYGONALFACE((309,164,138));
#8363=IFCINDEXEDPOLYGONALFACE((42,189,41));
#8364=IFCINDEXEDPOLYGONALFACE((15,165,14));
#8365=IFCINDEXEDPOLYGONALFACE((113,165,147));
#8366=IFCINDEXEDPOLYGONALFACE((8,9,192));
#8367=IFCINDEXEDPOLYGONALFACE((166,283,208));
#8368=IFCINDEXEDPOLYGONALFACE((167,39,40));
#8369=IFCINDEXEDPOLYGONALFACE((139,167,128));
#8370=IFCINDEXEDPOLYGONALFACE((168,57,58));
#8371=IFCINDEXEDPOLYGONALFACE((369,168,120));
#8372=IFCINDEXEDPOLYGONALFACE((195,169,137));
#8373=IFCINDEXEDPOLYGONALFACE((10,169,153));
#8374=IFCINDEXEDPOLYGONALFACE((156,133,170));
#8375=IFCINDEXEDPOLYGONALFACE((194,133,163));
#8376=IFCINDEXEDPOLYGONALFACE((150,178,193));
#8377=IFCINDEXEDPOLYGONALFACE((150,281,178));
#8378=IFCINDEXEDPOLYGONALFACE((142,324,172));
#8379=IFCINDEXEDPOLYGONALFACE((209,122,161));
#8380=IFCINDEXEDPOLYGONALFACE((311,173,150));
#8381=IFCINDEXEDPOLYGONALFACE((206,138,164));
#8382=IFCINDEXEDPOLYGONALFACE((87,148,174));
#8383=IFCINDEXEDPOLYGONALFACE((148,144,174));
#8384=IFCINDEXEDPOLYGONALFACE((61,175,60));
#8385=IFCINDEXEDPOLYGONALFACE((131,155,175));
#8386=IFCINDEXEDPOLYGONALFACE((201,4,5));
#8387=IFCINDEXEDPOLYGONALFACE((176,201,202));
#8388=IFCINDEXEDPOLYGONALFACE((90,177,89));
#8389=IFCINDEXEDPOLYGONALFACE((136,148,177));
#8390=IFCINDEXEDPOLYGONALFACE((213,47,48));
#8391=IFCINDEXEDPOLYGONALFACE((193,178,171));
#8392=IFCINDEXEDPOLYGONALFACE((361,180,360));
#8393=IFCINDEXEDPOLYGONALFACE((141,179,359));
#8394=IFCINDEXEDPOLYGONALFACE((318,319,181));
#8395=IFCINDEXEDPOLYGONALFACE((357,355,356));
#8396=IFCINDEXEDPOLYGONALFACE((183,258,259));
#8397=IFCINDEXEDPOLYGONALFACE((99,246,254));
#8398=IFCINDEXEDPOLYGONALFACE((258,280,253));
#8399=IFCINDEXEDPOLYGONALFACE((262,263,182));
#8400=IFCINDEXEDPOLYGONALFACE((274,256,273));
#8401=IFCINDEXEDPOLYGONALFACE((246,250,254));
#8402=IFCINDEXEDPOLYGONALFACE((241,186,224));
#8403=IFCINDEXEDPOLYGONALFACE((385,233,236));
#8404=IFCINDEXEDPOLYGONALFACE((185,134,158));
#8405=IFCINDEXEDPOLYGONALFACE((107,224,351));
#8406=IFCINDEXEDPOLYGONALFACE((220,222,107));
#8407=IFCINDEXEDPOLYGONALFACE((186,241,242));
#8408=IFCINDEXEDPOLYGONALFACE((223,226,383));
#8409=IFCINDEXEDPOLYGONALFACE((225,236,233));
#8410=IFCINDEXEDPOLYGONALFACE((282,188,163));
#8411=IFCINDEXEDPOLYGONALFACE((177,188,136));
#8412=IFCINDEXEDPOLYGONALFACE((309,189,164));
#8413=IFCINDEXEDPOLYGONALFACE((145,41,189));
#8414=IFCINDEXEDPOLYGONALFACE((117,325,144));
#8415=IFCINDEXEDPOLYGONALFACE((325,219,190));
#8416=IFCINDEXEDPOLYGONALFACE((303,191,161));
#8417=IFCINDEXEDPOLYGONALFACE((51,210,50));
#8418=IFCINDEXEDPOLYGONALFACE((9,153,192));
#8419=IFCINDEXEDPOLYGONALFACE((292,192,153));
#8420=IFCINDEXEDPOLYGONALFACE((171,141,193));
#8421=IFCINDEXEDPOLYGONALFACE((141,359,362));
#8422=IFCINDEXEDPOLYGONALFACE((93,170,194));
#8423=IFCINDEXEDPOLYGONALFACE((133,194,170));
#8424=IFCINDEXEDPOLYGONALFACE((196,137,113));
#8425=IFCINDEXEDPOLYGONALFACE((153,195,118));
#8426=IFCINDEXEDPOLYGONALFACE((306,113,272));
#8427=IFCINDEXEDPOLYGONALFACE((304,305,306));
#8428=IFCINDEXEDPOLYGONALFACE((217,363,290));
#8429=IFCINDEXEDPOLYGONALFACE((205,366,378));
#8430=IFCINDEXEDPOLYGONALFACE((304,96,288));
#8431=IFCINDEXEDPOLYGONALFACE((214,231,230));
#8432=IFCINDEXEDPOLYGONALFACE((268,269,200));
#8433=IFCINDEXEDPOLYGONALFACE((279,95,327));
#8434=IFCINDEXEDPOLYGONALFACE((271,269,96));
#8435=IFCINDEXEDPOLYGONALFACE((264,337,338));
#8436=IFCINDEXEDPOLYGONALFACE((5,154,201));
#8437=IFCINDEXEDPOLYGONALFACE((202,154,119));
#8438=IFCINDEXEDPOLYGONALFACE((154,202,201));
#8439=IFCINDEXEDPOLYGONALFACE((202,119,203));
#8440=IFCINDEXEDPOLYGONALFACE((203,119,204));
#8441=IFCINDEXEDPOLYGONALFACE((133,156,203));
#8442=IFCINDEXEDPOLYGONALFACE((207,367,368));
#8443=IFCINDEXEDPOLYGONALFACE((221,295,381));
#8444=IFCINDEXEDPOLYGONALFACE((367,365,204));
#8445=IFCINDEXEDPOLYGONALFACE((365,366,205));
#8446=IFCINDEXEDPOLYGONALFACE((44,173,206));
#8447=IFCINDEXEDPOLYGONALFACE((138,206,173));
#8448=IFCINDEXEDPOLYGONALFACE((323,119,154));
#8449=IFCINDEXEDPOLYGONALFACE((207,103,215));
#8450=IFCINDEXEDPOLYGONALFACE((283,166,127));
#8451=IFCINDEXEDPOLYGONALFACE((154,6,208));
#8452=IFCINDEXEDPOLYGONALFACE((209,172,324));
#8453=IFCINDEXEDPOLYGONALFACE((161,53,209));
#8454=IFCINDEXEDPOLYGONALFACE((191,141,210));
#8455=IFCINDEXEDPOLYGONALFACE((171,210,141));
#8456=IFCINDEXEDPOLYGONALFACE((264,211,390));
#8457=IFCINDEXEDPOLYGONALFACE((386,218,387));
#8458=IFCINDEXEDPOLYGONALFACE((212,2,308));
#8459=IFCINDEXEDPOLYGONALFACE((170,94,212));
#8460=IFCINDEXEDPOLYGONALFACE((171,213,49));
#8461=IFCINDEXEDPOLYGONALFACE((178,47,213));
#8462=IFCINDEXEDPOLYGONALFACE((380,226,100));
#8463=IFCINDEXEDPOLYGONALFACE((214,227,228));
#8464=IFCINDEXEDPOLYGONALFACE((217,215,103));
#8465=IFCINDEXEDPOLYGONALFACE((217,382,215));
#8466=IFCINDEXEDPOLYGONALFACE((226,227,214));
#8467=IFCINDEXEDPOLYGONALFACE((205,378,379));
#8468=IFCINDEXEDPOLYGONALFACE((197,333,332));
#8469=IFCINDEXEDPOLYGONALFACE((197,304,289));
#8470=IFCINDEXEDPOLYGONALFACE((313,114,312));
#8471=IFCINDEXEDPOLYGONALFACE((402,263,390));
#8472=IFCINDEXEDPOLYGONALFACE((325,117,220));
#8473=IFCINDEXEDPOLYGONALFACE((185,219,107));
#8474=IFCINDEXEDPOLYGONALFACE((221,220,117));
#8475=IFCINDEXEDPOLYGONALFACE((222,223,187));
#8476=IFCINDEXEDPOLYGONALFACE((294,221,117));
#8477=IFCINDEXEDPOLYGONALFACE((221,294,295));
#8478=IFCINDEXEDPOLYGONALFACE((353,223,222));
#8479=IFCINDEXEDPOLYGONALFACE((224,222,187));
#8480=IFCINDEXEDPOLYGONALFACE((222,220,353));
#8481=IFCINDEXEDPOLYGONALFACE((226,223,100));
#8482=IFCINDEXEDPOLYGONALFACE((187,236,241));
#8483=IFCINDEXEDPOLYGONALFACE((224,186,351));
#8484=IFCINDEXEDPOLYGONALFACE((383,229,187));
#8485=IFCINDEXEDPOLYGONALFACE((243,242,225));
#8486=IFCINDEXEDPOLYGONALFACE((100,379,380));
#8487=IFCINDEXEDPOLYGONALFACE((226,214,229));
#8488=IFCINDEXEDPOLYGONALFACE((216,384,227));
#8489=IFCINDEXEDPOLYGONALFACE((227,384,228));
#8490=IFCINDEXEDPOLYGONALFACE((198,291,394));
#8491=IFCINDEXEDPOLYGONALFACE((230,231,184));
#8492=IFCINDEXEDPOLYGONALFACE((230,229,214));
#8493=IFCINDEXEDPOLYGONALFACE((236,187,229));
#8494=IFCINDEXEDPOLYGONALFACE((231,214,228));
#8495=IFCINDEXEDPOLYGONALFACE((230,184,233));
#8496=IFCINDEXEDPOLYGONALFACE((231,228,394));
#8497=IFCINDEXEDPOLYGONALFACE((279,232,278));
#8498=IFCINDEXEDPOLYGONALFACE((232,279,327));
#8499=IFCINDEXEDPOLYGONALFACE((251,252,234));
#8500=IFCINDEXEDPOLYGONALFACE((251,250,233));
#8501=IFCINDEXEDPOLYGONALFACE((243,246,99));
#8502=IFCINDEXEDPOLYGONALFACE((234,250,251));
#8503=IFCINDEXEDPOLYGONALFACE((234,280,257));
#8504=IFCINDEXEDPOLYGONALFACE((291,198,290));
#8505=IFCINDEXEDPOLYGONALFACE((95,267,266));
#8506=IFCINDEXEDPOLYGONALFACE((236,229,385));
#8507=IFCINDEXEDPOLYGONALFACE((241,236,225));
#8508=IFCINDEXEDPOLYGONALFACE((284,355,357));
#8509=IFCINDEXEDPOLYGONALFACE((114,310,312));
#8510=IFCINDEXEDPOLYGONALFACE((344,343,238));
#8511=IFCINDEXEDPOLYGONALFACE((342,211,339));
#8512=IFCINDEXEDPOLYGONALFACE((386,387,238));
#8513=IFCINDEXEDPOLYGONALFACE((182,285,253));
#8514=IFCINDEXEDPOLYGONALFACE((211,338,339));
#8515=IFCINDEXEDPOLYGONALFACE((135,396,108));
#8516=IFCINDEXEDPOLYGONALFACE((241,225,242));
#8517=IFCINDEXEDPOLYGONALFACE((187,241,224));
#8518=IFCINDEXEDPOLYGONALFACE((233,246,225));
#8519=IFCINDEXEDPOLYGONALFACE((242,245,247));
#8520=IFCINDEXEDPOLYGONALFACE((99,260,326));
#8521=IFCINDEXEDPOLYGONALFACE((242,243,245));
#8522=IFCINDEXEDPOLYGONALFACE((99,255,260));
#8523=IFCINDEXEDPOLYGONALFACE((245,297,101));
#8524=IFCINDEXEDPOLYGONALFACE((326,245,243));
#8525=IFCINDEXEDPOLYGONALFACE((297,245,244));
#8526=IFCINDEXEDPOLYGONALFACE((225,246,243));
#8527=IFCINDEXEDPOLYGONALFACE((250,246,233));
#8528=IFCINDEXEDPOLYGONALFACE((245,101,247));
#8529=IFCINDEXEDPOLYGONALFACE((130,111,249));
#8530=IFCINDEXEDPOLYGONALFACE((101,248,247));
#8531=IFCINDEXEDPOLYGONALFACE((389,248,111));
#8532=IFCINDEXEDPOLYGONALFACE((248,101,249));
#8533=IFCINDEXEDPOLYGONALFACE((101,307,398));
#8534=IFCINDEXEDPOLYGONALFACE((251,233,184));
#8535=IFCINDEXEDPOLYGONALFACE((250,234,254));
#8536=IFCINDEXEDPOLYGONALFACE((184,261,251));
#8537=IFCINDEXEDPOLYGONALFACE((261,262,252));
#8538=IFCINDEXEDPOLYGONALFACE((252,251,261));
#8539=IFCINDEXEDPOLYGONALFACE((253,252,182));
#8540=IFCINDEXEDPOLYGONALFACE((402,285,182));
#8541=IFCINDEXEDPOLYGONALFACE((257,258,183));
#8542=IFCINDEXEDPOLYGONALFACE((234,257,254));
#8543=IFCINDEXEDPOLYGONALFACE((254,257,255));
#8544=IFCINDEXEDPOLYGONALFACE((256,255,183));
#8545=IFCINDEXEDPOLYGONALFACE((244,326,260));
#8546=IFCINDEXEDPOLYGONALFACE((183,259,273));
#8547=IFCINDEXEDPOLYGONALFACE((277,350,274));
#8548=IFCINDEXEDPOLYGONALFACE((280,258,257));
#8549=IFCINDEXEDPOLYGONALFACE((255,257,183));
#8550=IFCINDEXEDPOLYGONALFACE((253,181,258));
#8551=IFCINDEXEDPOLYGONALFACE((259,258,181));
#8552=IFCINDEXEDPOLYGONALFACE((319,259,181));
#8553=IFCINDEXEDPOLYGONALFACE((273,259,105));
#8554=IFCINDEXEDPOLYGONALFACE((256,328,255));
#8555=IFCINDEXEDPOLYGONALFACE((349,286,328));
#8556=IFCINDEXEDPOLYGONALFACE((278,184,231));
#8557=IFCINDEXEDPOLYGONALFACE((261,232,262));
#8558=IFCINDEXEDPOLYGONALFACE((263,262,232));
#8559=IFCINDEXEDPOLYGONALFACE((182,252,262));
#8560=IFCINDEXEDPOLYGONALFACE((264,263,95));
#8561=IFCINDEXEDPOLYGONALFACE((390,211,343));
#8562=IFCINDEXEDPOLYGONALFACE((95,266,264));
#8563=IFCINDEXEDPOLYGONALFACE((334,97,335));
#8564=IFCINDEXEDPOLYGONALFACE((266,336,337));
#8565=IFCINDEXEDPOLYGONALFACE((339,340,240));
#8566=IFCINDEXEDPOLYGONALFACE((95,235,267));
#8567=IFCINDEXEDPOLYGONALFACE((200,345,336));
#8568=IFCINDEXEDPOLYGONALFACE((291,267,235));
#8569=IFCINDEXEDPOLYGONALFACE((266,268,200));
#8570=IFCINDEXEDPOLYGONALFACE((267,199,268));
#8571=IFCINDEXEDPOLYGONALFACE((269,288,96));
#8572=IFCINDEXEDPOLYGONALFACE((288,268,199));
#8573=IFCINDEXEDPOLYGONALFACE((271,270,346));
#8574=IFCINDEXEDPOLYGONALFACE((330,102,329));
#8575=IFCINDEXEDPOLYGONALFACE((345,334,335));
#8576=IFCINDEXEDPOLYGONALFACE((272,271,96));
#8577=IFCINDEXEDPOLYGONALFACE((391,270,271));
#8578=IFCINDEXEDPOLYGONALFACE((304,306,96));
#8579=IFCINDEXEDPOLYGONALFACE((272,113,301));
#8580=IFCINDEXEDPOLYGONALFACE((274,275,120));
#8581=IFCINDEXEDPOLYGONALFACE((183,273,256));
#8582=IFCINDEXEDPOLYGONALFACE((275,273,105));
#8583=IFCINDEXEDPOLYGONALFACE((274,120,277));
#8584=IFCINDEXEDPOLYGONALFACE((273,275,274));
#8585=IFCINDEXEDPOLYGONALFACE((275,105,276));
#8586=IFCINDEXEDPOLYGONALFACE((105,319,361));
#8587=IFCINDEXEDPOLYGONALFACE((276,122,324));
#8588=IFCINDEXEDPOLYGONALFACE((155,277,120));
#8589=IFCINDEXEDPOLYGONALFACE((131,373,350));
#8590=IFCINDEXEDPOLYGONALFACE((184,278,261));
#8591=IFCINDEXEDPOLYGONALFACE((279,231,235));
#8592=IFCINDEXEDPOLYGONALFACE((231,279,278));
#8593=IFCINDEXEDPOLYGONALFACE((95,279,235));
#8594=IFCINDEXEDPOLYGONALFACE((234,252,280));
#8595=IFCINDEXEDPOLYGONALFACE((253,280,252));
#8596=IFCINDEXEDPOLYGONALFACE((178,281,46));
#8597=IFCINDEXEDPOLYGONALFACE((173,281,150));
#8598=IFCINDEXEDPOLYGONALFACE((352,282,133));
#8599=IFCINDEXEDPOLYGONALFACE((393,282,109));
#8600=IFCINDEXEDPOLYGONALFACE((323,283,127));
#8601=IFCINDEXEDPOLYGONALFACE((154,208,283));
#8602=IFCINDEXEDPOLYGONALFACE((284,318,317));
#8603=IFCINDEXEDPOLYGONALFACE((314,317,98));
#8604=IFCINDEXEDPOLYGONALFACE((316,296,315));
#8605=IFCINDEXEDPOLYGONALFACE((98,320,321));
#8606=IFCINDEXEDPOLYGONALFACE((328,286,260));
#8607=IFCINDEXEDPOLYGONALFACE((373,287,106));
#8608=IFCINDEXEDPOLYGONALFACE((377,287,124));
#8609=IFCINDEXEDPOLYGONALFACE((110,397,370));
#8610=IFCINDEXEDPOLYGONALFACE((268,288,269));
#8611=IFCINDEXEDPOLYGONALFACE((288,199,289));
#8612=IFCINDEXEDPOLYGONALFACE((290,289,199));
#8613=IFCINDEXEDPOLYGONALFACE((333,363,217));
#8614=IFCINDEXEDPOLYGONALFACE((291,290,199));
#8615=IFCINDEXEDPOLYGONALFACE((217,290,198));
#8616=IFCINDEXEDPOLYGONALFACE((267,291,199));
#8617=IFCINDEXEDPOLYGONALFACE((394,291,235));
#8618=IFCINDEXEDPOLYGONALFACE((293,153,118));
#8619=IFCINDEXEDPOLYGONALFACE((166,292,127));
#8620=IFCINDEXEDPOLYGONALFACE((332,293,118));
#8621=IFCINDEXEDPOLYGONALFACE((293,372,347));
#8622=IFCINDEXEDPOLYGONALFACE((148,395,117));
#8623=IFCINDEXEDPOLYGONALFACE((294,136,393));
#8624=IFCINDEXEDPOLYGONALFACE((365,295,109));
#8625=IFCINDEXEDPOLYGONALFACE((205,379,381));
#8626=IFCINDEXEDPOLYGONALFACE((376,401,218));
#8627=IFCINDEXEDPOLYGONALFACE((239,344,316));
#8628=IFCINDEXEDPOLYGONALFACE((370,297,244));
#8629=IFCINDEXEDPOLYGONALFACE((129,307,397));
#8630=IFCINDEXEDPOLYGONALFACE((374,298,139));
#8631=IFCINDEXEDPOLYGONALFACE((299,298,104));
#8632=IFCINDEXEDPOLYGONALFACE((388,299,104));
#8633=IFCINDEXEDPOLYGONALFACE((97,341,340));
#8634=IFCINDEXEDPOLYGONALFACE((340,341,240));
#8635=IFCINDEXEDPOLYGONALFACE((400,97,331));
#8636=IFCINDEXEDPOLYGONALFACE((147,301,113));
#8637=IFCINDEXEDPOLYGONALFACE((102,301,125));
#8638=IFCINDEXEDPOLYGONALFACE((65,302,64));
#8639=IFCINDEXEDPOLYGONALFACE((143,124,302));
#8640=IFCINDEXEDPOLYGONALFACE((161,179,303));
#8641=IFCINDEXEDPOLYGONALFACE((141,303,179));
#8642=IFCINDEXEDPOLYGONALFACE((289,304,288));
#8643=IFCINDEXEDPOLYGONALFACE((305,304,197));
#8644=IFCINDEXEDPOLYGONALFACE((305,197,332));
#8645=IFCINDEXEDPOLYGONALFACE((305,196,306));
#8646=IFCINDEXEDPOLYGONALFACE((113,306,196));
#8647=IFCINDEXEDPOLYGONALFACE((96,306,272));
#8648=IFCINDEXEDPOLYGONALFACE((397,307,297));
#8649=IFCINDEXEDPOLYGONALFACE((398,307,116));
#8650=IFCINDEXEDPOLYGONALFACE((176,308,3));
#8651=IFCINDEXEDPOLYGONALFACE((212,308,156));
#8652=IFCINDEXEDPOLYGONALFACE((310,309,138));
#8653=IFCINDEXEDPOLYGONALFACE((145,309,114));
#8654=IFCINDEXEDPOLYGONALFACE((311,310,138));
#8655=IFCINDEXEDPOLYGONALFACE((310,237,312));
#8656=IFCINDEXEDPOLYGONALFACE((311,138,173));
#8657=IFCINDEXEDPOLYGONALFACE((311,115,356));
#8658=IFCINDEXEDPOLYGONALFACE((237,314,312));
#8659=IFCINDEXEDPOLYGONALFACE((315,313,314));
#8660=IFCINDEXEDPOLYGONALFACE((313,312,314));
#8661=IFCINDEXEDPOLYGONALFACE((313,296,387));
#8662=IFCINDEXEDPOLYGONALFACE((317,355,284));
#8663=IFCINDEXEDPOLYGONALFACE((314,98,315));
#8664=IFCINDEXEDPOLYGONALFACE((98,321,316));
#8665=IFCINDEXEDPOLYGONALFACE((313,315,296));
#8666=IFCINDEXEDPOLYGONALFACE((98,316,315));
#8667=IFCINDEXEDPOLYGONALFACE((285,239,316));
#8668=IFCINDEXEDPOLYGONALFACE((355,314,237));
#8669=IFCINDEXEDPOLYGONALFACE((358,318,284));
#8670=IFCINDEXEDPOLYGONALFACE((319,318,180));
#8671=IFCINDEXEDPOLYGONALFACE((317,320,98));
#8672=IFCINDEXEDPOLYGONALFACE((361,319,180));
#8673=IFCINDEXEDPOLYGONALFACE((259,319,105));
#8674=IFCINDEXEDPOLYGONALFACE((318,181,320));
#8675=IFCINDEXEDPOLYGONALFACE((181,253,321));
#8676=IFCINDEXEDPOLYGONALFACE((181,321,320));
#8677=IFCINDEXEDPOLYGONALFACE((253,285,321));
#8678=IFCINDEXEDPOLYGONALFACE((322,140,25));
#8679=IFCINDEXEDPOLYGONALFACE((399,322,132));
#8680=IFCINDEXEDPOLYGONALFACE((347,127,293));
#8681=IFCINDEXEDPOLYGONALFACE((368,323,207));
#8682=IFCINDEXEDPOLYGONALFACE((276,324,142));
#8683=IFCINDEXEDPOLYGONALFACE((209,324,122));
#8684=IFCINDEXEDPOLYGONALFACE((325,190,144));
#8685=IFCINDEXEDPOLYGONALFACE((220,219,325));
#8686=IFCINDEXEDPOLYGONALFACE((245,326,244));
#8687=IFCINDEXEDPOLYGONALFACE((99,326,243));
#8688=IFCINDEXEDPOLYGONALFACE((95,263,327));
#8689=IFCINDEXEDPOLYGONALFACE((263,232,327));
#8690=IFCINDEXEDPOLYGONALFACE((255,328,260));
#8691=IFCINDEXEDPOLYGONALFACE((349,328,256));
#8692=IFCINDEXEDPOLYGONALFACE((330,329,112));
#8693=IFCINDEXEDPOLYGONALFACE((102,126,329));
#8694=IFCINDEXEDPOLYGONALFACE((330,112,331));
#8695=IFCINDEXEDPOLYGONALFACE((391,330,270));
#8696=IFCINDEXEDPOLYGONALFACE((399,331,112));
#8697=IFCINDEXEDPOLYGONALFACE((400,108,396));
#8698=IFCINDEXEDPOLYGONALFACE((305,332,118));
#8699=IFCINDEXEDPOLYGONALFACE((363,197,289));
#8700=IFCINDEXEDPOLYGONALFACE((217,103,333));
#8701=IFCINDEXEDPOLYGONALFACE((372,103,347));
#8702=IFCINDEXEDPOLYGONALFACE((340,335,97));
#8703=IFCINDEXEDPOLYGONALFACE((330,334,270));
#8704=IFCINDEXEDPOLYGONALFACE((336,335,265));
#8705=IFCINDEXEDPOLYGONALFACE((335,336,345));
#8706=IFCINDEXEDPOLYGONALFACE((337,336,265));
#8707=IFCINDEXEDPOLYGONALFACE((266,200,336));
#8708=IFCINDEXEDPOLYGONALFACE((338,337,265));
#8709=IFCINDEXEDPOLYGONALFACE((266,337,264));
#8710=IFCINDEXEDPOLYGONALFACE((339,338,265));
#8711=IFCINDEXEDPOLYGONALFACE((264,338,211));
#8712=IFCINDEXEDPOLYGONALFACE((265,335,340));
#8713=IFCINDEXEDPOLYGONALFACE((339,240,342));
#8714=IFCINDEXEDPOLYGONALFACE((265,340,339));
#8715=IFCINDEXEDPOLYGONALFACE((341,97,300));
#8716=IFCINDEXEDPOLYGONALFACE((300,299,341));
#8717=IFCINDEXEDPOLYGONALFACE((299,240,341));
#8718=IFCINDEXEDPOLYGONALFACE((388,342,240));
#8719=IFCINDEXEDPOLYGONALFACE((343,342,238));
#8720=IFCINDEXEDPOLYGONALFACE((238,387,344));
#8721=IFCINDEXEDPOLYGONALFACE((390,343,239));
#8722=IFCINDEXEDPOLYGONALFACE((316,344,296));
#8723=IFCINDEXEDPOLYGONALFACE((239,343,344));
#8724=IFCINDEXEDPOLYGONALFACE((346,345,200));
#8725=IFCINDEXEDPOLYGONALFACE((270,334,345));
#8726=IFCINDEXEDPOLYGONALFACE((200,269,346));
#8727=IFCINDEXEDPOLYGONALFACE((271,346,269));
#8728=IFCINDEXEDPOLYGONALFACE((348,347,103));
#8729=IFCINDEXEDPOLYGONALFACE((323,127,347));
#8730=IFCINDEXEDPOLYGONALFACE((103,207,348));
#8731=IFCINDEXEDPOLYGONALFACE((323,348,207));
#8732=IFCINDEXEDPOLYGONALFACE((350,256,274));
#8733=IFCINDEXEDPOLYGONALFACE((286,349,106));
#8734=IFCINDEXEDPOLYGONALFACE((350,349,256));
#8735=IFCINDEXEDPOLYGONALFACE((131,350,277));
#8736=IFCINDEXEDPOLYGONALFACE((248,351,186));
#8737=IFCINDEXEDPOLYGONALFACE((185,107,351));
#8738=IFCINDEXEDPOLYGONALFACE((203,352,133));
#8739=IFCINDEXEDPOLYGONALFACE((364,352,204));
#8740=IFCINDEXEDPOLYGONALFACE((220,221,353));
#8741=IFCINDEXEDPOLYGONALFACE((223,354,100));
#8742=IFCINDEXEDPOLYGONALFACE((353,221,354));
#8743=IFCINDEXEDPOLYGONALFACE((381,354,221));
#8744=IFCINDEXEDPOLYGONALFACE((314,355,317));
#8745=IFCINDEXEDPOLYGONALFACE((356,355,237));
#8746=IFCINDEXEDPOLYGONALFACE((311,356,237));
#8747=IFCINDEXEDPOLYGONALFACE((356,115,357));
#8748=IFCINDEXEDPOLYGONALFACE((115,359,357));
#8749=IFCINDEXEDPOLYGONALFACE((358,180,318));
#8750=IFCINDEXEDPOLYGONALFACE((359,358,357));
#8751=IFCINDEXEDPOLYGONALFACE((360,358,179));
#8752=IFCINDEXEDPOLYGONALFACE((359,115,362));
#8753=IFCINDEXEDPOLYGONALFACE((358,359,179));
#8754=IFCINDEXEDPOLYGONALFACE((179,122,360));
#8755=IFCINDEXEDPOLYGONALFACE((361,122,276));
#8756=IFCINDEXEDPOLYGONALFACE((122,361,360));
#8757=IFCINDEXEDPOLYGONALFACE((105,361,276));
#8758=IFCINDEXEDPOLYGONALFACE((115,193,362));
#8759=IFCINDEXEDPOLYGONALFACE((141,362,193));
#8760=IFCINDEXEDPOLYGONALFACE((197,363,333));
#8761=IFCINDEXEDPOLYGONALFACE((290,363,289));
#8762=IFCINDEXEDPOLYGONALFACE((365,364,204));
#8763=IFCINDEXEDPOLYGONALFACE((282,364,109));
#8764=IFCINDEXEDPOLYGONALFACE((366,367,207));
#8765=IFCINDEXEDPOLYGONALFACE((365,205,295));
#8766=IFCINDEXEDPOLYGONALFACE((207,215,366));
#8767=IFCINDEXEDPOLYGONALFACE((378,366,215));
#8768=IFCINDEXEDPOLYGONALFACE((365,367,366));
#8769=IFCINDEXEDPOLYGONALFACE((368,204,119));
#8770=IFCINDEXEDPOLYGONALFACE((204,368,367));
#8771=IFCINDEXEDPOLYGONALFACE((323,368,119));
#8772=IFCINDEXEDPOLYGONALFACE((276,369,275));
#8773=IFCINDEXEDPOLYGONALFACE((168,369,142));
#8774=IFCINDEXEDPOLYGONALFACE((286,370,244));
#8775=IFCINDEXEDPOLYGONALFACE((287,110,370));
#8776=IFCINDEXEDPOLYGONALFACE((32,371,135));
#8777=IFCINDEXEDPOLYGONALFACE((34,371,33));
#8778=IFCINDEXEDPOLYGONALFACE((332,372,293));
#8779=IFCINDEXEDPOLYGONALFACE((333,103,372));
#8780=IFCINDEXEDPOLYGONALFACE((162,373,131));
#8781=IFCINDEXEDPOLYGONALFACE((287,373,124));
#8782=IFCINDEXEDPOLYGONALFACE((375,374,128));
#8783=IFCINDEXEDPOLYGONALFACE((298,374,104));
#8784=IFCINDEXEDPOLYGONALFACE((376,128,145));
#8785=IFCINDEXEDPOLYGONALFACE((375,218,386));
#8786=IFCINDEXEDPOLYGONALFACE((145,114,376));
#8787=IFCINDEXEDPOLYGONALFACE((313,401,114));
#8788=IFCINDEXEDPOLYGONALFACE((143,110,377));
#8789=IFCINDEXEDPOLYGONALFACE((287,377,110));
#8790=IFCINDEXEDPOLYGONALFACE((382,378,215));
#8791=IFCINDEXEDPOLYGONALFACE((379,378,216));
#8792=IFCINDEXEDPOLYGONALFACE((380,379,216));
#8793=IFCINDEXEDPOLYGONALFACE((381,379,100));
#8794=IFCINDEXEDPOLYGONALFACE((216,227,380));
#8795=IFCINDEXEDPOLYGONALFACE((226,380,227));
#8796=IFCINDEXEDPOLYGONALFACE((381,100,354));
#8797=IFCINDEXEDPOLYGONALFACE((205,381,295));
#8798=IFCINDEXEDPOLYGONALFACE((384,382,198));
#8799=IFCINDEXEDPOLYGONALFACE((382,216,378));
#8800=IFCINDEXEDPOLYGONALFACE((229,383,226));
#8801=IFCINDEXEDPOLYGONALFACE((187,223,383));
#8802=IFCINDEXEDPOLYGONALFACE((382,384,216));
#8803=IFCINDEXEDPOLYGONALFACE((228,384,198));
#8804=IFCINDEXEDPOLYGONALFACE((229,230,385));
#8805=IFCINDEXEDPOLYGONALFACE((233,385,230));
#8806=IFCINDEXEDPOLYGONALFACE((388,386,238));
#8807=IFCINDEXEDPOLYGONALFACE((375,386,104));
#8808=IFCINDEXEDPOLYGONALFACE((313,387,218));
#8809=IFCINDEXEDPOLYGONALFACE((387,296,344));
#8810=IFCINDEXEDPOLYGONALFACE((342,388,238));
#8811=IFCINDEXEDPOLYGONALFACE((299,388,240));
#8812=IFCINDEXEDPOLYGONALFACE((111,185,389));
#8813=IFCINDEXEDPOLYGONALFACE((351,389,185));
#8814=IFCINDEXEDPOLYGONALFACE((402,390,239));
#8815=IFCINDEXEDPOLYGONALFACE((264,390,263));
#8816=IFCINDEXEDPOLYGONALFACE((271,272,392));
#8817=IFCINDEXEDPOLYGONALFACE((330,391,102));
#8818=IFCINDEXEDPOLYGONALFACE((272,301,392));
#8819=IFCINDEXEDPOLYGONALFACE((102,392,301));
#8820=IFCINDEXEDPOLYGONALFACE((294,393,109));
#8821=IFCINDEXEDPOLYGONALFACE((188,393,136));
#8822=IFCINDEXEDPOLYGONALFACE((231,394,235));
#8823=IFCINDEXEDPOLYGONALFACE((198,394,228));
#8824=IFCINDEXEDPOLYGONALFACE((136,395,148));
#8825=IFCINDEXEDPOLYGONALFACE((294,117,395));
#8826=IFCINDEXEDPOLYGONALFACE((121,396,135));
#8827=IFCINDEXEDPOLYGONALFACE((400,396,300));
#8828=IFCINDEXEDPOLYGONALFACE((370,397,297));
#8829=IFCINDEXEDPOLYGONALFACE((129,397,110));
#8830=IFCINDEXEDPOLYGONALFACE((130,398,116));
#8831=IFCINDEXEDPOLYGONALFACE((101,398,249));
#8832=IFCINDEXEDPOLYGONALFACE((322,399,112));
#8833=IFCINDEXEDPOLYGONALFACE((108,399,132));
#8834=IFCINDEXEDPOLYGONALFACE((97,400,300));
#8835=IFCINDEXEDPOLYGONALFACE((399,400,331));
#8836=IFCINDEXEDPOLYGONALFACE((218,401,313));
#8837=IFCINDEXEDPOLYGONALFACE((376,114,401));
#8838=IFCINDEXEDPOLYGONALFACE((285,402,239));
#8839=IFCINDEXEDPOLYGONALFACE((263,402,182));
#8840=IFCINDEXEDPOLYGONALFACE((465,429,679));
#8841=IFCINDEXEDPOLYGONALFACE((51,589,481));
#8842=IFCINDEXEDPOLYGONALFACE((443,65,64));
#8843=IFCINDEXEDPOLYGONALFACE((445,504,503));
#8844=IFCINDEXEDPOLYGONALFACE((425,452,456));
#8845=IFCINDEXEDPOLYGONALFACE((679,62,465));
#8846=IFCINDEXEDPOLYGONALFACE((461,477,503));
#8847=IFCINDEXEDPOLYGONALFACE((60,447,465));
#8848=IFCINDEXEDPOLYGONALFACE((68,440,69));
#8849=IFCINDEXEDPOLYGONALFACE((44,469,499));
#8850=IFCINDEXEDPOLYGONALFACE((74,448,434));
#8851=IFCINDEXEDPOLYGONALFACE((67,457,68));
#8852=IFCINDEXEDPOLYGONALFACE((579,700,699));
#8853=IFCINDEXEDPOLYGONALFACE((679,429,443));
#8854=IFCINDEXEDPOLYGONALFACE((682,447,436));
#8855=IFCINDEXEDPOLYGONALFACE((67,66,457));
#8856=IFCINDEXEDPOLYGONALFACE((637,448,420));
#8857=IFCINDEXEDPOLYGONALFACE((440,68,457));
#8858=IFCINDEXEDPOLYGONALFACE((59,447,60));
#8859=IFCINDEXEDPOLYGONALFACE((619,545,618));
#8860=IFCINDEXEDPOLYGONALFACE((52,514,53));
#8861=IFCINDEXEDPOLYGONALFACE((420,448,630));
#8862=IFCINDEXEDPOLYGONALFACE((416,708,707));
#8863=IFCINDEXEDPOLYGONALFACE((53,514,472));
#8864=IFCINDEXEDPOLYGONALFACE((696,412,694));
#8865=IFCINDEXEDPOLYGONALFACE((414,657,658));
#8866=IFCINDEXEDPOLYGONALFACE((419,556,557));
#8867=IFCINDEXEDPOLYGONALFACE((52,51,481));
#8868=IFCINDEXEDPOLYGONALFACE((476,463,428));
#8869=IFCINDEXEDPOLYGONALFACE((51,50,589));
#8870=IFCINDEXEDPOLYGONALFACE((455,473,81));
#8871=IFCINDEXEDPOLYGONALFACE((416,440,457));
#8872=IFCINDEXEDPOLYGONALFACE((704,429,608));
#8873=IFCINDEXEDPOLYGONALFACE((453,56,55));
#8874=IFCINDEXEDPOLYGONALFACE((608,429,607));
#8875=IFCINDEXEDPOLYGONALFACE((466,16,15));
#8876=IFCINDEXEDPOLYGONALFACE((511,512,660));
#8877=IFCINDEXEDPOLYGONALFACE((436,475,453));
#8878=IFCINDEXEDPOLYGONALFACE((431,527,493));
#8879=IFCINDEXEDPOLYGONALFACE((54,53,472));
#8880=IFCINDEXEDPOLYGONALFACE((58,475,59));
#8881=IFCINDEXEDPOLYGONALFACE((1,520,2));
#8882=IFCINDEXEDPOLYGONALFACE((417,603,602));
#8883=IFCINDEXEDPOLYGONALFACE((618,422,617));
#8884=IFCINDEXEDPOLYGONALFACE((433,434,410));
#8885=IFCINDEXEDPOLYGONALFACE((440,630,69));
#8886=IFCINDEXEDPOLYGONALFACE((9,482,10));
#8887=IFCINDEXEDPOLYGONALFACE((447,59,475));
#8888=IFCINDEXEDPOLYGONALFACE((71,70,630));
#8889=IFCINDEXEDPOLYGONALFACE((72,71,448));
#8890=IFCINDEXEDPOLYGONALFACE((679,64,63));
#8891=IFCINDEXEDPOLYGONALFACE((445,477,473));
#8892=IFCINDEXEDPOLYGONALFACE((72,448,73));
#8893=IFCINDEXEDPOLYGONALFACE((506,690,525));
#8894=IFCINDEXEDPOLYGONALFACE((434,76,75));
#8895=IFCINDEXEDPOLYGONALFACE((433,79,468));
#8896=IFCINDEXEDPOLYGONALFACE((43,42,517));
#8897=IFCINDEXEDPOLYGONALFACE((497,617,453));
#8898=IFCINDEXEDPOLYGONALFACE((434,468,76));
#8899=IFCINDEXEDPOLYGONALFACE((78,77,468));
#8900=IFCINDEXEDPOLYGONALFACE((496,485,6));
#8901=IFCINDEXEDPOLYGONALFACE((27,437,28));
#8902=IFCINDEXEDPOLYGONALFACE((79,78,468));
#8903=IFCINDEXEDPOLYGONALFACE((29,28,437));
#8904=IFCINDEXEDPOLYGONALFACE((79,433,455));
#8905=IFCINDEXEDPOLYGONALFACE((574,575,576));
#8906=IFCINDEXEDPOLYGONALFACE((82,473,83));
#8907=IFCINDEXEDPOLYGONALFACE((83,473,84));
#8908=IFCINDEXEDPOLYGONALFACE((454,438,20));
#8909=IFCINDEXEDPOLYGONALFACE((20,19,454));
#8910=IFCINDEXEDPOLYGONALFACE((84,477,85));
#8911=IFCINDEXEDPOLYGONALFACE((84,473,477));
#8912=IFCINDEXEDPOLYGONALFACE((680,640,641));
#8913=IFCINDEXEDPOLYGONALFACE((578,653,654));
#8914=IFCINDEXEDPOLYGONALFACE((86,85,477));
#8915=IFCINDEXEDPOLYGONALFACE((73,448,74));
#8916=IFCINDEXEDPOLYGONALFACE((461,87,86));
#8917=IFCINDEXEDPOLYGONALFACE((89,88,474));
#8918=IFCINDEXEDPOLYGONALFACE((650,651,519));
#8919=IFCINDEXEDPOLYGONALFACE((475,58,57));
#8920=IFCINDEXEDPOLYGONALFACE((484,510,511));
#8921=IFCINDEXEDPOLYGONALFACE((90,462,91));
#8922=IFCINDEXEDPOLYGONALFACE((563,407,562));
#8923=IFCINDEXEDPOLYGONALFACE((625,626,628));
#8924=IFCINDEXEDPOLYGONALFACE((509,484,92));
#8925=IFCINDEXEDPOLYGONALFACE((450,480,476));
#8926=IFCINDEXEDPOLYGONALFACE((2,478,3));
#8927=IFCINDEXEDPOLYGONALFACE((528,415,527));
#8928=IFCINDEXEDPOLYGONALFACE((520,1,94));
#8929=IFCINDEXEDPOLYGONALFACE((540,569,586));
#8930=IFCINDEXEDPOLYGONALFACE((46,479,47));
#8931=IFCINDEXEDPOLYGONALFACE((501,423,458));
#8932=IFCINDEXEDPOLYGONALFACE((479,46,518));
#8933=IFCINDEXEDPOLYGONALFACE((615,437,424));
#8934=IFCINDEXEDPOLYGONALFACE((517,42,480));
#8935=IFCINDEXEDPOLYGONALFACE((683,436,684));
#8936=IFCINDEXEDPOLYGONALFACE((475,56,453));
#8937=IFCINDEXEDPOLYGONALFACE((469,44,43));
#8938=IFCINDEXEDPOLYGONALFACE((460,27,26));
#8939=IFCINDEXEDPOLYGONALFACE((41,476,480));
#8940=IFCINDEXEDPOLYGONALFACE((476,40,39));
#8941=IFCINDEXEDPOLYGONALFACE((500,474,88));
#8942=IFCINDEXEDPOLYGONALFACE((637,434,448));
#8943=IFCINDEXEDPOLYGONALFACE((476,38,463));
#8944=IFCINDEXEDPOLYGONALFACE((35,439,483));
#8945=IFCINDEXEDPOLYGONALFACE((473,421,445));
#8946=IFCINDEXEDPOLYGONALFACE((700,410,699));
#8947=IFCINDEXEDPOLYGONALFACE((37,483,463));
#8948=IFCINDEXEDPOLYGONALFACE((74,434,75));
#8949=IFCINDEXEDPOLYGONALFACE((40,476,41));
#8950=IFCINDEXEDPOLYGONALFACE((631,655,656));
#8951=IFCINDEXEDPOLYGONALFACE((35,34,470));
#8952=IFCINDEXEDPOLYGONALFACE((33,32,610));
#8953=IFCINDEXEDPOLYGONALFACE((414,595,594));
#8954=IFCINDEXEDPOLYGONALFACE((493,419,442));
#8955=IFCINDEXEDPOLYGONALFACE((610,31,451));
#8956=IFCINDEXEDPOLYGONALFACE((31,30,451));
#8957=IFCINDEXEDPOLYGONALFACE((611,449,499));
#8958=IFCINDEXEDPOLYGONALFACE((488,666,668));
#8959=IFCINDEXEDPOLYGONALFACE((666,592,665));
#8960=IFCINDEXEDPOLYGONALFACE((467,13,12));
#8961=IFCINDEXEDPOLYGONALFACE((610,432,470));
#8962=IFCINDEXEDPOLYGONALFACE((624,629,593));
#8963=IFCINDEXEDPOLYGONALFACE((465,62,61));
#8964=IFCINDEXEDPOLYGONALFACE((552,568,594));
#8965=IFCINDEXEDPOLYGONALFACE((460,26,25));
#8966=IFCINDEXEDPOLYGONALFACE((460,25,24,459));
#8967=IFCINDEXEDPOLYGONALFACE((590,701,496));
#8968=IFCINDEXEDPOLYGONALFACE((590,660,672));
#8969=IFCINDEXEDPOLYGONALFACE((463,38,37));
#8970=IFCINDEXEDPOLYGONALFACE((29,437,451));
#8971=IFCINDEXEDPOLYGONALFACE((606,607,429));
#8972=IFCINDEXEDPOLYGONALFACE((470,34,33));
#8973=IFCINDEXEDPOLYGONALFACE((658,681,414));
#8974=IFCINDEXEDPOLYGONALFACE((24,23,459));
#8975=IFCINDEXEDPOLYGONALFACE((494,555,556));
#8976=IFCINDEXEDPOLYGONALFACE((8,485,456));
#8977=IFCINDEXEDPOLYGONALFACE((470,33,610));
#8978=IFCINDEXEDPOLYGONALFACE((555,494,550));
#8979=IFCINDEXEDPOLYGONALFACE((452,10,482));
#8980=IFCINDEXEDPOLYGONALFACE((498,527,431));
#8981=IFCINDEXEDPOLYGONALFACE((69,630,70));
#8982=IFCINDEXEDPOLYGONALFACE((556,697,659));
#8983=IFCINDEXEDPOLYGONALFACE((471,496,5));
#8984=IFCINDEXEDPOLYGONALFACE((454,17,442));
#8985=IFCINDEXEDPOLYGONALFACE((520,464,478));
#8986=IFCINDEXEDPOLYGONALFACE((484,464,616));
#8987=IFCINDEXEDPOLYGONALFACE((557,706,438));
#8988=IFCINDEXEDPOLYGONALFACE((415,530,532));
#8989=IFCINDEXEDPOLYGONALFACE((502,471,4));
#8990=IFCINDEXEDPOLYGONALFACE((89,516,90));
#8991=IFCINDEXEDPOLYGONALFACE((3,502,4));
#8992=IFCINDEXEDPOLYGONALFACE((639,642,638));
#8993=IFCINDEXEDPOLYGONALFACE((4,471,5));
#8994=IFCINDEXEDPOLYGONALFACE((457,65,443));
#8995=IFCINDEXEDPOLYGONALFACE((673,417,672));
#8996=IFCINDEXEDPOLYGONALFACE((93,616,94));
#8997=IFCINDEXEDPOLYGONALFACE((594,595,678));
#8998=IFCINDEXEDPOLYGONALFACE((18,17,454));
#8999=IFCINDEXEDPOLYGONALFACE((418,451,437));
#9000=IFCINDEXEDPOLYGONALFACE((605,615,409));
#9001=IFCINDEXEDPOLYGONALFACE((438,22,21));
#9002=IFCINDEXEDPOLYGONALFACE((460,459,424));
#9003=IFCINDEXEDPOLYGONALFACE((426,503,504));
#9004=IFCINDEXEDPOLYGONALFACE((661,662,531));
#9005=IFCINDEXEDPOLYGONALFACE((16,442,17));
#9006=IFCINDEXEDPOLYGONALFACE((456,9,8));
#9007=IFCINDEXEDPOLYGONALFACE((466,13,467));
#9008=IFCINDEXEDPOLYGONALFACE((467,11,452));
#9009=IFCINDEXEDPOLYGONALFACE((426,504,613));
#9010=IFCINDEXEDPOLYGONALFACE((81,80,455));
#9011=IFCINDEXEDPOLYGONALFACE((454,19,18));
#9012=IFCINDEXEDPOLYGONALFACE((466,14,13));
#9013=IFCINDEXEDPOLYGONALFACE((521,479,486));
#9014=IFCINDEXEDPOLYGONALFACE((465,606,429));
#9015=IFCINDEXEDPOLYGONALFACE((14,466,15));
#9016=IFCINDEXEDPOLYGONALFACE((683,412,682));
#9017=IFCINDEXEDPOLYGONALFACE((518,45,499));
#9018=IFCINDEXEDPOLYGONALFACE((11,10,452));
#9019=IFCINDEXEDPOLYGONALFACE((438,459,22));
#9020=IFCINDEXEDPOLYGONALFACE((639,405,642));
#9021=IFCINDEXEDPOLYGONALFACE((435,600,601));
#9022=IFCINDEXEDPOLYGONALFACE((521,48,47));
#9023=IFCINDEXEDPOLYGONALFACE((20,438,21));
#9024=IFCINDEXEDPOLYGONALFACE((450,677,584));
#9025=IFCINDEXEDPOLYGONALFACE((677,428,583));
#9026=IFCINDEXEDPOLYGONALFACE((41,480,42));
#9027=IFCINDEXEDPOLYGONALFACE((451,30,29));
#9028=IFCINDEXEDPOLYGONALFACE((685,432,451));
#9029=IFCINDEXEDPOLYGONALFACE((431,467,498));
#9030=IFCINDEXEDPOLYGONALFACE((431,466,467));
#9031=IFCINDEXEDPOLYGONALFACE((497,54,472));
#9032=IFCINDEXEDPOLYGONALFACE((683,684,526));
#9033=IFCINDEXEDPOLYGONALFACE((442,419,454));
#9034=IFCINDEXEDPOLYGONALFACE((438,454,419));
#9035=IFCINDEXEDPOLYGONALFACE((79,455,80));
#9036=IFCINDEXEDPOLYGONALFACE((609,455,433));
#9037=IFCINDEXEDPOLYGONALFACE((485,8,7));
#9038=IFCINDEXEDPOLYGONALFACE((703,444,602));
#9039=IFCINDEXEDPOLYGONALFACE((65,457,66));
#9040=IFCINDEXEDPOLYGONALFACE((416,457,443));
#9041=IFCINDEXEDPOLYGONALFACE((50,49,486));
#9042=IFCINDEXEDPOLYGONALFACE((458,423,619));
#9043=IFCINDEXEDPOLYGONALFACE((22,459,23));
#9044=IFCINDEXEDPOLYGONALFACE((438,424,459));
#9045=IFCINDEXEDPOLYGONALFACE((424,437,460));
#9046=IFCINDEXEDPOLYGONALFACE((27,460,437));
#9047=IFCINDEXEDPOLYGONALFACE((461,601,600));
#9048=IFCINDEXEDPOLYGONALFACE((474,500,600));
#9049=IFCINDEXEDPOLYGONALFACE((516,89,474));
#9050=IFCINDEXEDPOLYGONALFACE((462,591,631));
#9051=IFCINDEXEDPOLYGONALFACE((483,37,36));
#9052=IFCINDEXEDPOLYGONALFACE((585,463,439));
#9053=IFCINDEXEDPOLYGONALFACE((484,93,92));
#9054=IFCINDEXEDPOLYGONALFACE((464,484,511));
#9055=IFCINDEXEDPOLYGONALFACE((60,465,61));
#9056=IFCINDEXEDPOLYGONALFACE((606,465,447));
#9057=IFCINDEXEDPOLYGONALFACE((493,466,431));
#9058=IFCINDEXEDPOLYGONALFACE((16,466,442));
#9059=IFCINDEXEDPOLYGONALFACE((11,467,12));
#9060=IFCINDEXEDPOLYGONALFACE((498,467,452));
#9061=IFCINDEXEDPOLYGONALFACE((76,468,77));
#9062=IFCINDEXEDPOLYGONALFACE((434,433,468));
#9063=IFCINDEXEDPOLYGONALFACE((487,469,430));
#9064=IFCINDEXEDPOLYGONALFACE((44,499,45));
#9065=IFCINDEXEDPOLYGONALFACE((681,470,432));
#9066=IFCINDEXEDPOLYGONALFACE((35,470,439));
#9067=IFCINDEXEDPOLYGONALFACE((590,471,441));
#9068=IFCINDEXEDPOLYGONALFACE((5,496,6));
#9069=IFCINDEXEDPOLYGONALFACE((617,472,446));
#9070=IFCINDEXEDPOLYGONALFACE((54,497,55));
#9071=IFCINDEXEDPOLYGONALFACE((81,473,82));
#9072=IFCINDEXEDPOLYGONALFACE((421,473,455));
#9073=IFCINDEXEDPOLYGONALFACE((88,87,500));
#9074=IFCINDEXEDPOLYGONALFACE((474,591,516));
#9075=IFCINDEXEDPOLYGONALFACE((475,57,56));
#9076=IFCINDEXEDPOLYGONALFACE((447,475,436));
#9077=IFCINDEXEDPOLYGONALFACE((476,39,38));
#9078=IFCINDEXEDPOLYGONALFACE((677,476,428));
#9079=IFCINDEXEDPOLYGONALFACE((503,477,445));
#9080=IFCINDEXEDPOLYGONALFACE((86,477,461));
#9081=IFCINDEXEDPOLYGONALFACE((464,441,478));
#9082=IFCINDEXEDPOLYGONALFACE((502,441,471));
#9083=IFCINDEXEDPOLYGONALFACE((458,486,501));
#9084=IFCINDEXEDPOLYGONALFACE((458,589,486));
#9085=IFCINDEXEDPOLYGONALFACE((450,632,480));
#9086=IFCINDEXEDPOLYGONALFACE((517,430,469));
#9087=IFCINDEXEDPOLYGONALFACE((619,481,458));
#9088=IFCINDEXEDPOLYGONALFACE((514,446,472));
#9089=IFCINDEXEDPOLYGONALFACE((9,456,482));
#9090=IFCINDEXEDPOLYGONALFACE((456,452,482));
#9091=IFCINDEXEDPOLYGONALFACE((35,483,36));
#9092=IFCINDEXEDPOLYGONALFACE((439,463,483));
#9093=IFCINDEXEDPOLYGONALFACE((509,92,91));
#9094=IFCINDEXEDPOLYGONALFACE((484,509,510));
#9095=IFCINDEXEDPOLYGONALFACE((6,485,7));
#9096=IFCINDEXEDPOLYGONALFACE((444,456,485));
#9097=IFCINDEXEDPOLYGONALFACE((521,49,48));
#9098=IFCINDEXEDPOLYGONALFACE((501,486,479));
#9099=IFCINDEXEDPOLYGONALFACE((669,488,668));
#9100=IFCINDEXEDPOLYGONALFACE((449,487,667));
#9101=IFCINDEXEDPOLYGONALFACE((626,627,489));
#9102=IFCINDEXEDPOLYGONALFACE((665,663,664));
#9103=IFCINDEXEDPOLYGONALFACE((491,566,567));
#9104=IFCINDEXEDPOLYGONALFACE((407,554,562));
#9105=IFCINDEXEDPOLYGONALFACE((566,588,561));
#9106=IFCINDEXEDPOLYGONALFACE((570,571,490));
#9107=IFCINDEXEDPOLYGONALFACE((582,564,581));
#9108=IFCINDEXEDPOLYGONALFACE((554,558,562));
#9109=IFCINDEXEDPOLYGONALFACE((549,494,532));
#9110=IFCINDEXEDPOLYGONALFACE((693,541,544));
#9111=IFCINDEXEDPOLYGONALFACE((493,442,466));
#9112=IFCINDEXEDPOLYGONALFACE((415,532,659));
#9113=IFCINDEXEDPOLYGONALFACE((528,530,415));
#9114=IFCINDEXEDPOLYGONALFACE((494,549,550));
#9115=IFCINDEXEDPOLYGONALFACE((531,534,691));
#9116=IFCINDEXEDPOLYGONALFACE((533,544,541));
#9117=IFCINDEXEDPOLYGONALFACE((590,496,471));
#9118=IFCINDEXEDPOLYGONALFACE((485,496,444));
#9119=IFCINDEXEDPOLYGONALFACE((617,497,472));
#9120=IFCINDEXEDPOLYGONALFACE((453,55,497));
#9121=IFCINDEXEDPOLYGONALFACE((425,633,452));
#9122=IFCINDEXEDPOLYGONALFACE((633,527,498));
#9123=IFCINDEXEDPOLYGONALFACE((611,499,469));
#9124=IFCINDEXEDPOLYGONALFACE((45,518,46));
#9125=IFCINDEXEDPOLYGONALFACE((87,461,500));
#9126=IFCINDEXEDPOLYGONALFACE((600,500,461));
#9127=IFCINDEXEDPOLYGONALFACE((479,449,501));
#9128=IFCINDEXEDPOLYGONALFACE((449,667,670));
#9129=IFCINDEXEDPOLYGONALFACE((3,478,502));
#9130=IFCINDEXEDPOLYGONALFACE((441,502,478));
#9131=IFCINDEXEDPOLYGONALFACE((504,445,421));
#9132=IFCINDEXEDPOLYGONALFACE((461,503,426));
#9133=IFCINDEXEDPOLYGONALFACE((614,421,580));
#9134=IFCINDEXEDPOLYGONALFACE((612,613,614));
#9135=IFCINDEXEDPOLYGONALFACE((525,671,598));
#9136=IFCINDEXEDPOLYGONALFACE((513,674,686));
#9137=IFCINDEXEDPOLYGONALFACE((612,404,596));
#9138=IFCINDEXEDPOLYGONALFACE((522,539,538));
#9139=IFCINDEXEDPOLYGONALFACE((576,577,508));
#9140=IFCINDEXEDPOLYGONALFACE((587,403,635));
#9141=IFCINDEXEDPOLYGONALFACE((579,577,404));
#9142=IFCINDEXEDPOLYGONALFACE((572,645,646));
#9143=IFCINDEXEDPOLYGONALFACE((91,462,509));
#9144=IFCINDEXEDPOLYGONALFACE((510,462,427));
#9145=IFCINDEXEDPOLYGONALFACE((462,510,509));
#9146=IFCINDEXEDPOLYGONALFACE((510,427,511));
#9147=IFCINDEXEDPOLYGONALFACE((511,427,512));
#9148=IFCINDEXEDPOLYGONALFACE((441,464,511));
#9149=IFCINDEXEDPOLYGONALFACE((515,675,676));
#9150=IFCINDEXEDPOLYGONALFACE((529,603,689));
#9151=IFCINDEXEDPOLYGONALFACE((675,673,512));
#9152=IFCINDEXEDPOLYGONALFACE((673,674,513));
#9153=IFCINDEXEDPOLYGONALFACE((52,481,514));
#9154=IFCINDEXEDPOLYGONALFACE((446,514,481));
#9155=IFCINDEXEDPOLYGONALFACE((631,427,462));
#9156=IFCINDEXEDPOLYGONALFACE((515,411,523));
#9157=IFCINDEXEDPOLYGONALFACE((591,474,435));
#9158=IFCINDEXEDPOLYGONALFACE((462,90,516));
#9159=IFCINDEXEDPOLYGONALFACE((517,480,632));
#9160=IFCINDEXEDPOLYGONALFACE((469,43,517));
#9161=IFCINDEXEDPOLYGONALFACE((499,449,518));
#9162=IFCINDEXEDPOLYGONALFACE((479,518,449));
#9163=IFCINDEXEDPOLYGONALFACE((572,519,698));
#9164=IFCINDEXEDPOLYGONALFACE((694,526,695));
#9165=IFCINDEXEDPOLYGONALFACE((520,94,616));
#9166=IFCINDEXEDPOLYGONALFACE((478,2,520));
#9167=IFCINDEXEDPOLYGONALFACE((479,521,47));
#9168=IFCINDEXEDPOLYGONALFACE((486,49,521));
#9169=IFCINDEXEDPOLYGONALFACE((688,534,408));
#9170=IFCINDEXEDPOLYGONALFACE((522,535,536));
#9171=IFCINDEXEDPOLYGONALFACE((525,523,411));
#9172=IFCINDEXEDPOLYGONALFACE((525,690,523));
#9173=IFCINDEXEDPOLYGONALFACE((534,535,522));
#9174=IFCINDEXEDPOLYGONALFACE((513,686,687));
#9175=IFCINDEXEDPOLYGONALFACE((505,641,640));
#9176=IFCINDEXEDPOLYGONALFACE((505,612,597));
#9177=IFCINDEXEDPOLYGONALFACE((621,422,620));
#9178=IFCINDEXEDPOLYGONALFACE((710,571,698));
#9179=IFCINDEXEDPOLYGONALFACE((633,425,528));
#9180=IFCINDEXEDPOLYGONALFACE((493,527,415));
#9181=IFCINDEXEDPOLYGONALFACE((529,528,425));
#9182=IFCINDEXEDPOLYGONALFACE((530,531,495));
#9183=IFCINDEXEDPOLYGONALFACE((602,529,425));
#9184=IFCINDEXEDPOLYGONALFACE((529,602,603));
#9185=IFCINDEXEDPOLYGONALFACE((661,531,530));
#9186=IFCINDEXEDPOLYGONALFACE((532,530,495));
#9187=IFCINDEXEDPOLYGONALFACE((530,528,661));
#9188=IFCINDEXEDPOLYGONALFACE((534,531,408));
#9189=IFCINDEXEDPOLYGONALFACE((495,544,549));
#9190=IFCINDEXEDPOLYGONALFACE((532,494,659));
#9191=IFCINDEXEDPOLYGONALFACE((691,537,495));
#9192=IFCINDEXEDPOLYGONALFACE((551,550,533));
#9193=IFCINDEXEDPOLYGONALFACE((408,687,688));
#9194=IFCINDEXEDPOLYGONALFACE((534,522,537));
#9195=IFCINDEXEDPOLYGONALFACE((524,692,535));
#9196=IFCINDEXEDPOLYGONALFACE((535,692,536));
#9197=IFCINDEXEDPOLYGONALFACE((506,599,702));
#9198=IFCINDEXEDPOLYGONALFACE((538,539,492));
#9199=IFCINDEXEDPOLYGONALFACE((538,537,522));
#9200=IFCINDEXEDPOLYGONALFACE((544,495,537));
#9201=IFCINDEXEDPOLYGONALFACE((539,522,536));
#9202=IFCINDEXEDPOLYGONALFACE((538,492,541));
#9203=IFCINDEXEDPOLYGONALFACE((539,536,702));
#9204=IFCINDEXEDPOLYGONALFACE((587,540,586));
#9205=IFCINDEXEDPOLYGONALFACE((540,587,635));
#9206=IFCINDEXEDPOLYGONALFACE((559,560,542));
#9207=IFCINDEXEDPOLYGONALFACE((559,558,541));
#9208=IFCINDEXEDPOLYGONALFACE((551,554,407));
#9209=IFCINDEXEDPOLYGONALFACE((542,558,559));
#9210=IFCINDEXEDPOLYGONALFACE((542,588,565));
#9211=IFCINDEXEDPOLYGONALFACE((599,506,598));
#9212=IFCINDEXEDPOLYGONALFACE((403,575,574));
#9213=IFCINDEXEDPOLYGONALFACE((544,537,693));
#9214=IFCINDEXEDPOLYGONALFACE((549,544,533));
#9215=IFCINDEXEDPOLYGONALFACE((592,663,665));
#9216=IFCINDEXEDPOLYGONALFACE((422,618,620));
#9217=IFCINDEXEDPOLYGONALFACE((652,651,546));
#9218=IFCINDEXEDPOLYGONALFACE((650,519,647));
#9219=IFCINDEXEDPOLYGONALFACE((694,695,546));
#9220=IFCINDEXEDPOLYGONALFACE((490,593,561));
#9221=IFCINDEXEDPOLYGONALFACE((519,646,647));
#9222=IFCINDEXEDPOLYGONALFACE((443,704,416));
#9223=IFCINDEXEDPOLYGONALFACE((549,533,550));
#9224=IFCINDEXEDPOLYGONALFACE((495,549,532));
#9225=IFCINDEXEDPOLYGONALFACE((541,554,533));
#9226=IFCINDEXEDPOLYGONALFACE((550,553,555));
#9227=IFCINDEXEDPOLYGONALFACE((407,568,634));
#9228=IFCINDEXEDPOLYGONALFACE((550,551,553));
#9229=IFCINDEXEDPOLYGONALFACE((407,563,568));
#9230=IFCINDEXEDPOLYGONALFACE((553,605,409));
#9231=IFCINDEXEDPOLYGONALFACE((634,553,551));
#9232=IFCINDEXEDPOLYGONALFACE((605,553,552));
#9233=IFCINDEXEDPOLYGONALFACE((533,554,551));
#9234=IFCINDEXEDPOLYGONALFACE((558,554,541));
#9235=IFCINDEXEDPOLYGONALFACE((553,409,555));
#9236=IFCINDEXEDPOLYGONALFACE((438,419,557));
#9237=IFCINDEXEDPOLYGONALFACE((409,556,555));
#9238=IFCINDEXEDPOLYGONALFACE((697,556,419));
#9239=IFCINDEXEDPOLYGONALFACE((556,409,557));
#9240=IFCINDEXEDPOLYGONALFACE((409,615,706));
#9241=IFCINDEXEDPOLYGONALFACE((559,541,492));
#9242=IFCINDEXEDPOLYGONALFACE((558,542,562));
#9243=IFCINDEXEDPOLYGONALFACE((492,569,559));
#9244=IFCINDEXEDPOLYGONALFACE((569,570,560));
#9245=IFCINDEXEDPOLYGONALFACE((560,559,569));
#9246=IFCINDEXEDPOLYGONALFACE((561,560,490));
#9247=IFCINDEXEDPOLYGONALFACE((710,593,490));
#9248=IFCINDEXEDPOLYGONALFACE((565,566,491));
#9249=IFCINDEXEDPOLYGONALFACE((542,565,562));
#9250=IFCINDEXEDPOLYGONALFACE((562,565,563));
#9251=IFCINDEXEDPOLYGONALFACE((564,563,491));
#9252=IFCINDEXEDPOLYGONALFACE((552,634,568));
#9253=IFCINDEXEDPOLYGONALFACE((491,567,581));
#9254=IFCINDEXEDPOLYGONALFACE((585,658,582));
#9255=IFCINDEXEDPOLYGONALFACE((588,566,565));
#9256=IFCINDEXEDPOLYGONALFACE((563,565,491));
#9257=IFCINDEXEDPOLYGONALFACE((561,489,566));
#9258=IFCINDEXEDPOLYGONALFACE((567,566,489));
#9259=IFCINDEXEDPOLYGONALFACE((627,567,489));
#9260=IFCINDEXEDPOLYGONALFACE((581,567,413));
#9261=IFCINDEXEDPOLYGONALFACE((564,636,563));
#9262=IFCINDEXEDPOLYGONALFACE((657,594,636));
#9263=IFCINDEXEDPOLYGONALFACE((586,492,539));
#9264=IFCINDEXEDPOLYGONALFACE((569,540,570));
#9265=IFCINDEXEDPOLYGONALFACE((571,570,540));
#9266=IFCINDEXEDPOLYGONALFACE((490,560,570));
#9267=IFCINDEXEDPOLYGONALFACE((572,571,403));
#9268=IFCINDEXEDPOLYGONALFACE((698,519,651));
#9269=IFCINDEXEDPOLYGONALFACE((403,574,572));
#9270=IFCINDEXEDPOLYGONALFACE((642,405,643));
#9271=IFCINDEXEDPOLYGONALFACE((574,644,645));
#9272=IFCINDEXEDPOLYGONALFACE((647,648,548));
#9273=IFCINDEXEDPOLYGONALFACE((403,543,575));
#9274=IFCINDEXEDPOLYGONALFACE((508,653,644));
#9275=IFCINDEXEDPOLYGONALFACE((599,575,543));
#9276=IFCINDEXEDPOLYGONALFACE((574,576,508));
#9277=IFCINDEXEDPOLYGONALFACE((575,507,576));
#9278=IFCINDEXEDPOLYGONALFACE((577,596,404));
#9279=IFCINDEXEDPOLYGONALFACE((596,576,507));
#9280=IFCINDEXEDPOLYGONALFACE((579,578,654));
#9281=IFCINDEXEDPOLYGONALFACE((638,410,637));
#9282=IFCINDEXEDPOLYGONALFACE((653,642,643));
#9283=IFCINDEXEDPOLYGONALFACE((580,579,404));
#9284=IFCINDEXEDPOLYGONALFACE((699,578,579));
#9285=IFCINDEXEDPOLYGONALFACE((612,614,404));
#9286=IFCINDEXEDPOLYGONALFACE((580,421,609));
#9287=IFCINDEXEDPOLYGONALFACE((582,583,428));
#9288=IFCINDEXEDPOLYGONALFACE((491,581,564));
#9289=IFCINDEXEDPOLYGONALFACE((583,581,413));
#9290=IFCINDEXEDPOLYGONALFACE((582,428,585));
#9291=IFCINDEXEDPOLYGONALFACE((581,583,582));
#9292=IFCINDEXEDPOLYGONALFACE((583,413,584));
#9293=IFCINDEXEDPOLYGONALFACE((413,627,669));
#9294=IFCINDEXEDPOLYGONALFACE((584,430,632));
#9295=IFCINDEXEDPOLYGONALFACE((463,585,428));
#9296=IFCINDEXEDPOLYGONALFACE((439,681,658));
#9297=IFCINDEXEDPOLYGONALFACE((492,586,569));
#9298=IFCINDEXEDPOLYGONALFACE((587,539,543));
#9299=IFCINDEXEDPOLYGONALFACE((539,587,586));
#9300=IFCINDEXEDPOLYGONALFACE((403,587,543));
#9301=IFCINDEXEDPOLYGONALFACE((542,560,588));
#9302=IFCINDEXEDPOLYGONALFACE((561,588,560));
#9303=IFCINDEXEDPOLYGONALFACE((486,589,50));
#9304=IFCINDEXEDPOLYGONALFACE((481,589,458));
#9305=IFCINDEXEDPOLYGONALFACE((660,590,441));
#9306=IFCINDEXEDPOLYGONALFACE((701,590,417));
#9307=IFCINDEXEDPOLYGONALFACE((631,591,435));
#9308=IFCINDEXEDPOLYGONALFACE((462,516,591));
#9309=IFCINDEXEDPOLYGONALFACE((592,626,625));
#9310=IFCINDEXEDPOLYGONALFACE((622,625,406));
#9311=IFCINDEXEDPOLYGONALFACE((624,604,623));
#9312=IFCINDEXEDPOLYGONALFACE((406,628,629));
#9313=IFCINDEXEDPOLYGONALFACE((636,594,568));
#9314=IFCINDEXEDPOLYGONALFACE((681,595,414));
#9315=IFCINDEXEDPOLYGONALFACE((685,595,432));
#9316=IFCINDEXEDPOLYGONALFACE((418,705,678));
#9317=IFCINDEXEDPOLYGONALFACE((576,596,577));
#9318=IFCINDEXEDPOLYGONALFACE((596,507,597));
#9319=IFCINDEXEDPOLYGONALFACE((598,597,507));
#9320=IFCINDEXEDPOLYGONALFACE((641,671,525));
#9321=IFCINDEXEDPOLYGONALFACE((599,598,507));
#9322=IFCINDEXEDPOLYGONALFACE((525,598,506));
#9323=IFCINDEXEDPOLYGONALFACE((575,599,507));
#9324=IFCINDEXEDPOLYGONALFACE((702,599,543));
#9325=IFCINDEXEDPOLYGONALFACE((601,461,426));
#9326=IFCINDEXEDPOLYGONALFACE((474,600,435));
#9327=IFCINDEXEDPOLYGONALFACE((640,601,426));
#9328=IFCINDEXEDPOLYGONALFACE((601,680,655));
#9329=IFCINDEXEDPOLYGONALFACE((456,703,425));
#9330=IFCINDEXEDPOLYGONALFACE((602,444,701));
#9331=IFCINDEXEDPOLYGONALFACE((673,603,417));
#9332=IFCINDEXEDPOLYGONALFACE((513,687,689));
#9333=IFCINDEXEDPOLYGONALFACE((684,709,526));
#9334=IFCINDEXEDPOLYGONALFACE((547,652,624));
#9335=IFCINDEXEDPOLYGONALFACE((678,605,552));
#9336=IFCINDEXEDPOLYGONALFACE((437,615,705));
#9337=IFCINDEXEDPOLYGONALFACE((682,606,447));
#9338=IFCINDEXEDPOLYGONALFACE((607,606,412));
#9339=IFCINDEXEDPOLYGONALFACE((696,607,412));
#9340=IFCINDEXEDPOLYGONALFACE((405,649,648));
#9341=IFCINDEXEDPOLYGONALFACE((648,649,548));
#9342=IFCINDEXEDPOLYGONALFACE((708,405,639));
#9343=IFCINDEXEDPOLYGONALFACE((455,609,421));
#9344=IFCINDEXEDPOLYGONALFACE((410,609,433));
#9345=IFCINDEXEDPOLYGONALFACE((31,610,32));
#9346=IFCINDEXEDPOLYGONALFACE((451,432,610));
#9347=IFCINDEXEDPOLYGONALFACE((469,487,611));
#9348=IFCINDEXEDPOLYGONALFACE((449,611,487));
#9349=IFCINDEXEDPOLYGONALFACE((597,612,596));
#9350=IFCINDEXEDPOLYGONALFACE((613,612,505));
#9351=IFCINDEXEDPOLYGONALFACE((613,505,640));
#9352=IFCINDEXEDPOLYGONALFACE((613,504,614));
#9353=IFCINDEXEDPOLYGONALFACE((421,614,504));
#9354=IFCINDEXEDPOLYGONALFACE((404,614,580));
#9355=IFCINDEXEDPOLYGONALFACE((705,615,605));
#9356=IFCINDEXEDPOLYGONALFACE((706,615,424));
#9357=IFCINDEXEDPOLYGONALFACE((484,616,93));
#9358=IFCINDEXEDPOLYGONALFACE((520,616,464));
#9359=IFCINDEXEDPOLYGONALFACE((618,617,446));
#9360=IFCINDEXEDPOLYGONALFACE((453,617,422));
#9361=IFCINDEXEDPOLYGONALFACE((619,618,446));
#9362=IFCINDEXEDPOLYGONALFACE((618,545,620));
#9363=IFCINDEXEDPOLYGONALFACE((619,446,481));
#9364=IFCINDEXEDPOLYGONALFACE((619,423,664));
#9365=IFCINDEXEDPOLYGONALFACE((545,622,620));
#9366=IFCINDEXEDPOLYGONALFACE((623,621,622));
#9367=IFCINDEXEDPOLYGONALFACE((621,620,622));
#9368=IFCINDEXEDPOLYGONALFACE((621,604,695));
#9369=IFCINDEXEDPOLYGONALFACE((625,663,592));
#9370=IFCINDEXEDPOLYGONALFACE((622,406,623));
#9371=IFCINDEXEDPOLYGONALFACE((406,629,624));
#9372=IFCINDEXEDPOLYGONALFACE((621,623,604));
#9373=IFCINDEXEDPOLYGONALFACE((406,624,623));
#9374=IFCINDEXEDPOLYGONALFACE((593,547,624));
#9375=IFCINDEXEDPOLYGONALFACE((663,622,545));
#9376=IFCINDEXEDPOLYGONALFACE((666,626,592));
#9377=IFCINDEXEDPOLYGONALFACE((627,626,488));
#9378=IFCINDEXEDPOLYGONALFACE((625,628,406));
#9379=IFCINDEXEDPOLYGONALFACE((669,627,488));
#9380=IFCINDEXEDPOLYGONALFACE((567,627,413));
#9381=IFCINDEXEDPOLYGONALFACE((626,489,628));
#9382=IFCINDEXEDPOLYGONALFACE((489,561,629));
#9383=IFCINDEXEDPOLYGONALFACE((489,629,628));
#9384=IFCINDEXEDPOLYGONALFACE((561,593,629));
#9385=IFCINDEXEDPOLYGONALFACE((630,448,71));
#9386=IFCINDEXEDPOLYGONALFACE((707,630,440));
#9387=IFCINDEXEDPOLYGONALFACE((655,435,601));
#9388=IFCINDEXEDPOLYGONALFACE((676,631,515));
#9389=IFCINDEXEDPOLYGONALFACE((584,632,450));
#9390=IFCINDEXEDPOLYGONALFACE((517,632,430));
#9391=IFCINDEXEDPOLYGONALFACE((633,498,452));
#9392=IFCINDEXEDPOLYGONALFACE((528,527,633));
#9393=IFCINDEXEDPOLYGONALFACE((553,634,552));
#9394=IFCINDEXEDPOLYGONALFACE((407,634,551));
#9395=IFCINDEXEDPOLYGONALFACE((403,571,635));
#9396=IFCINDEXEDPOLYGONALFACE((571,540,635));
#9397=IFCINDEXEDPOLYGONALFACE((563,636,568));
#9398=IFCINDEXEDPOLYGONALFACE((657,636,564));
#9399=IFCINDEXEDPOLYGONALFACE((638,637,420));
#9400=IFCINDEXEDPOLYGONALFACE((410,434,637));
#9401=IFCINDEXEDPOLYGONALFACE((638,420,639));
#9402=IFCINDEXEDPOLYGONALFACE((699,638,578));
#9403=IFCINDEXEDPOLYGONALFACE((707,639,420));
#9404=IFCINDEXEDPOLYGONALFACE((708,416,704));
#9405=IFCINDEXEDPOLYGONALFACE((613,640,426));
#9406=IFCINDEXEDPOLYGONALFACE((671,505,597));
#9407=IFCINDEXEDPOLYGONALFACE((525,411,641));
#9408=IFCINDEXEDPOLYGONALFACE((680,411,655));
#9409=IFCINDEXEDPOLYGONALFACE((648,643,405));
#9410=IFCINDEXEDPOLYGONALFACE((638,642,578));
#9411=IFCINDEXEDPOLYGONALFACE((644,643,573));
#9412=IFCINDEXEDPOLYGONALFACE((643,644,653));
#9413=IFCINDEXEDPOLYGONALFACE((645,644,573));
#9414=IFCINDEXEDPOLYGONALFACE((574,508,644));
#9415=IFCINDEXEDPOLYGONALFACE((646,645,573));
#9416=IFCINDEXEDPOLYGONALFACE((574,645,572));
#9417=IFCINDEXEDPOLYGONALFACE((647,646,573));
#9418=IFCINDEXEDPOLYGONALFACE((572,646,519));
#9419=IFCINDEXEDPOLYGONALFACE((573,643,648));
#9420=IFCINDEXEDPOLYGONALFACE((647,548,650));
#9421=IFCINDEXEDPOLYGONALFACE((573,648,647));
#9422=IFCINDEXEDPOLYGONALFACE((649,405,608));
#9423=IFCINDEXEDPOLYGONALFACE((608,607,649));
#9424=IFCINDEXEDPOLYGONALFACE((607,548,649));
#9425=IFCINDEXEDPOLYGONALFACE((696,650,548));
#9426=IFCINDEXEDPOLYGONALFACE((651,650,546));
#9427=IFCINDEXEDPOLYGONALFACE((546,695,652));
#9428=IFCINDEXEDPOLYGONALFACE((698,651,547));
#9429=IFCINDEXEDPOLYGONALFACE((624,652,604));
#9430=IFCINDEXEDPOLYGONALFACE((547,651,652));
#9431=IFCINDEXEDPOLYGONALFACE((654,653,508));
#9432=IFCINDEXEDPOLYGONALFACE((578,642,653));
#9433=IFCINDEXEDPOLYGONALFACE((508,577,654));
#9434=IFCINDEXEDPOLYGONALFACE((579,654,577));
#9435=IFCINDEXEDPOLYGONALFACE((656,655,411));
#9436=IFCINDEXEDPOLYGONALFACE((631,435,655));
#9437=IFCINDEXEDPOLYGONALFACE((411,515,656));
#9438=IFCINDEXEDPOLYGONALFACE((631,656,515));
#9439=IFCINDEXEDPOLYGONALFACE((658,564,582));
#9440=IFCINDEXEDPOLYGONALFACE((594,657,414));
#9441=IFCINDEXEDPOLYGONALFACE((658,657,564));
#9442=IFCINDEXEDPOLYGONALFACE((439,658,585));
#9443=IFCINDEXEDPOLYGONALFACE((556,659,494));
#9444=IFCINDEXEDPOLYGONALFACE((493,415,659));
#9445=IFCINDEXEDPOLYGONALFACE((511,660,441));
#9446=IFCINDEXEDPOLYGONALFACE((672,660,512));
#9447=IFCINDEXEDPOLYGONALFACE((528,529,661));
#9448=IFCINDEXEDPOLYGONALFACE((531,662,408));
#9449=IFCINDEXEDPOLYGONALFACE((661,529,662));
#9450=IFCINDEXEDPOLYGONALFACE((689,662,529));
#9451=IFCINDEXEDPOLYGONALFACE((622,663,625));
#9452=IFCINDEXEDPOLYGONALFACE((664,663,545));
#9453=IFCINDEXEDPOLYGONALFACE((619,664,545));
#9454=IFCINDEXEDPOLYGONALFACE((664,423,665));
#9455=IFCINDEXEDPOLYGONALFACE((423,667,665));
#9456=IFCINDEXEDPOLYGONALFACE((666,488,626));
#9457=IFCINDEXEDPOLYGONALFACE((667,666,665));
#9458=IFCINDEXEDPOLYGONALFACE((668,666,487));
#9459=IFCINDEXEDPOLYGONALFACE((667,423,670));
#9460=IFCINDEXEDPOLYGONALFACE((666,667,487));
#9461=IFCINDEXEDPOLYGONALFACE((487,430,668));
#9462=IFCINDEXEDPOLYGONALFACE((669,430,584));
#9463=IFCINDEXEDPOLYGONALFACE((430,669,668));
#9464=IFCINDEXEDPOLYGONALFACE((413,669,584));
#9465=IFCINDEXEDPOLYGONALFACE((423,501,670));
#9466=IFCINDEXEDPOLYGONALFACE((449,670,501));
#9467=IFCINDEXEDPOLYGONALFACE((505,671,641));
#9468=IFCINDEXEDPOLYGONALFACE((598,671,597));
#9469=IFCINDEXEDPOLYGONALFACE((673,672,512));
#9470=IFCINDEXEDPOLYGONALFACE((590,672,417));
#9471=IFCINDEXEDPOLYGONALFACE((674,675,515));
#9472=IFCINDEXEDPOLYGONALFACE((673,513,603));
#9473=IFCINDEXEDPOLYGONALFACE((515,523,674));
#9474=IFCINDEXEDPOLYGONALFACE((686,674,523));
#9475=IFCINDEXEDPOLYGONALFACE((673,675,674));
#9476=IFCINDEXEDPOLYGONALFACE((676,512,427));
#9477=IFCINDEXEDPOLYGONALFACE((512,676,675));
#9478=IFCINDEXEDPOLYGONALFACE((631,676,427));
#9479=IFCINDEXEDPOLYGONALFACE((584,677,583));
#9480=IFCINDEXEDPOLYGONALFACE((476,677,450));
#9481=IFCINDEXEDPOLYGONALFACE((594,678,552));
#9482=IFCINDEXEDPOLYGONALFACE((595,418,678));
#9483=IFCINDEXEDPOLYGONALFACE((64,679,443));
#9484=IFCINDEXEDPOLYGONALFACE((62,679,63));
#9485=IFCINDEXEDPOLYGONALFACE((640,680,601));
#9486=IFCINDEXEDPOLYGONALFACE((641,411,680));
#9487=IFCINDEXEDPOLYGONALFACE((470,681,439));
#9488=IFCINDEXEDPOLYGONALFACE((595,681,432));
#9489=IFCINDEXEDPOLYGONALFACE((683,682,436));
#9490=IFCINDEXEDPOLYGONALFACE((606,682,412));
#9491=IFCINDEXEDPOLYGONALFACE((684,436,453));
#9492=IFCINDEXEDPOLYGONALFACE((683,526,694));
#9493=IFCINDEXEDPOLYGONALFACE((453,422,684));
#9494=IFCINDEXEDPOLYGONALFACE((621,709,422));
#9495=IFCINDEXEDPOLYGONALFACE((451,418,685));
#9496=IFCINDEXEDPOLYGONALFACE((595,685,418));
#9497=IFCINDEXEDPOLYGONALFACE((690,686,523));
#9498=IFCINDEXEDPOLYGONALFACE((687,686,524));
#9499=IFCINDEXEDPOLYGONALFACE((688,687,524));
#9500=IFCINDEXEDPOLYGONALFACE((689,687,408));
#9501=IFCINDEXEDPOLYGONALFACE((524,535,688));
#9502=IFCINDEXEDPOLYGONALFACE((534,688,535));
#9503=IFCINDEXEDPOLYGONALFACE((689,408,662));
#9504=IFCINDEXEDPOLYGONALFACE((513,689,603));
#9505=IFCINDEXEDPOLYGONALFACE((692,690,506));
#9506=IFCINDEXEDPOLYGONALFACE((690,524,686));
#9507=IFCINDEXEDPOLYGONALFACE((537,691,534));
#9508=IFCINDEXEDPOLYGONALFACE((495,531,691));
#9509=IFCINDEXEDPOLYGONALFACE((690,692,524));
#9510=IFCINDEXEDPOLYGONALFACE((536,692,506));
#9511=IFCINDEXEDPOLYGONALFACE((537,538,693));
#9512=IFCINDEXEDPOLYGONALFACE((541,693,538));
#9513=IFCINDEXEDPOLYGONALFACE((696,694,546));
#9514=IFCINDEXEDPOLYGONALFACE((683,694,412));
#9515=IFCINDEXEDPOLYGONALFACE((621,695,526));
#9516=IFCINDEXEDPOLYGONALFACE((695,604,652));
#9517=IFCINDEXEDPOLYGONALFACE((650,696,546));
#9518=IFCINDEXEDPOLYGONALFACE((607,696,548));
#9519=IFCINDEXEDPOLYGONALFACE((419,493,697));
#9520=IFCINDEXEDPOLYGONALFACE((659,697,493));
#9521=IFCINDEXEDPOLYGONALFACE((710,698,547));
#9522=IFCINDEXEDPOLYGONALFACE((572,698,571));
#9523=IFCINDEXEDPOLYGONALFACE((579,580,700));
#9524=IFCINDEXEDPOLYGONALFACE((638,699,410));
#9525=IFCINDEXEDPOLYGONALFACE((580,609,700));
#9526=IFCINDEXEDPOLYGONALFACE((410,700,609));
#9527=IFCINDEXEDPOLYGONALFACE((602,701,417));
#9528=IFCINDEXEDPOLYGONALFACE((496,701,444));
#9529=IFCINDEXEDPOLYGONALFACE((539,702,543));
#9530=IFCINDEXEDPOLYGONALFACE((506,702,536));
#9531=IFCINDEXEDPOLYGONALFACE((444,703,456));
#9532=IFCINDEXEDPOLYGONALFACE((602,425,703));
#9533=IFCINDEXEDPOLYGONALFACE((429,704,443));
#9534=IFCINDEXEDPOLYGONALFACE((708,704,608));
#9535=IFCINDEXEDPOLYGONALFACE((678,705,605));
#9536=IFCINDEXEDPOLYGONALFACE((437,705,418));
#9537=IFCINDEXEDPOLYGONALFACE((438,706,424));
#9538=IFCINDEXEDPOLYGONALFACE((409,706,557));
#9539=IFCINDEXEDPOLYGONALFACE((630,707,420));
#9540=IFCINDEXEDPOLYGONALFACE((416,707,440));
#9541=IFCINDEXEDPOLYGONALFACE((405,708,608));
#9542=IFCINDEXEDPOLYGONALFACE((707,708,639));
#9543=IFCINDEXEDPOLYGONALFACE((526,709,621));
#9544=IFCINDEXEDPOLYGONALFACE((684,422,709));
#9545=IFCINDEXEDPOLYGONALFACE((593,710,547));
#9546=IFCINDEXEDPOLYGONALFACE((571,710,490));
#9547=IFCCARTESIANPOINTLIST3D(((-4.45789342837595E-18,1.51295732255459E-14,8.),(0.133585267490258,0.,7.99385891621367),(0.266573910747573,0.,7.97546309242564),(0.398371970207687,0.,7.94489468885061),(0.528390803742586,0.,7.90229023139953),(0.656049715679152,0.,7.84784000192177),(0.780778550327003,1.73367664741298E-16,7.78178718836017),(0.902020238432217,0.,7.70442679861467),(1.01923328518385,0.,7.61610434296538),(1.1318941886612,0.,7.51721429093983),(1.2394997779205,0.,7.40819830951631),(1.34156946027846,0.,7.28954329053188),(1.43764736775587,0.,7.16177917610526),(1.52730439309467,0.,7.0254765917867),(1.61014010625514,-3.57522923767369E-16,6.88124429800572),(1.6857845428336,0.,6.72972647119927),(1.75389985641335,0.,6.57159982676337),(1.81418182746869,-4.02829287142456E-16,6.40757059667791),(1.86636122208321,0.,6.23837137530315),(1.91020499441383,0.,6.06475784743549),(1.94551732753008,0.,5.88750541323569),(1.97214050798006,0.,5.7074057251036),(1.98995563017701,0.,5.52526315196626),(1.99888312746051,0.,5.3418911867711),(1.99888312746051,0.,5.15810881322889),(1.98995563017701,0.,4.97473684803372),(1.97214050798006,0.,4.79259427489639),(1.94551732753008,0.,4.61249458676429),(1.91020499441383,0.,4.4352421525645),(1.86636122208321,0.,4.26162862469683),(1.81418182746868,0.,4.09242940332207),(1.75389985641334,0.,3.92840017323661),(1.68578454283359,0.,3.77027352880072),(1.61014010625513,3.57522923767367E-16,3.61875570199427),(1.52730439309466,0.,3.47452340821329),(1.43764736775586,0.,3.33822082389473),(1.34156946027845,0.,3.21045670946811),(1.23949977792049,0.,3.09180169048368),(1.13189418866119,0.,2.98278570906016),(1.01923328518383,0.,2.88389565703461),(0.902020238432203,2.00288727477061E-16,2.79557320138532),(0.780778550326989,0.,2.71821281163982),(0.656049715679138,0.,2.65215999807822),(0.528390803742572,0.,2.59770976860046),(0.398371970207672,0.,2.55510531114939),(0.266573910747557,0.,2.52453690757435),(0.133585267490243,0.,2.50614108378633),(1.79516114086634E-18,-1.79516114086585E-18,2.5),(-0.133585267490243,4.31625908235976E-16,2.50614108378633),(-0.266573910747557,8.61324070386986E-16,2.52453690757435),(-0.398371970207672,1.28717535015005E-15,2.55510531114939),(-0.528390803742572,1.70727779233277E-15,2.59770976860046),(-0.656049715679138,2.11975511744694E-15,2.65215999807822),(-0.780778550326989,2.52276510162822E-15,2.71821281163982),(-0.902020238432203,3.31508525940919E-15,2.79557320138532),(-1.01923328518383,3.29323360791969E-15,2.88389565703461),(-1.13189418866119,3.65725103064672E-15,2.98278570906016),(-1.23949977792049,4.00493428245969E-15,3.09180169048368),(-1.34156946027845,4.3347305255546E-15,3.21045670946811),(-1.43764736775586,4.64516680985053E-15,3.33822082389473),(-1.52730439309466,4.93485665154228E-15,3.47452340821329),(-1.61014010625513,5.91755207300829E-15,3.61875570199427),(-1.68578454283359,5.44692014367427E-15,3.77027352880072),(-1.75389985641334,5.66700679425334E-15,3.92840017323661),(-1.81418182746868,5.86178321680245E-15,4.09242940332207),(-1.86636122208321,6.03037949253579E-15,4.26162862469683),(-1.91020499441383,6.17204262955858E-15,4.4352421525645),(-1.94551732753008,6.2861399259116E-15,4.61249458676429),(-1.97214050798006,6.37216179537182E-15,4.79259427489639),(-1.98995563017701,6.4297240433881E-15,4.97473684803372),(-1.99888312746051,6.45856958298734E-15,5.15810881322889),(-1.99888312746051,6.45856958298735E-15,5.3418911867711),(-1.98995563017701,6.42972404338811E-15,5.52526315196626),(-1.97214050798006,6.37216179537183E-15,5.7074057251036),(-1.94551732753008,6.28613992591161E-15,5.88750541323569),(-1.91020499441383,6.17204262955859E-15,6.06475784743549),(-1.86636122208321,6.03037949253581E-15,6.23837137530315),(-1.81418182746869,5.05612464251756E-15,6.40757059667791),(-1.75389985641335,5.66700679425337E-15,6.57159982676337),(-1.6857845428336,5.44692014367429E-15,6.72972647119927),(-1.61014010625514,4.48746037793885E-15,6.88124429800572),(-1.52730439309467,4.93485665154231E-15,7.0254765917867),(-1.43764736775587,4.64516680985057E-15,7.16177917610526),(-1.34156946027846,4.33473052555463E-15,7.28954329053188),(-1.2394997779205,4.00493428245973E-15,7.40819830951631),(-1.1318941886612,3.65725103064676E-15,7.51721429093983),(-1.01923328518385,3.29323360791973E-15,7.61610434296538),(-0.902020238432217,2.91450780445511E-15,7.70442679861467),(-0.780778550327003,2.86950043111086E-15,7.78178718836017),(-0.656049715679152,2.11975511744699E-15,7.84784000192177),(-0.528390803742586,1.70727779233282E-15,7.90229023139953),(-0.398371970207687,1.2871753501501E-15,7.94489468885061),(-0.266573910747573,8.61324070387036E-16,7.97546309242564),(-0.133585267490258,4.31625908236025E-16,7.99385891621367),(0.589885628825291,1.91102981266787,5.25000000001882),(1.34410902870307,1.29480335300852,6.23852382618299),(1.55968052694022,1.20899506762681,4.80290805579208),(0.24915658014187,1.54801690941526,3.54280327430138),(-1.10963539872376,1.62922327205353,4.78505312441396),(-0.506669277708369,1.63800135811162,6.66580792447265),(-1.73220329234062,0.996974942796127,5.35209055495911),(1.77587048450375,0.802870277248912,5.86750106479694),(0.64166846765787,1.31589947481815,7.12357065571088),(1.33895317329302,1.05688349694895,3.81432505797432),(-0.817062059982358,1.2724138855537,3.45018198935416),(-1.50213296785699,0.991557625256377,4.05097948344646),(-1.37171347564666,1.14475787363698,6.48591892513562),(1.82848881198775,0.64297004415854,4.57188910617438),(-0.441820150915687,1.07995493257126,7.48347252068193),(-1.80599828801254,0.717461119784338,4.59978384891394),(-1.78577531100979,0.686316208445329,6.05172829595455),(1.90593181791833,0.606155017670031,5.25000000000379),(1.58512134139235,0.709512138202702,6.613943764394),(0.818087280178215,0.991955118852517,3.14361926389667),(0.0686828169169393,0.956984112540267,2.83709474401283),(-1.93167190142284,0.518308465350017,5.24999999976165),(-1.0954927316763,0.927343598109659,7.16511860204133),(1.21954648883363,0.86848199273257,7.07333782257386),(0.341070346500397,0.90797547728078,7.65497348516691),(-1.2398169592468,0.778500712349513,3.37636859797997),(1.6597696463078,0.640618951017566,3.99371939231387),(-0.734300665677651,0.814455695783276,2.95022691781417),(-1.52953376779617,0.614891330155395,6.80711395565739),(-1.73359068438604,0.522059424287948,4.08155958057885),(1.78953994152152,0.473419374198511,6.2912126955634),(1.9060484362472,0.414566940025148,5.85736041247471),(0.890902918404212,0.760804641389956,7.4788017478633),(1.25714388437702,0.668939676416917,3.31906279006341),(-1.93040960410241,0.403712194629559,4.79285597626603),(-1.92938518871134,0.409344103465922,5.70584972207168),(-1.5360534038039,0.548328058430457,3.65839590545692),(1.93555482822862,0.37383836024816,4.78600648464477),(-0.241359706435989,0.69545043222588,7.80694335584363),(-1.74290227959915,0.432367652186791,6.46074184845478),(1.79716761461889,0.402239060473421,4.17750678406475),(-0.774328234617611,0.657058626813172,7.61910933707998),(1.45707255538081,0.493715076569219,7.00719673759105),(0.615770390138129,0.690187562264824,2.81176093698491),(1.45710892968935,0.492280035469966,3.49209923676096),(1.97145227612565,0.316244829296118,5.40896053161871),(-0.278082530606034,0.621959141587915,2.66447457946043),(-1.04385539803653,0.585313228478632,3.046661998809),(-1.84618839668836,0.35639600561524,4.31280834049866),(-1.26817188362438,0.512205855000418,7.25645681768196),(1.04571359691127,0.559000879419133,3.03543834791994),(-1.84764244970035,0.33862836580978,6.19420380777974),(1.6854627112406,0.376389596740792,6.63701063880664),(-1.04713660618099,0.531516588713533,7.47605452649023),(1.88922279827679,0.305716769696715,4.45134574616414),(0.298598039774989,0.575463019410205,2.64849363229928),(-1.97768067513185,0.273569835051387,5.41233558026904),(-1.97768067513129,0.273569834992232,5.08766441952975),(1.16222317339584,0.494661763257658,7.3821577658351),(0.643913754137796,0.569844992837611,7.73287529617182),(-1.3661953724903,0.42772304090432,3.32963973212242),(0.108133817646163,0.508200808435398,7.905579976996),(1.61643313251,0.356374727427184,3.70647998274445),(-1.61583814912217,0.334310678206596,6.80399544018645),(-1.45432974231453,0.351660961215526,7.07479625509148),(1.85202674372989,0.256787848763231,6.22620830488471),(-0.65641901659078,0.485625602451908,2.73962433178242),(-1.68485435570378,0.29497358088629,3.82486282028677),(-0.50749222296154,0.466927247631436,7.83135169677209),(0.798450605740708,0.426822467856882,2.79790840382482),(1.53473934921859,0.285319966382967,6.96911716649102),(0.925695881293956,0.389342153744804,7.62819350605469),(1.26084146504117,0.333187842971109,3.16504262625699),(-1.15609733422936,0.350464609617862,3.0583459626119),(1.35719904834839,0.30114563513527,7.22700044259663),(-0.169519944567252,0.38600718401757,7.93820814657497),(-0.171357668000885,0.381692102174078,2.56084739665952),(-0.924404577757193,0.365773611441264,2.86379620638906),(0.516769355682034,0.402537139465504,2.65168171151437),(-1.15310679553009,0.3216178065362,7.45296572565813),(-1.4464008648001,0.265961480038067,3.38628448823652),(0.357406477429096,0.393279913538791,7.90114531222869),(-0.9227817476872,0.343555016054784,7.64362336299018),(0.178718120224394,0.363791831897559,2.55706492685746),(-0.431578562388232,0.870867307272176,2.84656840580305),(-0.44708290581655,1.24750210872802,3.19031821689634),(-0.330717067506854,1.62439737080854,3.71149886375079),(0.192948175956025,1.89178997881487,4.39805275460827),(-0.857361076630989,1.60291586563069,4.10321973722011),(-0.338874818157864,1.97108003639804,5.25372717118876),(-1.61389441845246,0.85828251605643,6.36595115943125),(-1.45262016597732,1.30864606454331,5.82903686018944),(-0.933977597223462,1.65354752107571,6.11249492439557),(-0.663432966655256,0.346078614253212,7.80027707218041),(0.919833305417616,0.312412183343634,2.84618485699588),(-1.38190831063909,0.686572723246926,6.99952058307354),(-0.521366905748554,0.347451021097804,2.6384212903132),(1.03642403057541,0.291702892539683,7.56749087380521),(0.0132655233466022,0.624953637959052,2.63776887109846),(-0.36708552068156,0.343001287190979,7.91182326739013),(1.33420026213239,0.6138271655076,7.11672436386201),(1.38992595024443,0.912345033029159,6.77849813756655),(1.0359885083223,1.36392083478563,6.66994817144897),(0.301756300708203,1.79696446052267,6.38373887380681),(0.847696106272612,1.71639455862448,6.0463149963139),(1.27082526273838,1.53669300169629,5.46113200051135),(0.521831843535951,0.338050070704869,7.8637349201172),(0.402559842772596,0.64667465016342,7.79273061223244),(0.119561552511005,0.78156400049,7.77598493334842),(-0.0342980287837281,1.10160176317557,7.54476633230173),(-0.140958701406746,1.47140881898235,7.10247087764796),(0.662903764577474,0.324434312525114,2.69408951500519),(0.313312558374129,1.24631733987466,7.35717497427032),(0.793853213668077,0.306085003798327,7.73875343582585),(-0.793400578571695,0.301215506395454,2.75985080261207),(-0.370128972043514,0.322606966467954,2.58415572707818),(0.972779815266829,1.64885486330767,4.45418844919274),(5.07448861624139E-09,0.238448869914025,7.98038515629218),(5.07510041686761E-09,0.238448869918407,2.51961484370854),(-0.314701659366304,1.89734114155368,6.00444717381902),(0.26591597653411,1.51538977594113,7.00703401080504),(-0.0375273353954442,1.70143734975189,6.69453723082892),(0.58443286281048,1.58510647539681,6.72187677045114),(1.02715770814481,1.16910807701458,3.52267305963712),(-1.42046851752325,0.903093946435112,6.73518492257249),(-1.16028478625411,1.17593767736763,6.80010123178433),(-0.803943178315166,1.33216758151064,6.97780384899411),(-1.10477529049053,1.42460460263332,6.44076372108528),(-0.796469469800506,1.60615386360256,6.46895603491358),(-1.23512071316272,1.45178486099033,6.08275242512409),(-1.06801356155016,1.68385232517089,5.46296250780456),(-0.509523760191045,1.77358345400525,6.31043372322832),(-0.159486592985084,1.82512567316125,6.35298683102768),(0.093778832990193,1.91976459904966,6.01025118362457),(-0.646956569456907,1.81811555568682,5.97223898650467),(-0.45892937275802,1.92610986097303,5.6376540167342),(-0.0548146074208835,1.98416569025888,5.58703455316993),(0.128414620661444,1.99140620984393,5.06649548268297),(-0.727809972320772,1.86241572459819,5.30669792050608),(-0.59391492583265,1.86267378379061,4.67035727919128),(0.36380657343736,1.94496141508674,5.65033490637245),(-0.893048111064413,1.75100488127801,5.7579075368739),(0.401682961254295,1.14594009136253,3.06488657051012),(1.03843113094917,1.43346741088882,3.96982259437635),(0.608284647811838,1.71229048485797,4.10119504343333),(1.33599718416018,1.32137197696435,4.30826288906204),(-1.14950481922484,1.59053003639939,5.78049501854282),(-1.33720608103536,1.47573345367951,5.50387531186959),(-1.23391805702148,1.5719838949982,5.14075140496189),(-1.52689827525806,1.22859751765224,4.70149770122745),(-1.52261566497176,1.29523983520198,5.16308840368694),(-0.965630416391115,1.74768686491104,5.09233287338865),(-1.55271662102575,1.24594303508229,5.5134015121492),(-1.67095687945571,1.01380487793699,5.83352961515689),(-1.82761353515831,0.756612854665127,5.65641835484013),(-0.713342083970364,1.85746658946873,4.97171637193455),(-0.432234851214039,1.93961308599691,4.93925574942241),(-0.197639237257712,1.92496771751496,4.55506294991703),(-0.133453549306695,1.80933954848777,4.09264480952315),(-0.863748405904089,1.75952534667833,4.70343231879163),(-1.04868977916114,1.58746897255138,4.40217896013676),(-1.20679270655296,1.30539556814224,3.99009644054403),(-0.751069669762411,1.74624388011418,4.39514505852658),(-0.506300570491546,1.74221137948908,4.09274389569184),(-0.68223485427923,1.54095134245186,3.7690639983649),(-1.30693687024517,1.42215823608563,4.53634722404688),(-0.154173575237384,1.98614727025841,5.0061572908751),(0.0350296643654578,1.96676433958872,4.75307310693108),(0.462734704218287,1.91357760900562,4.76562255376828),(0.84797460825057,1.79237519364264,4.8905742925731),(1.23695186909347,1.54216755498721,4.83369208336844),(0.954989719893755,1.75646837275008,5.32293322518966),(0.726711227434721,1.84129576556375,5.64258765287427),(1.03917039569197,1.67636341338567,5.70589201696546),(1.30138940350641,1.45241016200045,5.86011949844949),(1.58602176509415,1.19306676333774,5.58995233404025),(1.52429625739265,1.18374840766336,5.97139768714803),(1.54073682469568,1.00637332533371,6.3268477928738),(-0.988531998074669,1.34611416451805,3.73701186322792),(-1.2229656533081,1.08151237371786,3.66148159853282),(-1.05826113407734,1.05991997864627,3.4275916761436),(-0.887102244424004,0.969312669551507,3.17676509807904),(-1.39225515152567,0.793261554179047,3.60438192811412),(-0.0549945538332983,1.99907171424372,5.28606277588315),(0.221118835131768,1.98574317346583,5.37244843837349),(-0.487129306107704,1.83547575344411,4.38721209953911),(0.373026633213373,0.298648171755442,2.57964507142866),(-0.441819270950052,0.813811481613362,7.68747852269251),(0.825197402652165,0.58336910808403,7.62311206994474),(-0.019739933932566,1.27381403307141,3.13008702476965),(0.242747248975029,1.76021494850945,3.98775516138389),(-1.47897397456948,1.18161967337316,4.36271373581361),(-1.66597279767186,0.870028060886831,4.30977161108063),(1.11818492508608,1.53157929815086,6.12388506235359),(0.922418075670358,1.57267567503302,6.38037721784009),(0.623695590259396,1.73705483818717,6.30941434498035),(0.544570176441401,1.85368133500342,5.96090137077487),(1.03442513036853,0.605129305530209,7.45162498212727),(0.993585201232415,0.983654296692994,7.21640031756639),(-0.808144347789679,1.02728527519992,7.33147374493882),(-0.526646897405908,1.31252635429852,7.19450359740955),(0.743867450791308,1.48213075660098,3.7127342355517),(-1.69839969638725,1.03367172924569,4.95203008426122),(1.54751441845038,0.648910102273007,3.75376570984331),(1.51743595354564,0.95754608536259,4.03524868686689),(1.66726280334307,0.903664312122959,4.37644143526268),(1.68418819777176,0.742091079190848,6.32638083050094),(-1.77071637633356,0.267762482879756,4.02565783703494),(-0.498603578751228,0.63113311153785,2.73218559100848),(1.16256492438919,1.38848743991715,6.4171680237227),(1.24678548257799,1.17716862087915,6.66551558524448),(1.40719012068808,1.08050890884006,6.51941356982745),(-1.83459226654819,0.789351488893848,5.10451328761164),(0.208437449469874,0.275085890260363,7.95874357261356),(0.773532201333547,0.765804639132059,2.94295192070902),(0.581956717171527,0.945834563242871,2.96289782709372),(0.363717317678112,0.879906437088508,2.83161210930924),(0.612492295886463,1.13003176696715,3.14311527157354),(0.742497253090378,1.27961791384103,3.39947484366187),(0.409055156836433,1.35695408487851,3.30966623234459),(0.528307101055966,1.47544148327288,3.54147519586625),(0.49234467945263,1.6360583640648,3.82045637054718),(0.137181822377783,1.41408753796129,3.31445240510924),(-0.196395680687989,1.44422073551453,3.36687477327518),(-0.492103089884795,1.43517464051813,3.45821708766066),(0.00311570893311886,1.54213595607124,3.4989349436193),(0.0799786792296645,1.67629902478579,3.75407520328728),(1.96349816876087,0.363689449491656,5.09685607271358),(0.614830487466558,0.947798320566455,7.51923403803732),(-0.899095112588435,0.676525920865125,2.97648805710547),(-1.29032486364946,0.945213112591312,6.90093583348415),(-1.35518103157425,1.44347247292316,4.86140351542955),(0.365603703041293,1.96481679737888,5.14502268903642),(-1.30543599717176,1.32752682873158,4.24567626507144),(1.91142244819154,0.543553166606159,5.56056188328202),(1.79053722945711,0.876648811997868,5.46941178938119),(1.76633750829807,0.921467084047751,5.00810072488397),(1.06028252768108,1.15715192090452,6.95455661209881),(0.824739092885647,1.38708384820309,6.87448195123647),(1.60359820306115,1.19448156697333,5.19353135475921),(1.42151814987616,1.39886572957711,5.04392965238356),(1.22315377914535,1.58070163411869,5.15011425657796),(1.06035444984653,1.68371604437035,4.97243819840542),(1.06165216061805,1.64703185058258,4.69968938408035),(1.23548861054265,1.48577511582889,4.54078758463649),(1.43294537902267,1.30605004682794,4.57512734157056),(1.51637330143058,1.11871283231592,4.32855135493119),(1.13870486838185,1.48566460683819,4.28147680280645),(0.942297343938033,1.58631984394752,4.1887840607278),(0.819333012313479,1.56338297260415,3.95682211560246),(1.45285343461585,1.37281340647737,5.34325955639989),(1.42069048299892,1.3808370237333,5.62637762606697),(0.777750585336022,1.06500080440287,7.31747942458519),(0.554986888109363,1.18514113467248,7.32958467697356),(-1.36471149652578,1.16708150944057,4.03915398203462),(-1.41226058100869,0.969185971480495,3.83021771538213),(-1.44107569342511,1.21556347816736,6.1679670085317),(-0.202112940990579,0.926092008320663,7.67152450075444),(-0.956134553488011,1.40755843560233,6.69511516563621),(-0.735782419555157,1.52167114933539,6.72011945978688),(0.20607665507206,1.26409800408988,3.13786901727808),(0.211973951941395,1.08734583045254,2.96040984585875),(-0.00463844315054985,1.11705680175579,2.96892407182608),(-0.261081940386299,1.15564761743454,3.03445093088022),(-0.187698089935304,0.95773453602666,2.84964458279512),(-0.491750492656612,1.04633879121833,3.00602839874736),(-0.674387030727931,1.08929752827146,3.13829676138621),(-0.0739192703148214,0.80567028263318,2.73505345547581),(0.809100672745037,1.53271025271554,6.62235428013259),(-0.247029215943112,1.08266972224888,7.53713502388402),(-0.130554199504717,1.28810775516728,7.34602233207785),(0.0990425963314301,1.38961024898921,7.22310052773051),(0.0939516479726083,1.23590194632988,7.40823298489997),(0.256207392761293,1.09749682783134,7.52181396637463),(-1.09683115810331,0.809799681837955,3.23799116166292),(-1.68242241014421,0.98257179974338,4.6289511573728),(1.71411904334147,0.372280563586293,3.92885245457057),(0.844634994333916,1.19274073359458,7.12724579471359),(-1.61420089579544,0.701689172404603,3.9441207429562),(1.36384386971403,0.797448651934279,3.56372882178249),(1.20483090794901,0.957765661635511,3.49394281353011),(1.05294666265258,0.89324432724792,3.26056082969018),(-1.78896305805215,0.599869874225947,4.33816938403573),(0.0274026938159157,1.58191076018822,6.93223112701118),(-0.233305670286464,1.59768190982347,6.87283845895585),(-0.272717714297801,1.70352859660927,6.64114082921829),(-0.501434420426676,1.49357159642164,6.94399074125478),(0.278560482237608,1.67271719514577,6.70803254839092),(-0.730595746265075,1.72134908138483,6.22536572197108),(0.0656402988977799,1.79260204882976,6.4661323088531),(-0.678348943583812,1.85136454749307,5.71076252672146),(1.15000060108127,1.21997596271515,3.75058329352968),(0.956812967391492,1.36390007051935,3.72859773404124),(1.24907697310595,1.28688290394331,4.03272568876848),(-1.67597786014628,0.897190909422139,6.10443465232797),(0.661826257892699,1.798665748489,4.46397667139891),(1.65936538952027,1.03544998798849,5.8241342531214),(1.63865171062363,0.96500646314038,6.10159367861707),(-0.60666056782888,0.867342302827215,7.58332285360291),(0.315238584977119,1.91543577892452,5.91190279420223),(-0.983895818240513,0.83217519036097,7.35309091740206),(1.76169571085554,0.660076265562768,4.31669243191499),(-1.79671998869591,0.82889173616037,4.8497456198432),(-1.85989717336275,0.729291888973233,5.3798326608448),(1.87631477314326,0.650975279066325,4.92556392594237),(1.72939925301136,0.916787191115142,4.68527916386709),(0.906652213027484,1.09659275331135,3.31741996503991),(0.442854508745353,1.82699924883932,4.31141405321819),(-0.5898855630772,-1.91102983296261,5.25000000000355),(-1.34410900514607,-1.2948033799776,6.23852381995473),(-1.55968050593356,-1.20899509525302,4.80290805848268),(-0.249156540984614,-1.5480169234463,3.54280328755083),(1.10963544017878,-1.62922322177284,4.78505297835764),(0.506669330889895,-1.63800134060347,6.66580792678675),(1.73220326555775,-0.996974981307514,5.35209070308374),(-1.77587047676105,-0.80287029483377,5.86750106366919),(-0.641668443684459,-1.31589949181744,7.12357064866092),(-1.33895316022852,-1.05688351577905,3.814325061146),(0.817062098948598,-1.27241385803121,3.45018198601144),(1.50213299374648,-0.991557553548294,4.05097943265238),(1.37171351277274,-1.14475780217618,6.48591897237217),(-1.82848880650284,-0.642970060768485,4.57188910798829),(0.441820181526084,-1.07995492282361,7.48347251814476),(1.80599821978365,-0.717461264785743,4.59978379312012),(1.78577530055946,-0.686316184393261,6.05172837889025),(-1.90593181395453,-0.606155030133395,5.25000000000084),(-1.58512133524673,-0.709512155669455,6.61394376071888),(-0.818087266303439,-0.99195513700486,3.14361926987048),(-0.0686827976575767,-0.956984125849915,2.8370947529565),(1.93167189253967,-0.518308498456488,5.24999999999792),(1.09549276201994,-0.927343542290212,7.16511862032699),(-1.21954648051939,-0.868482006979329,7.07333782025797),(-0.341070331684033,-0.907975491655021,7.65497347887941),(1.23981697611988,-0.77850067664052,3.37636859103762),(-1.65976964213144,-0.640618962637293,3.99371939308443),(0.734300685239462,-0.814455678417627,2.95022691799561),(1.52953377654188,-0.614891282112102,6.80711397528414),(1.73359068163671,-0.522059399787211,4.0815595521702),(-1.78953993911075,-0.473419384474472,6.29121269456348),(-1.90604843427648,-0.414566949511958,5.85736041192489),(-0.890902911065731,-0.760804655217912,7.47880174448506),(-1.25714387951038,-0.668939689403122,3.3190627925787),(1.93040958255327,-0.403712243349696,4.79285588557041),(1.92938515807171,-0.409344200199606,5.70584980302325),(1.53605341022004,-0.548328013337088,3.65839588779273),(-1.93555482654207,-0.373838369285488,4.78600648510964),(0.241359725133194,-0.695450426780132,7.80694335530718),(1.74290227818685,-0.432367610018284,6.46074188076903),(-1.79716761303437,-0.402239068020809,4.17750678439651),(0.774328247734361,-0.657058613328199,7.61910933604553),(-1.45707255300262,-0.493715087395479,7.00719673556841),(-0.615770382547656,-0.690187576353954,2.81176094090083),(-1.45710892735705,-0.492280045057304,3.49209923818196),(-1.97145227506236,-0.316244835937881,5.40896053156887),(0.278082541540663,-0.621959145698084,2.66447458355321),(1.04385540891737,-0.585313200699505,3.04666199460319),(1.8461883916354,-0.35639595723394,4.31280828689493),(1.26817189106329,-0.512205817620391,7.25645682683372),(-1.0457135935231,-0.559000890723925,3.03543835029016),(1.84764244515118,-0.338628310704539,6.19420386197419),(-1.68546270987115,-0.376389606146952,6.63701063712701),(1.04713661530815,-0.531516557330824,7.47605453253995),(-1.88922279734213,-0.30571677577665,4.45134574638418),(-0.298598032414215,-0.575463030623478,2.6484936353915),(1.97768066909756,-0.27356986439424,5.41233562576655),(1.97768066909749,-0.273569864394076,5.08766437423128),(-1.16222317102007,-0.494661772333063,7.38215776430277),(-0.643913749315022,-0.569845004764042,7.73287529336143),(1.3661953767845,-0.427723015208567,3.3296397270778),(-0.108133811480548,-0.508200815201164,7.90557997502273),(-1.61643313136639,-0.356374734074172,3.7064799833817),(1.61583814884919,-0.334310645371793,6.80399545407799),(1.45432974401852,-0.351660933568181,7.07479626259714),(-1.85202674308404,-0.256787854285398,6.22620830445497),(0.656419025007141,-0.485625591819322,2.73962433205445),(1.68485435423728,-0.294973561389075,3.82486280937925),(0.507492231687776,-0.466927238212317,7.83135169674978),(-0.798450603789089,-0.426822477746747,2.79790840587802),(-1.53473934865057,-0.285319972489731,6.96911716553355),(-0.92569587996111,-0.389342161621827,7.62819350459745),(-1.26084146427798,-0.333187849858447,3.16504262746531),(1.15609733730816,-0.350464589511437,3.05834595960367),(-1.35719904779835,-0.301145641629941,7.22700044144014),(0.169519950458938,-0.3860071878191,7.9382081448405),(0.171357675236259,-0.381692102490378,2.56084739761608),(0.924404581944786,-0.365773595057904,2.86379620470811),(-0.51676935311326,-0.40253714909883,2.65168171337007),(1.1531067976479,-0.321617785193304,7.45296572945333),(1.44640086499893,-0.265961458776405,3.38628448279183),(-0.357406474299183,-0.393279921579526,7.90114531077132),(0.922781751120552,-0.343554998166462,7.6436233653419),(-0.178718115902616,-0.363791839813119,2.55706492833689),(0.431578593445061,-0.870867287262208,2.84656840263876),(0.447082943643798,-1.24750208841662,3.19031820916139),(0.330717122715314,-1.62439734668463,3.71149883803237),(-0.192948063490065,-1.89178999467972,4.39805277305601),(0.857361112394684,-1.60291582150026,4.10321967115103),(0.338874927132532,-1.97108001761369,5.25372722023132),(1.61389442979482,-0.85828241733115,6.36595127197379),(1.45262029433134,-1.3086458676713,5.82903709262064),(0.933977680262401,-1.65354747209215,6.11249493193648),(0.663432971251022,-0.346078603405113,7.80027707270329),(-0.919833304901185,-0.312412190737528,2.84618485843905),(1.38190832413561,-0.686572668573216,6.99952060348333),(0.521366910971865,-0.34745101235542,2.63842129008567),(-1.03642403018437,-0.291702898944489,7.56749087261167),(-0.0132655068700898,-0.624953651840663,2.63776887721913),(0.367085526780449,-0.343001279762465,7.91182326760973),(-1.33420025831436,-0.613827176869513,7.11672436195769),(-1.38992594048248,-0.912345048941021,6.77849813639307),(-1.03598848381342,-1.36392085496726,6.66994816860596),(-0.301756247967125,-1.79696447198179,6.38373886600797),(-0.84769606302437,-1.71639457816143,6.04631500374103),(-1.27082522182879,-1.53669303579277,5.46113199686773),(-0.521831841983615,-0.338050079390577,7.86373491857927),(-0.402559833764851,-0.646674662538116,7.79273060897853),(-0.119561535528745,-0.781564013534987,7.77598492723711),(0.0342980516587716,-1.1016017773258,7.54476631881268),(0.140958777846389,-1.47140880775343,7.10247088351383),(-0.662903763642269,-0.324434320477085,2.69408951645497),(-0.313312535002842,-1.24631735410536,7.35717496492704),(-0.79385321309117,-0.306085010830823,7.73875343453854),(0.793400581534901,-0.301215493870644,2.75985080153269),(0.370128977623285,-0.322606958435182,2.58415572670501),(-0.972779741880804,-1.648854900294,4.4541884244773),(-1.23035314104176E-09,-0.238448875032938,7.98038515544699),(-1.23009454517521E-09,-0.238448875033706,2.51961484455313),(0.314701752688044,-1.89734112206529,6.00444719288352),(-0.265915920050246,-1.51538980709302,7.00703397617047),(0.037527465169323,-1.70143736438347,6.69453719187245),(-0.584432831261042,-1.58510649233929,6.72187675963936),(-1.02715769121709,-1.16910809554866,3.52267306432274),(1.42046853763899,-0.903093886323999,6.73518495530386),(1.16028482146679,-1.17593761891368,6.80010126579075),(0.803943195354028,-1.33216753833336,6.97780389694473),(1.10477533024355,-1.42460455497594,6.44076375915101),(0.796469513314895,-1.60615385006177,6.46895601489102),(1.23512078429333,-1.45178477789333,6.08275249955481),(1.06801373432019,-1.68385221921302,5.46296245362068),(0.50952380431123,-1.77358343335603,6.31043374844327),(0.159486656406675,-1.82512567831424,6.35298679756896),(-0.0937787872546752,-1.91976461516895,6.01025111733475),(0.646956653546284,-1.81811551132231,5.97223905524001),(0.458929507092861,-1.92610982511106,5.63765405294122),(0.0548147827696051,-1.98416568112897,5.58703460087151),(-0.128414524070344,-1.99140622136501,5.06649559126963),(0.727810112154083,-1.8624156698122,5.30669792924955),(0.593914992983704,-1.86267378382564,4.67035740948756),(-0.363806395314322,-1.94496146313986,5.65033477102646),(0.893048198586321,-1.75100484485579,5.75790748332449),(-0.401682938997428,-1.14594010847169,3.06488657973855),(-1.03843110819788,-1.43346742626251,3.96982259203116),(-0.608284549052867,-1.71229049444462,4.10119497158326),(-1.33599717517459,-1.32137200262387,4.30826293303041),(1.14950493812651,-1.59052994845321,5.7804950299579),(1.33720632410607,-1.47573323208047,5.50387532665511),(1.23391831412267,-1.57198368826316,5.14075127097596),(1.52689819612291,-1.22859751908009,4.70149729078252),(1.52261576461093,-1.29523972212914,5.16308851801711),(0.965630629568392,-1.74768674937463,5.09233292050245),(1.55271692131393,-1.24594263782412,5.51340171813912),(1.67095688833669,-1.01380476150424,5.83352994952395),(1.82761349965392,-0.756612889663922,5.65641853350982),(0.713342321166272,-1.85746650016306,4.97171639448722),(0.432235145022071,-1.93961303846455,4.93925596115041),(0.19763922270708,-1.92496780323293,4.55506339099927),(0.133453977053639,-1.80933960673534,4.09264507493655),(0.863748460928863,-1.75952530775019,4.70343224626332),(1.04868976038483,-1.58746896518401,4.40217889014657),(1.20679274604457,-1.30539553615071,3.99009644939252),(0.751069580387554,-1.74624389987783,4.39514498639508),(0.506300795455094,-1.7422112767107,4.09274378923506),(0.68223499745829,-1.54095117260663,3.76906378894271),(1.30693679063903,-1.42215827101925,4.53634708003765),(0.154173724669213,-1.98614725157185,5.0061571817389),(-0.0350296727289752,-1.96676436944992,4.75307333149172),(-0.462735116734473,-1.91357752357637,4.76562266075575),(-0.847975058937898,-1.79237501929768,4.89057465909868),(-1.23695198219418,-1.54216737352528,4.8336914478234),(-0.954989560882594,-1.75646844703722,5.3229337791813),(-0.726710793597352,-1.8412959561027,5.64258748160413),(-1.03917036651115,-1.67636325299272,5.7058932577759),(-1.30138976596567,-1.45240986406479,5.86011937767159),(-1.58602195307796,-1.19306663643829,5.58995151791482),(-1.52429694203,-1.18374746615009,5.97139787302424),(-1.54073662272587,-1.00637341667735,6.32684817782302),(0.988532120224565,-1.346114025962,3.7370117810505),(1.22296578679902,-1.08151225723072,3.66148164289392),(1.05826119442651,-1.05992001970431,3.42759178754662),(0.887102360439723,-0.969312562519928,3.17676509732283),(1.39225517835028,-0.793261394338397,3.60438182534787),(0.0549948254878025,-1.99907170677752,5.28606277514516),(-0.221118453813589,-1.9857432123019,5.37244854951309),(0.487129002978592,-1.83547584790534,4.38721215589553),(-0.373026631615191,-0.298648178552982,2.57964507244387),(0.441819296840846,-0.813811470705043,7.6874785207055),(-0.825197398836082,-0.583369119348774,7.6231120672181),(0.0197399640351231,-1.27381404432229,3.13008703808104),(-0.242746945487671,-1.76021489430075,3.98775490811683),(1.47897378430359,-1.18161980264494,4.36271346169077),(1.66597285340635,-0.87002814529453,4.30977194545748),(-1.11818501249298,-1.53157937763617,6.12388458752534),(-0.922418451053611,-1.57267553305951,6.38037701214501),(-0.623695738908793,-1.73705465125234,6.3094147590134),(-0.544569816191137,-1.85368137475019,5.9609016965703),(-1.03442512641431,-0.605129317909875,7.45162497920674),(-0.993585188182186,-0.983654315583394,7.21640031216766),(0.808144397289108,-1.02728522117261,7.33147375901653),(0.526647004410423,-1.31252625994309,7.19450366302989),(-0.74386745519505,-1.48213075916837,3.71273424426036),(1.69839987273227,-1.03367138722945,4.95202974145203),(-1.54751441421706,-0.648910113904699,3.75376571110286),(-1.51743594357384,-0.957546102113585,4.03524868828052),(-1.66726279432443,-0.903664327783547,4.37644143334832),(-1.68418816662691,-0.742091301539571,6.32638063281215),(1.77071638179404,-0.267762469722301,4.02565784652539),(0.498603593437758,-0.631133095767656,2.73218558903337),(-1.16256470436867,-1.38848773770944,6.41716776828566),(-1.24678555689813,-1.17716876988577,6.66551522720208),(-1.4071901457589,-1.08050868371707,6.51941387956841),(1.83459225402518,-0.789351552316859,5.1045136396309),(-0.208437447706842,-0.27508589423813,7.95874357210631),(-0.773532192756243,-0.765804654691551,2.94295192503656),(-0.581956702651292,-0.94583458026008,2.9628978334137),(-0.363717303341623,-0.879906452002205,2.83161211549166),(-0.612492276213202,-1.13003178553345,3.14311527958763),(-0.742497229925447,-1.27961793275927,3.39947485082196),(-0.409055127322967,-1.35695410207775,3.30966624332193),(-0.528307081769677,-1.4754415016587,3.54147521460969),(-0.492344735557808,-1.63605832599277,3.82045632470144),(-0.137181787193942,-1.41408755135502,3.314452418895),(0.196395738304371,-1.44422074560512,3.36687479926694),(0.492103171194052,-1.43517460852075,3.45821708142539),(-0.00311566074104678,-1.5421359672074,3.49893496199938),(-0.0799786740458525,-1.6762989313388,3.75407500478736),(-1.96349816726899,-0.363689457586297,5.0968560728941),(-0.614830473522599,-0.947798337773585,7.51923403159227),(0.899095126252796,-0.676525894557419,2.97648805252152),(1.29032488287421,-0.945213050832847,6.90093587192653),(1.35518106271143,-1.44347240793771,4.86140326434213),(-0.365603540267735,-1.96481683661179,5.14502300555785),(1.30543582101797,-1.3275270019155,4.24567626497513),(-1.91142244511232,-0.543553177602977,5.56056188272397),(-1.79053722144045,-0.876648828373568,5.46941178936739),(-1.76633749789179,-0.92146710370367,5.00810072278371),(-1.06028251280247,-1.1571519380684,6.95455660756715),(-0.824739067288746,-1.38708386452325,6.87448194945968),(-1.6035982982386,-1.19448142834209,5.19353092064471),(-1.42151803756174,-1.39886584648495,5.04392968799404),(-1.22315324373128,-1.58070203881866,5.15011396918493),(-1.0603548076138,-1.68371572561815,4.97243712676077),(-1.06165261010143,-1.64703143584757,4.69968867674513),(-1.23548890511183,-1.48577482771207,4.54078741365186),(-1.43294558588621,-1.30604975675496,4.57512711065903),(-1.51637327936319,-1.11871266098493,4.32855089300511),(-1.13870484666337,-1.48566463366154,4.2814768323209),(-0.942297347784149,-1.58631983926336,4.18878405394647),(-0.819332983165548,-1.56338299590198,3.95682213393822),(-1.45285359926568,-1.37281322543019,5.34325974558246),(-1.42069049889266,-1.38083692396615,5.62637820465069),(-0.77775056964895,-1.06500082102688,7.31747941955204),(-0.554986867963865,-1.18514115120981,7.32958466931992),(1.36471153765519,-1.16708155308201,4.03915414920352),(1.41226048004202,-0.969186069655297,3.83021765220745),(1.44107568284978,-1.21556343859091,6.1679671390009),(0.202112961802184,-0.926092012877842,7.67152449417526),(0.956134554538124,-1.40755840224566,6.6951152257486),(0.735782449566919,-1.52167116790843,6.72011939504249),(-0.206076627373947,-1.26409801946282,3.13786902956367),(-0.211973929503098,-1.08734584584743,2.96040985575389),(0.00463846810077631,-1.11705681415568,2.96892408340245),(0.261081954725596,-1.15564763128173,3.03445094773052),(0.187698118024902,-0.957734544012888,2.8496445929723),(0.491750489590314,-1.04633878824603,3.00602839485663),(0.674387111915531,-1.08929746450524,3.13829674821756),(0.0739192866379003,-0.805670297247701,2.73505346523441),(-0.809100748684085,-1.53271029968974,6.62235409629862),(0.247029240433665,-1.08266972678918,7.53713501481953),(0.130554243792997,-1.2881077545782,7.34602232754688),(-0.0990425533493016,-1.3896102620493,7.2231005144198),(-0.0939516232647172,-1.2359019596635,7.40823297249773),(-0.256207372974776,-1.0974968422484,7.5218139574257),(1.09683113038835,-0.809799748482145,3.23799118381078),(1.68242232922569,-0.982571855376828,4.62895090934215),(-1.7141190420194,-0.372280570649422,3.92885245509044),(-0.84463497417317,-1.19274075106709,7.12724579087471),(1.6142008995204,-0.701689123223834,3.94412070169914),(-1.36384386274584,-0.797448666984475,3.56372882458348),(-1.20483089724803,-0.957765678584544,3.49394281712642),(-1.05294665319443,-0.893244343042976,3.26056083363398),(1.78896306169486,-0.599869851333371,4.33816936907402),(-0.0274026036223957,-1.58191077584813,6.93223110194749),(0.233305798660703,-1.59768189413151,6.87283845327097),(0.272717813685838,-1.70352856223692,6.64114087195947),(0.501434569384263,-1.49357152564799,6.94399077586773),(-0.278560398601731,-1.67271719553942,6.70803257774705),(0.730595795030888,-1.72134907055591,6.22536568904246),(-0.0656402372008945,-1.79260205449784,6.46613229935312),(0.678349031715458,-1.85136450096573,5.71076263486292),(-1.15000058476436,-1.2199759780471,3.75058329345422),(-0.956812960242679,-1.36390007341301,3.72859773044563),(-1.2490769631861,-1.28688292826915,4.03272571814479),(1.67597788095382,-0.897190762847757,6.10443486614803),(-0.661826233827952,-1.79866571740835,4.46397649862505),(-1.65936560493813,-1.03544994509527,5.82413322226874),(-1.63865298881741,-0.96500403484054,6.10159423099353),(0.606660592005159,-0.867342296057277,7.58332284647662),(-0.315238393555819,-1.91543585327798,5.91190255976472),(0.983895848715089,-0.832175140982123,7.35309092738791),(-1.7616957063766,-0.660076277688129,4.31669243214417),(1.79672022711048,-0.82889126291396,4.84974579033691),(1.85989720414025,-0.729291785754816,5.37983292344672),(-1.87631476808088,-0.650975293709852,4.92556392614022),(-1.72939924154375,-0.916787212396742,4.68527916279118),(-0.906652197619184,-1.09659277195858,3.31741997137771),(-0.442854400541368,-1.82699926067539,4.31141400025307)));
#9548=IFCPOLYGONALFACESET(#9547,.T.,(#8133,#8134,#8135,#8136,#8137,#8138,#8139,#8140,#8141,#8142,#8143,#8144,#8145,#8146,#8147,#8148,#8149,#8150,#8151,#8152,#8153,#8154,#8155,#8156,#8157,#8158,#8159,#8160,#8161,#8162,#8163,#8164,#8165,#8166,#8167,#8168,#8169,#8170,#8171,#8172,#8173,#8174,#8175,#8176,#8177,#8178,#8179,#8180,#8181,#8182,#8183,#8184,#8185,#8186,#8187,#8188,#8189,#8190,#8191,#8192,#8193,#8194,#8195,#8196,#8197,#8198,#8199,#8200,#8201,#8202,#8203,#8204,#8205,#8206,#8207,#8208,#8209,#8210,#8211,#8212,#8213,#8214,#8215,#8216,#8217,#8218,#8219,#8220,#8221,#8222,#8223,#8224,#8225,#8226,#8227,#8228,#8229,#8230,#8231,#8232,#8233,#8234,#8235,#8236,#8237,#8238,#8239,#8240,#8241,#8242,#8243,#8244,#8245,#8246,#8247,#8248,#8249,#8250,#8251,#8252,#8253,#8254,#8255,#8256,#8257,#8258,#8259,#8260,#8261,#8262,#8263,#8264,#8265,#8266,#8267,#8268,#8269,#8270,#8271,#8272,#8273,#8274,#8275,#8276,#8277,#8278,#8279,#8280,#8281,#8282,#8283,#8284,#8285,#8286,#8287,#8288,#8289,#8290,#8291,#8292,#8293,#8294,#8295,#8296,#8297,#8298,#8299,#8300,#8301,#8302,#8303,#8304,#8305,#8306,#8307,#8308,#8309,#8310,#8311,#8312,#8313,#8314,#8315,#8316,#8317,#8318,#8319,#8320,#8321,#8322,#8323,#8324,#8325,#8326,#8327,#8328,#8329,#8330,#8331,#8332,#8333,#8334,#8335,#8336,#8337,#8338,#8339,#8340,#8341,#8342,#8343,#8344,#8345,#8346,#8347,#8348,#8349,#8350,#8351,#8352,#8353,#8354,#8355,#8356,#8357,#8358,#8359,#8360,#8361,#8362,#8363,#8364,#8365,#8366,#8367,#8368,#8369,#8370,#8371,#8372,#8373,#8374,#8375,#8376,#8377,#8378,#8379,#8380,#8381,#8382,#8383,#8384,#8385,#8386,#8387,#8388,#8389,#8390,#8391,#8392,#8393,#8394,#8395,#8396,#8397,#8398,#8399,#8400,#8401,#8402,#8403,#8404,#8405,#8406,#8407,#8408,#8409,#8410,#8411,#8412,#8413,#8414,#8415,#8416,#8417,#8418,#8419,#8420,#8421,#8422,#8423,#8424,#8425,#8426,#8427,#8428,#8429,#8430,#8431,#8432,#8433,#8434,#8435,#8436,#8437,#8438,#8439,#8440,#8441,#8442,#8443,#8444,#8445,#8446,#8447,#8448,#8449,#8450,#8451,#8452,#8453,#8454,#8455,#8456,#8457,#8458,#8459,#8460,#8461,#8462,#8463,#8464,#8465,#8466,#8467,#8468,#8469,#8470,#8471,#8472,#8473,#8474,#8475,#8476,#8477,#8478,#8479,#8480,#8481,#8482,#8483,#8484,#8485,#8486,#8487,#8488,#8489,#8490,#8491,#8492,#8493,#8494,#8495,#8496,#8497,#8498,#8499,#8500,#8501,#8502,#8503,#8504,#8505,#8506,#8507,#8508,#8509,#8510,#8511,#8512,#8513,#8514,#8515,#8516,#8517,#8518,#8519,#8520,#8521,#8522,#8523,#8524,#8525,#8526,#8527,#8528,#8529,#8530,#8531,#8532,#8533,#8534,#8535,#8536,#8537,#8538,#8539,#8540,#8541,#8542,#8543,#8544,#8545,#8546,#8547,#8548,#8549,#8550,#8551,#8552,#8553,#8554,#8555,#8556,#8557,#8558,#8559,#8560,#8561,#8562,#8563,#8564,#8565,#8566,#8567,#8568,#8569,#8570,#8571,#8572,#8573,#8574,#8575,#8576,#8577,#8578,#8579,#8580,#8581,#8582,#8583,#8584,#8585,#8586,#8587,#8588,#8589,#8590,#8591,#8592,#8593,#8594,#8595,#8596,#8597,#8598,#8599,#8600,#8601,#8602,#8603,#8604,#8605,#8606,#8607,#8608,#8609,#8610,#8611,#8612,#8613,#8614,#8615,#8616,#8617,#8618,#8619,#8620,#8621,#8622,#8623,#8624,#8625,#8626,#8627,#8628,#8629,#8630,#8631,#8632,#8633,#8634,#8635,#8636,#8637,#8638,#8639,#8640,#8641,#8642,#8643,#8644,#8645,#8646,#8647,#8648,#8649,#8650,#8651,#8652,#8653,#8654,#8655,#8656,#8657,#8658,#8659,#8660,#8661,#8662,#8663,#8664,#8665,#8666,#8667,#8668,#8669,#8670,#8671,#8672,#8673,#8674,#8675,#8676,#8677,#8678,#8679,#8680,#8681,#8682,#8683,#8684,#8685,#8686,#8687,#8688,#8689,#8690,#8691,#8692,#8693,#8694,#8695,#8696,#8697,#8698,#8699,#8700,#8701,#8702,#8703,#8704,#8705,#8706,#8707,#8708,#8709,#8710,#8711,#8712,#8713,#8714,#8715,#8716,#8717,#8718,#8719,#8720,#8721,#8722,#8723,#8724,#8725,#8726,#8727,#8728,#8729,#8730,#8731,#8732,#8733,#8734,#8735,#8736,#8737,#8738,#8739,#8740,#8741,#8742,#8743,#8744,#8745,#8746,#8747,#8748,#8749,#8750,#8751,#8752,#8753,#8754,#8755,#8756,#8757,#8758,#8759,#8760,#8761,#8762,#8763,#8764,#8765,#8766,#8767,#8768,#8769,#8770,#8771,#8772,#8773,#8774,#8775,#8776,#8777,#8778,#8779,#8780,#8781,#8782,#8783,#8784,#8785,#8786,#8787,#8788,#8789,#8790,#8791,#8792,#8793,#8794,#8795,#8796,#8797,#8798,#8799,#8800,#8801,#8802,#8803,#8804,#8805,#8806,#8807,#8808,#8809,#8810,#8811,#8812,#8813,#8814,#8815,#8816,#8817,#8818,#8819,#8820,#8821,#8822,#8823,#8824,#8825,#8826,#8827,#8828,#8829,#8830,#8831,#8832,#8833,#8834,#8835,#8836,#8837,#8838,#8839,#8840,#8841,#8842,#8843,#8844,#8845,#8846,#8847,#8848,#8849,#8850,#8851,#8852,#8853,#8854,#8855,#8856,#8857,#8858,#8859,#8860,#8861,#8862,#8863,#8864,#8865,#8866,#8867,#8868,#8869,#8870,#8871,#8872,#8873,#8874,#8875,#8876,#8877,#8878,#8879,#8880,#8881,#8882,#8883,#8884,#8885,#8886,#8887,#8888,#8889,#8890,#8891,#8892,#8893,#8894,#8895,#8896,#8897,#8898,#8899,#8900,#8901,#8902,#8903,#8904,#8905,#8906,#8907,#8908,#8909,#8910,#8911,#8912,#8913,#8914,#8915,#8916,#8917,#8918,#8919,#8920,#8921,#8922,#8923,#8924,#8925,#8926,#8927,#8928,#8929,#8930,#8931,#8932,#8933,#8934,#8935,#8936,#8937,#8938,#8939,#8940,#8941,#8942,#8943,#8944,#8945,#8946,#8947,#8948,#8949,#8950,#8951,#8952,#8953,#8954,#8955,#8956,#8957,#8958,#8959,#8960,#8961,#8962,#8963,#8964,#8965,#8966,#8967,#8968,#8969,#8970,#8971,#8972,#8973,#8974,#8975,#8976,#8977,#8978,#8979,#8980,#8981,#8982,#8983,#8984,#8985,#8986,#8987,#8988,#8989,#8990,#8991,#8992,#8993,#8994,#8995,#8996,#8997,#8998,#8999,#9000,#9001,#9002,#9003,#9004,#9005,#9006,#9007,#9008,#9009,#9010,#9011,#9012,#9013,#9014,#9015,#9016,#9017,#9018,#9019,#9020,#9021,#9022,#9023,#9024,#9025,#9026,#9027,#9028,#9029,#9030,#9031,#9032,#9033,#9034,#9035,#9036,#9037,#9038,#9039,#9040,#9041,#9042,#9043,#9044,#9045,#9046,#9047,#9048,#9049,#9050,#9051,#9052,#9053,#9054,#9055,#9056,#9057,#9058,#9059,#9060,#9061,#9062,#9063,#9064,#9065,#9066,#9067,#9068,#9069,#9070,#9071,#9072,#9073,#9074,#9075,#9076,#9077,#9078,#9079,#9080,#9081,#9082,#9083,#9084,#9085,#9086,#9087,#9088,#9089,#9090,#9091,#9092,#9093,#9094,#9095,#9096,#9097,#9098,#9099,#9100,#9101,#9102,#9103,#9104,#9105,#9106,#9107,#9108,#9109,#9110,#9111,#9112,#9113,#9114,#9115,#9116,#9117,#9118,#9119,#9120,#9121,#9122,#9123,#9124,#9125,#9126,#9127,#9128,#9129,#9130,#9131,#9132,#9133,#9134,#9135,#9136,#9137,#9138,#9139,#9140,#9141,#9142,#9143,#9144,#9145,#9146,#9147,#9148,#9149,#9150,#9151,#9152,#9153,#9154,#9155,#9156,#9157,#9158,#9159,#9160,#9161,#9162,#9163,#9164,#9165,#9166,#9167,#9168,#9169,#9170,#9171,#9172,#9173,#9174,#9175,#9176,#9177,#9178,#9179,#9180,#9181,#9182,#9183,#9184,#9185,#9186,#9187,#9188,#9189,#9190,#9191,#9192,#9193,#9194,#9195,#9196,#9197,#9198,#9199,#9200,#9201,#9202,#9203,#9204,#9205,#9206,#9207,#9208,#9209,#9210,#9211,#9212,#9213,#9214,#9215,#9216,#9217,#9218,#9219,#9220,#9221,#9222,#9223,#9224,#9225,#9226,#9227,#9228,#9229,#9230,#9231,#9232,#9233,#9234,#9235,#9236,#9237,#9238,#9239,#9240,#9241,#9242,#9243,#9244,#9245,#9246,#9247,#9248,#9249,#9250,#9251,#9252,#9253,#9254,#9255,#9256,#9257,#9258,#9259,#9260,#9261,#9262,#9263,#9264,#9265,#9266,#9267,#9268,#9269,#9270,#9271,#9272,#9273,#9274,#9275,#9276,#9277,#9278,#9279,#9280,#9281,#9282,#9283,#9284,#9285,#9286,#9287,#9288,#9289,#9290,#9291,#9292,#9293,#9294,#9295,#9296,#9297,#9298,#9299,#9300,#9301,#9302,#9303,#9304,#9305,#9306,#9307,#9308,#9309,#9310,#9311,#9312,#9313,#9314,#9315,#9316,#9317,#9318,#9319,#9320,#9321,#9322,#9323,#9324,#9325,#9326,#9327,#9328,#9329,#9330,#9331,#9332,#9333,#9334,#9335,#9336,#9337,#9338,#9339,#9340,#9341,#9342,#9343,#9344,#9345,#9346,#9347,#9348,#9349,#9350,#9351,#9352,#9353,#9354,#9355,#9356,#9357,#9358,#9359,#9360,#9361,#9362,#9363,#9364,#9365,#9366,#9367,#9368,#9369,#9370,#9371,#9372,#9373,#9374,#9375,#9376,#9377,#9378,#9379,#9380,#9381,#9382,#9383,#9384,#9385,#9386,#9387,#9388,#9389,#9390,#9391,#9392,#9393,#9394,#9395,#9396,#9397,#9398,#9399,#9400,#9401,#9402,#9403,#9404,#9405,#9406,#9407,#9408,#9409,#9410,#9411,#9412,#9413,#9414,#9415,#9416,#9417,#9418,#9419,#9420,#9421,#9422,#9423,#9424,#9425,#9426,#9427,#9428,#9429,#9430,#9431,#9432,#9433,#9434,#9435,#9436,#9437,#9438,#9439,#9440,#9441,#9442,#9443,#9444,#9445,#9446,#9447,#9448,#9449,#9450,#9451,#9452,#9453,#9454,#9455,#9456,#9457,#9458,#9459,#9460,#9461,#9462,#9463,#9464,#9465,#9466,#9467,#9468,#9469,#9470,#9471,#9472,#9473,#9474,#9475,#9476,#9477,#9478,#9479,#9480,#9481,#9482,#9483,#9484,#9485,#9486,#9487,#9488,#9489,#9490,#9491,#9492,#9493,#9494,#9495,#9496,#9497,#9498,#9499,#9500,#9501,#9502,#9503,#9504,#9505,#9506,#9507,#9508,#9509,#9510,#9511,#9512,#9513,#9514,#9515,#9516,#9517,#9518,#9519,#9520,#9521,#9522,#9523,#9524,#9525,#9526,#9527,#9528,#9529,#9530,#9531,#9532,#9533,#9534,#9535,#9536,#9537,#9538,#9539,#9540,#9541,#9542,#9543,#9544,#9545,#9546),$);
#9549=IFCINDEXEDCOLOURMAP(#9548,1.,#8132,(1,1,1,1,1,1,1,1,1,1,1,1,1,1,1,1,1,1,1,1,1,1,1,1,1,1,1,1,1,1,1,1,1,1,1,1,1,1,1,1,1,1,1,1,1,1,1,1,1,1,1,1,1,1,1,1,1,1,1,1,1,1,1,1,1,1,1,1,1,1,1,1,1,1,1,1,1,1,1,1,1,1,1,1,1,1,1,1,1,1,1,1,1,1,1,1,1,1,1,1,1,1,1,1,1,1,1,1,1,1,1,1,1,1,1,1,1,1,1,1,1,1,1,1,1,1,1,1,1,1,1,1,1,1,1,1,1,1,1,1,1,1,1,1,1,1,1,1,1,1,1,1,1,1,1,1,1,1,1,1,1,1,1,1,1,1,1,1,1,1,1,1,1,1,1,1,1,1,1,1,1,1,1,1,1,1,1,1,1,1,1,1,1,1,1,1,1,1,1,1,1,1,1,1,1,1,1,1,1,1,1,1,1,1,1,1,1,1,1,1,1,1,1,1,1,1,1,1,1,1,1,1,1,1,1,1,1,1,1,1,1,1,1,1,1,1,1,1,1,1,1,1,1,1,1,1,1,1,1,1,1,1,1,1,1,1,1,1,1,1,1,1,1,1,1,1,1,1,1,1,1,1,1,1,1,1,1,1,1,1,1,1,1,1,1,1,1,1,1,1,1,1,1,1,1,1,1,1,1,1,1,1,1,1,1,1,1,1,1,1,1,1,1,1,1,1,1,1,1,1,1,1,1,1,1,1,1,1,1,1,1,1,1,1,1,1,1,1,1,1,1,1,1,1,1,1,1,1,1,1,1,1,1,1,1,1,1,1,1,1,1,1,1,1,1,1,1,1,1,1,1,1,1,1,1,1,1,1,1,1,1,1,1,1,1,1,1,1,1,1,1,1,1,1,1,1,1,1,1,1,1,1,1,1,1,1,1,1,1,1,1,1,1,1,1,1,1,1,1,1,1,1,1,1,1,1,1,1,1,1,1,1,1,1,1,1,1,1,1,1,1,1,1,1,1,1,1,1,1,1,1,1,1,1,1,1,1,1,1,1,1,1,1,1,1,1,1,1,1,1,1,1,1,1,1,1,1,1,1,1,1,1,1,1,1,1,1,1,1,1,1,1,1,1,1,1,1,1,1,1,1,1,1,1,1,1,1,1,1,1,1,1,1,1,1,1,1,1,1,1,1,1,1,1,1,1,1,1,1,1,1,1,1,1,1,1,1,1,1,1,1,1,1,1,1,1,1,1,1,1,1,1,1,1,1,1,1,1,1,1,1,1,1,1,1,1,1,1,1,1,1,1,1,1,1,1,1,1,1,1,1,1,1,1,1,1,1,1,1,1,1,1,1,1,1,1,1,1,1,1,1,1,1,1,1,1,1,1,1,1,1,1,1,1,1,1,1,1,1,1,1,1,1,1,1,1,1,1,1,1,1,1,1,1,1,1,1,1,1,1,1,1,1,1,1,1,1,1,1,1,1,1,1,1,1,1,1,1,1,1,1,1,1,1,1,1,1,1,1,1,1,1,1,1,1,1,1,1,1,1,1,1,1,1,1,1,1,1,1,1,1,1,1,1,1,1,1,1,1,1,1,1,1,1,1,1,1,1,1,1,1,1,1,1,1,1,1,1,1,1,1,1,1,1,1,1,1,1,1,1,1,1,1,1,1,1,1,1,1,1,1,1,1,1,1,1,1,1,1,1,1,1,1,1,1,1,1,1,1,1,1,1,1,1,1,1,1,1,1,1,1,1,1,1,1,1,1,1,1,1,1,1,1,1,1,1,1,1,1,1,1,1,1,1,1,1,1,1,1,1,1,1,1,1,1,1,1,1,1,1,1,1,1,1,1,1,1,1,1,1,1,1,1,1,1,1,1,1,1,1,1,1,1,1,1,1,1,1,1,1,1,1,1,1,1,1,1,1,1,1,1,1,1,1,1,1,1,1,1,1,1,1,1,1,1,1,1,1,1,1,1,1,1,1,1,1,1,1,1,1,1,1,1,1,1,1,1,1,1,1,1,1,1,1,1,1,1,1,1,1,1,1,1,1,1,1,1,1,1,1,1,1,1,1,1,1,1,1,1,1,1,1,1,1,1,1,1,1,1,1,1,1,1,1,1,1,1,1,1,1,1,1,1,1,1,1,1,1,1,1,1,1,1,1,1,1,1,1,1,1,1,1,1,1,1,1,1,1,1,1,1,1,1,1,1,1,1,1,1,1,1,1,1,1,1,1,1,1,1,1,1,1,1,1,1,1,1,1,1,1,1,1,1,1,1,1,1,1,1,1,1,1,1,1,1,1,1,1,1,1,1,1,1,1,1,1,1,1,1,1,1,1,1,1,1,1,1,1,1,1,1,1,1,1,1,1,1,1,1,1,1,1,1,1,1,1,1,1,1,1,1,1,1,1,1,1,1,1,1,1,1,1,1,1,1,1,1,1,1,1,1,1,1,1,1,1,1,1,1,1,1,1,1,1,1,1,1,1,1,1,1,1,1,1,1,1,1,1,1,1,1,1,1,1,1,1,1,1,1,1,1,1,1,1,1,1,1,1,1,1,1,1,1,1,1,1,1,1,1,1,1,1,1,1,1,1,1,1,1,1,1,1,1,1,1,1,1,1,1,1,1,1,1,1,1,1,1,1,1,1,1,1,1,1,1,1,1,1,1,1,1,1,1,1,1,1,1,1,1,1,1,1,1,1,1,1,1,1,1,1,1,1,1,1,1,1,1,1,1,1,1,1,1,1,1,1,1,1,1,1,1,1,1,1,1,1,1,1,1,1,1,1,1,1,1,1,1,1,1,1,1,1,1,1,1,1,1,1,1,1,1,1,1,1,1,1,1,1,1,1,1,1,1,1,1,1,1,1,1,1,1,1,1,1,1,1,1,1,1,1,1,1,1,1,1,1,1,1,1,1,1,1,1,1,1,1,1,1,1,1,1,1,1,1,1,1,1,1,1,1,1,1,1,1,1,1,1,1,1,1,1,1,1,1,1,1,1,1,1,1,1,1,1,1,1,1,1,1,1,1,1,1,1,1,1,1,1,1,1,1,1,1,1,1,1,1,1,1,1,1,1,1,1,1,1,1,1,1,1,1,1,1,1,1,1,1,1,1,1,1,1,1,1,1,1,1,1,1,1,1,1,1,1,1,1,1,1,1,1,1,1,1,1,1));
#9550=IFCCOLOURRGB($,0.,0.309803921568627,0.);
#9551=IFCSURFACESTYLERENDERING(#9550,0.,$,$,$,$,IFCNORMALISEDRATIOMEASURE(0.5),IFCSPECULAREXPONENT(64.),.NOTDEFINED.);
#9552=IFCSURFACESTYLE('ntb_boom_ntb',.BOTH.,(#9551));
#9553=IFCSTYLEDITEM(#9548,(#9552),$);
#9554=IFCSHAPEREPRESENTATION(#24,'Body','Tessellation',(#8126,#9548));
#9555=IFCAXIS2PLACEMENT3D(#3,$,$);
#9556=IFCREPRESENTATIONMAP(#9555,#9554);
#9557=IFCGEOGRAPHICELEMENTTYPE('0l6LgP6Of3pBreuHFd6vbT',#18,'Boom:Boom',$,$,$,(#9556),'1433678',$,.USERDEFINED.);
#9558=IFCMATERIAL('ntb_stam_ntb',$,'Miscellaneous');
#9559=IFCMATERIAL('ntb_boom_ntb',$,'Miscellaneous');
#9560=IFCMATERIALCONSTITUENT('Stam',$,#9558,$,'Miscellaneous');
#9561=IFCSHAPEREPRESENTATION(#24,'Body','Tessellation',(#8126));
#9562=IFCSHAPEASPECT((#9561),'Stam',$,.F.,#9556);
#9563=IFCMATERIALCONSTITUENT('Kroon',$,#9559,$,'Miscellaneous');
#9564=IFCSHAPEREPRESENTATION(#24,'Body','Tessellation',(#9548));
#9565=IFCSHAPEASPECT((#9564),'Kroon',$,.F.,#9556);
#9566=IFCMATERIALCONSTITUENTSET($,$,(#9560,#9563));
#9567=IFCMAPPEDITEM(#9556,#191);
#9568=IFCSHAPEREPRESENTATION(#24,'Body','MappedRepresentation',(#9567));
#9569=IFCPRODUCTDEFINITIONSHAPE($,$,(#9568));
#9570=IFCCARTESIANPOINT((128.592206555981,60.5561766532151,0.));
#9571=IFCAXIS2PLACEMENT3D(#9570,$,$);
#9572=IFCLOCALPLACEMENT(#41,#9571);
#9573=IFCGEOGRAPHICELEMENT('0l6LgP6Of3pBreuHFd6vbd',#18,'{$this("Description")}',$,'Boom',#9572,#9569,'1433716',.USERDEFINED.);
#9574=IFCMATERIALCONSTITUENT('ntb_stam_ntb',$,#9558,$,'Miscellaneous');
#9575=IFCMATERIALCONSTITUENT('ntb_boom_ntb',$,#9559,$,'Miscellaneous');
#9576=IFCMATERIALCONSTITUENTSET($,$,(#9574,#9575));
#9577=IFCPROPERTYSINGLEVALUE('Reference',$,IFCIDENTIFIER('Boom'),$);
#9578=IFCPROPERTYSET('2FgAPjxAGvstTZsFoHXVxr',#18,'Pset_EnvironmentalImpactIndicators',$,(#9577));
#9579=IFCRELDEFINESBYPROPERTIES('1sZ1LwfXXwjB7TghUeCFuB',#18,$,$,(#9573),#9578);
#9580=IFCMAPPEDITEM(#9556,#191);
#9581=IFCSHAPEREPRESENTATION(#24,'Body','MappedRepresentation',(#9580));
#9582=IFCPRODUCTDEFINITIONSHAPE($,$,(#9581));
#9583=IFCCARTESIANPOINT((133.502196381227,57.2857989228465,0.));
#9584=IFCAXIS2PLACEMENT3D(#9583,$,$);
#9585=IFCLOCALPLACEMENT(#41,#9584);
#9586=IFCGEOGRAPHICELEMENT('0l6LgP6Of3pBreuHFd6vcA',#18,'{$this("Description")}',$,'Boom',#9585,#9582,'1433753',.USERDEFINED.);
#9587=IFCMATERIALCONSTITUENT('ntb_stam_ntb',$,#9558,$,'Miscellaneous');
#9588=IFCMATERIALCONSTITUENT('ntb_boom_ntb',$,#9559,$,'Miscellaneous');
#9589=IFCMATERIALCONSTITUENTSET($,$,(#9587,#9588));
#9590=IFCPROPERTYSET('1tCm9Kjl0fe3RV0NUVQIOK',#18,'Pset_EnvironmentalImpactIndicators',$,(#9577));
#9591=IFCRELDEFINESBYPROPERTIES('2Mo3$riBDCWIMyWKYRXnf1',#18,$,$,(#9586),#9590);
#9592=IFCMAPPEDITEM(#9556,#191);
#9593=IFCSHAPEREPRESENTATION(#24,'Body','MappedRepresentation',(#9592));
#9594=IFCPRODUCTDEFINITIONSHAPE($,$,(#9593));
#9595=IFCCARTESIANPOINT((113.752203794991,58.1822875180183,0.));
#9596=IFCAXIS2PLACEMENT3D(#9595,$,$);
#9597=IFCLOCALPLACEMENT(#41,#9596);
#9598=IFCGEOGRAPHICELEMENT('0l6LgP6Of3pBreuHFd6vco',#18,'{$this("Description")}',$,'Boom',#9597,#9594,'1433761',.USERDEFINED.);
#9599=IFCMATERIALCONSTITUENT('ntb_stam_ntb',$,#9558,$,'Miscellaneous');
#9600=IFCMATERIALCONSTITUENT('ntb_boom_ntb',$,#9559,$,'Miscellaneous');
#9601=IFCMATERIALCONSTITUENTSET($,$,(#9599,#9600));
#9602=IFCPROPERTYSET('27qcevqOAWJKhnUP5qY98c',#18,'Pset_EnvironmentalImpactIndicators',$,(#9577));
#9603=IFCRELDEFINESBYPROPERTIES('2C9GG7$nXSn3_48TiQbF4C',#18,$,$,(#9598),#9602);
#9604=IFCMAPPEDITEM(#9556,#191);
#9605=IFCSHAPEREPRESENTATION(#24,'Body','MappedRepresentation',(#9604));
#9606=IFCPRODUCTDEFINITIONSHAPE($,$,(#9605));
#9607=IFCCARTESIANPOINT((99.0111493744573,55.6331272916537,0.));
#9608=IFCAXIS2PLACEMENT3D(#9607,$,$);
#9609=IFCLOCALPLACEMENT(#41,#9608);
#9610=IFCGEOGRAPHICELEMENT('0l6LgP6Of3pBreuHFd6vcw',#18,'{$this("Description")}',$,'Boom',#9609,#9606,'1433769',.USERDEFINED.);
#9611=IFCMATERIALCONSTITUENT('ntb_stam_ntb',$,#9558,$,'Miscellaneous');
#9612=IFCMATERIALCONSTITUENT('ntb_boom_ntb',$,#9559,$,'Miscellaneous');
#9613=IFCMATERIALCONSTITUENTSET($,$,(#9611,#9612));
#9614=IFCPROPERTYSET('3f6C$VW_hqqcjJJ20Yg7AQ',#18,'Pset_EnvironmentalImpactIndicators',$,(#9577));
#9615=IFCRELDEFINESBYPROPERTIES('2dNrYlI1YDWBQ178499v_s',#18,$,$,(#9610),#9614);
#9616=IFCMAPPEDITEM(#9556,#191);
#9617=IFCSHAPEREPRESENTATION(#24,'Body','MappedRepresentation',(#9616));
#9618=IFCPRODUCTDEFINITIONSHAPE($,$,(#9617));
#9619=IFCCARTESIANPOINT((87.407982312123,49.8925231990539,0.));
#9620=IFCAXIS2PLACEMENT3D(#9619,$,$);
#9621=IFCLOCALPLACEMENT(#41,#9620);
#9622=IFCGEOGRAPHICELEMENT('0l6LgP6Of3pBreuHFd6vcW',#18,'{$this("Description")}',$,'Boom',#9621,#9618,'1433779',.USERDEFINED.);
#9623=IFCMATERIALCONSTITUENT('ntb_stam_ntb',$,#9558,$,'Miscellaneous');
#9624=IFCMATERIALCONSTITUENT('ntb_boom_ntb',$,#9559,$,'Miscellaneous');
#9625=IFCMATERIALCONSTITUENTSET($,$,(#9623,#9624));
#9626=IFCPROPERTYSET('065API0nHOvvw8b92aJf8B',#18,'Pset_EnvironmentalImpactIndicators',$,(#9577));
#9627=IFCRELDEFINESBYPROPERTIES('2oWA7PapXHNFKiajLxdls6',#18,$,$,(#9622),#9626);
#9628=IFCMAPPEDITEM(#9556,#191);
#9629=IFCSHAPEREPRESENTATION(#24,'Body','MappedRepresentation',(#9628));
#9630=IFCPRODUCTDEFINITIONSHAPE($,$,(#9629));
#9631=IFCCARTESIANPOINT((74.6661769702425,47.8744034293009,0.));
#9632=IFCAXIS2PLACEMENT3D(#9631,$,$);
#9633=IFCLOCALPLACEMENT(#41,#9632);
#9634=IFCGEOGRAPHICELEMENT('0l6LgP6Of3pBreuHFd6vck',#18,'{$this("Description")}',$,'Boom',#9633,#9630,'1433789',.USERDEFINED.);
#9635=IFCMATERIALCONSTITUENT('ntb_stam_ntb',$,#9558,$,'Miscellaneous');
#9636=IFCMATERIALCONSTITUENT('ntb_boom_ntb',$,#9559,$,'Miscellaneous');
#9637=IFCMATERIALCONSTITUENTSET($,$,(#9635,#9636));
#9638=IFCPROPERTYSET('1Y2w_TjCzvTWMsNTh$QDRS',#18,'Pset_EnvironmentalImpactIndicators',$,(#9577));
#9639=IFCRELDEFINESBYPROPERTIES('1Vf$qFgz3rRkX9eWd1xHjl',#18,$,$,(#9634),#9638);
#9640=IFCMAPPEDITEM(#9556,#191);
#9641=IFCSHAPEREPRESENTATION(#24,'Body','MappedRepresentation',(#9640));
#9642=IFCPRODUCTDEFINITIONSHAPE($,$,(#9641));
#9643=IFCCARTESIANPOINT((69.1530699828965,50.8714116051811,0.));
#9644=IFCAXIS2PLACEMENT3D(#9643,$,$);
#9645=IFCLOCALPLACEMENT(#41,#9644);
#9646=IFCGEOGRAPHICELEMENT('0l6LgP6Of3pBreuHFd6vdM',#18,'{$this("Description")}',$,'Boom',#9645,#9642,'1433797',.USERDEFINED.);
#9647=IFCMATERIALCONSTITUENT('ntb_stam_ntb',$,#9558,$,'Miscellaneous');
#9648=IFCMATERIALCONSTITUENT('ntb_boom_ntb',$,#9559,$,'Miscellaneous');
#9649=IFCMATERIALCONSTITUENTSET($,$,(#9647,#9648));
#9650=IFCPROPERTYSET('0yqeMtgIaEiUw9ekduOp7$',#18,'Pset_EnvironmentalImpactIndicators',$,(#9577));
#9651=IFCRELDEFINESBYPROPERTIES('0nvcWBuvClNi2HHDMzkeLM',#18,$,$,(#9646),#9650);
#9652=IFCMAPPEDITEM(#9556,#191);
#9653=IFCSHAPEREPRESENTATION(#24,'Body','MappedRepresentation',(#9652));
#9654=IFCPRODUCTDEFINITIONSHAPE($,$,(#9653));
#9655=IFCCARTESIANPOINT((54.3143877387431,48.4959132189066,0.));
#9656=IFCAXIS2PLACEMENT3D(#9655,$,$);
#9657=IFCLOCALPLACEMENT(#41,#9656);
#9658=IFCGEOGRAPHICELEMENT('0l6LgP6Of3pBreuHFd6vd2',#18,'{$this("Description")}',$,'Boom',#9657,#9654,'1433809',.USERDEFINED.);
#9659=IFCMATERIALCONSTITUENT('ntb_stam_ntb',$,#9558,$,'Miscellaneous');
#9660=IFCMATERIALCONSTITUENT('ntb_boom_ntb',$,#9559,$,'Miscellaneous');
#9661=IFCMATERIALCONSTITUENTSET($,$,(#9659,#9660));
#9662=IFCPROPERTYSET('35ITkmnHPYZEWpUUzV0Dvq',#18,'Pset_EnvironmentalImpactIndicators',$,(#9577));
#9663=IFCRELDEFINESBYPROPERTIES('3Hfzvx7yjzZakKewr9vT5K',#18,$,$,(#9658),#9662);
#9664=IFCMAPPEDITEM(#9556,#191);
#9665=IFCSHAPEREPRESENTATION(#24,'Body','MappedRepresentation',(#9664));
#9666=IFCPRODUCTDEFINITIONSHAPE($,$,(#9665));
#9667=IFCCARTESIANPOINT((45.8634137658903,48.5462778046745,0.));
#9668=IFCAXIS2PLACEMENT3D(#9667,$,$);
#9669=IFCLOCALPLACEMENT(#41,#9668);
#9670=IFCGEOGRAPHICELEMENT('0l6LgP6Of3pBreuHFd6vd8',#18,'{$this("Description")}',$,'Boom',#9669,#9666,'1433819',.USERDEFINED.);
#9671=IFCMATERIALCONSTITUENT('ntb_stam_ntb',$,#9558,$,'Miscellaneous');
#9672=IFCMATERIALCONSTITUENT('ntb_boom_ntb',$,#9559,$,'Miscellaneous');
#9673=IFCMATERIALCONSTITUENTSET($,$,(#9671,#9672));
#9674=IFCPROPERTYSET('1CDMhLnOTTAKzHszH74Dqb',#18,'Pset_EnvironmentalImpactIndicators',$,(#9577));
#9675=IFCRELDEFINESBYPROPERTIES('21tXq970dvKlyfCFTgTSF2',#18,$,$,(#9670),#9674);
#9676=IFCMAPPEDITEM(#9556,#191);
#9677=IFCSHAPEREPRESENTATION(#24,'Body','MappedRepresentation',(#9676));
#9678=IFCPRODUCTDEFINITIONSHAPE($,$,(#9677));
#9679=IFCCARTESIANPOINT((39.572657802297,45.9472687897756,0.));
#9680=IFCAXIS2PLACEMENT3D(#9679,$,$);
#9681=IFCLOCALPLACEMENT(#41,#9680);
#9682=IFCGEOGRAPHICELEMENT('0l6LgP6Of3pBreuHFd6vdm',#18,'{$this("Description")}',$,'Boom',#9681,#9678,'1433827',.USERDEFINED.);
#9683=IFCMATERIALCONSTITUENT('ntb_stam_ntb',$,#9558,$,'Miscellaneous');
#9684=IFCMATERIALCONSTITUENT('ntb_boom_ntb',$,#9559,$,'Miscellaneous');
#9685=IFCMATERIALCONSTITUENTSET($,$,(#9683,#9684));
#9686=IFCPROPERTYSET('12qCrcJSq0WUgNK$M54WFN',#18,'Pset_EnvironmentalImpactIndicators',$,(#9577));
#9687=IFCRELDEFINESBYPROPERTIES('3VHyNh2EaDDECPEFey243H',#18,$,$,(#9682),#9686);
#9688=IFCMAPPEDITEM(#9556,#191);
#9689=IFCSHAPEREPRESENTATION(#24,'Body','MappedRepresentation',(#9688));
#9690=IFCPRODUCTDEFINITIONSHAPE($,$,(#9689));
#9691=IFCCARTESIANPOINT((30.452157041853,47.8541082474654,0.));
#9692=IFCAXIS2PLACEMENT3D(#9691,$,$);
#9693=IFCLOCALPLACEMENT(#41,#9692);
#9694=IFCGEOGRAPHICELEMENT('0l6LgP6Of3pBreuHFd6vdy',#18,'{$this("Description")}',$,'Boom',#9693,#9690,'1433839',.USERDEFINED.);
#9695=IFCMATERIALCONSTITUENT('ntb_stam_ntb',$,#9558,$,'Miscellaneous');
#9696=IFCMATERIALCONSTITUENT('ntb_boom_ntb',$,#9559,$,'Miscellaneous');
#9697=IFCMATERIALCONSTITUENTSET($,$,(#9695,#9696));
#9698=IFCPROPERTYSET('1151oS7vSV0YnsDp0a59IU',#18,'Pset_EnvironmentalImpactIndicators',$,(#9577));
#9699=IFCRELDEFINESBYPROPERTIES('2MAlyfZoP4i1Chgr5xmzqH',#18,$,$,(#9694),#9698);
#9700=IFCMAPPEDITEM(#9556,#191);
#9701=IFCSHAPEREPRESENTATION(#24,'Body','MappedRepresentation',(#9700));
#9702=IFCPRODUCTDEFINITIONSHAPE($,$,(#9701));
#9703=IFCCARTESIANPOINT((28.4766191521287,40.4701876726136,0.));
#9704=IFCAXIS2PLACEMENT3D(#9703,$,$);
#9705=IFCLOCALPLACEMENT(#41,#9704);
#9706=IFCGEOGRAPHICELEMENT('0l6LgP6Of3pBreuHFd6vda',#18,'{$this("Description")}',$,'Boom',#9705,#9702,'1433847',.USERDEFINED.);
#9707=IFCMATERIALCONSTITUENT('ntb_stam_ntb',$,#9558,$,'Miscellaneous');
#9708=IFCMATERIALCONSTITUENT('ntb_boom_ntb',$,#9559,$,'Miscellaneous');
#9709=IFCMATERIALCONSTITUENTSET($,$,(#9707,#9708));
#9710=IFCPROPERTYSET('0hBscFtwGkcglBMxrJfnEb',#18,'Pset_EnvironmentalImpactIndicators',$,(#9577));
#9711=IFCRELDEFINESBYPROPERTIES('3OzFbOJeOYvFOicUun0l$B',#18,$,$,(#9706),#9710);
#9712=IFCMAPPEDITEM(#9556,#191);
#9713=IFCSHAPEREPRESENTATION(#24,'Body','MappedRepresentation',(#9712));
#9714=IFCPRODUCTDEFINITIONSHAPE($,$,(#9713));
#9715=IFCCARTESIANPOINT((20.4704206025146,29.5448642687657,-1.));
#9716=IFCAXIS2PLACEMENT3D(#9715,$,$);
#9717=IFCLOCALPLACEMENT(#41,#9716);
#9718=IFCGEOGRAPHICELEMENT('0l6LgP6Of3pBreuHFd6vWI',#18,'{$this("Description")}',$,'Boom',#9717,#9714,'1433857',.USERDEFINED.);
#9719=IFCMATERIALCONSTITUENT('ntb_stam_ntb',$,#9558,$,'Miscellaneous');
#9720=IFCMATERIALCONSTITUENT('ntb_boom_ntb',$,#9559,$,'Miscellaneous');
#9721=IFCMATERIALCONSTITUENTSET($,$,(#9719,#9720));
#9722=IFCPROPERTYSET('3HeqGUrvKj3AsbV$eqFTgq',#18,'Pset_EnvironmentalImpactIndicators',$,(#9577));
#9723=IFCRELDEFINESBYPROPERTIES('1ugiL6lbJB7PlXkadAPfZt',#18,$,$,(#9718),#9722);
#9724=IFCMAPPEDITEM(#9556,#191);
#9725=IFCSHAPEREPRESENTATION(#24,'Body','MappedRepresentation',(#9724));
#9726=IFCPRODUCTDEFINITIONSHAPE($,$,(#9725));
#9727=IFCCARTESIANPOINT((30.2937501023209,29.226376548842,0.));
#9728=IFCAXIS2PLACEMENT3D(#9727,$,$);
#9729=IFCLOCALPLACEMENT(#41,#9728);
#9730=IFCGEOGRAPHICELEMENT('0l6LgP6Of3pBreuHFd6vWO',#18,'{$this("Description")}',$,'Boom',#9729,#9726,'1433867',.USERDEFINED.);
#9731=IFCMATERIALCONSTITUENT('ntb_stam_ntb',$,#9558,$,'Miscellaneous');
#9732=IFCMATERIALCONSTITUENT('ntb_boom_ntb',$,#9559,$,'Miscellaneous');
#9733=IFCMATERIALCONSTITUENTSET($,$,(#9731,#9732));
#9734=IFCPROPERTYSET('1ikwJrzlKpZmlHV3BhMq$P',#18,'Pset_EnvironmentalImpactIndicators',$,(#9577));
#9735=IFCRELDEFINESBYPROPERTIES('2rBZLv2uhyNF86UATEaCOM',#18,$,$,(#9730),#9734);
#9736=IFCMAPPEDITEM(#9556,#191);
#9737=IFCSHAPEREPRESENTATION(#24,'Body','MappedRepresentation',(#9736));
#9738=IFCPRODUCTDEFINITIONSHAPE($,$,(#9737));
#9739=IFCCARTESIANPOINT((35.0779449731437,26.1916124923988,0.));
#9740=IFCAXIS2PLACEMENT3D(#9739,$,$);
#9741=IFCLOCALPLACEMENT(#41,#9740);
#9742=IFCGEOGRAPHICELEMENT('0l6LgP6Of3pBreuHFd6vW0',#18,'{$this("Description")}',$,'Boom',#9741,#9738,'1433875',.USERDEFINED.);
#9743=IFCMATERIALCONSTITUENT('ntb_stam_ntb',$,#9558,$,'Miscellaneous');
#9744=IFCMATERIALCONSTITUENT('ntb_boom_ntb',$,#9559,$,'Miscellaneous');
#9745=IFCMATERIALCONSTITUENTSET($,$,(#9743,#9744));
#9746=IFCPROPERTYSET('1KfNhogv$1fDeb0$5BWQQY',#18,'Pset_EnvironmentalImpactIndicators',$,(#9577));
#9747=IFCRELDEFINESBYPROPERTIES('1CZL4DdtNgTJ9mQWbh8mp7',#18,$,$,(#9742),#9746);
#9748=IFCMAPPEDITEM(#9556,#191);
#9749=IFCSHAPEREPRESENTATION(#24,'Body','MappedRepresentation',(#9748));
#9750=IFCPRODUCTDEFINITIONSHAPE($,$,(#9749));
#9751=IFCCARTESIANPOINT((44.8951092285663,27.7637090048189,0.));
#9752=IFCAXIS2PLACEMENT3D(#9751,$,$);
#9753=IFCLOCALPLACEMENT(#41,#9752);
#9754=IFCGEOGRAPHICELEMENT('0l6LgP6Of3pBreuHFd6vW8',#18,'{$this("Description")}',$,'Boom',#9753,#9750,'1433883',.USERDEFINED.);
#9755=IFCMATERIALCONSTITUENT('ntb_stam_ntb',$,#9558,$,'Miscellaneous');
#9756=IFCMATERIALCONSTITUENT('ntb_boom_ntb',$,#9559,$,'Miscellaneous');
#9757=IFCMATERIALCONSTITUENTSET($,$,(#9755,#9756));
#9758=IFCPROPERTYSET('03seDvArIJoHh8K1HAj23y',#18,'Pset_EnvironmentalImpactIndicators',$,(#9577));
#9759=IFCRELDEFINESBYPROPERTIES('3Bm07ASRkHHFc$YQlhd75K',#18,$,$,(#9754),#9758);
#9760=IFCMAPPEDITEM(#9556,#191);
#9761=IFCSHAPEREPRESENTATION(#24,'Body','MappedRepresentation',(#9760));
#9762=IFCPRODUCTDEFINITIONSHAPE($,$,(#9761));
#9763=IFCCARTESIANPOINT((54.7840575364046,29.3276065837959,0.));
#9764=IFCAXIS2PLACEMENT3D(#9763,$,$);
#9765=IFCLOCALPLACEMENT(#41,#9764);
#9766=IFCGEOGRAPHICELEMENT('0l6LgP6Of3pBreuHFd6vWq',#18,'{$this("Description")}',$,'Boom',#9765,#9762,'1433895',.USERDEFINED.);
#9767=IFCMATERIALCONSTITUENT('ntb_stam_ntb',$,#9558,$,'Miscellaneous');
#9768=IFCMATERIALCONSTITUENT('ntb_boom_ntb',$,#9559,$,'Miscellaneous');
#9769=IFCMATERIALCONSTITUENTSET($,$,(#9767,#9768));
#9770=IFCPROPERTYSET('2vlwgRepi58IcP4rWULqv5',#18,'Pset_EnvironmentalImpactIndicators',$,(#9577));
#9771=IFCRELDEFINESBYPROPERTIES('2ZkgGgRDGFbKr1bH66ZvT$',#18,$,$,(#9766),#9770);
#9772=IFCMAPPEDITEM(#9556,#191);
#9773=IFCSHAPEREPRESENTATION(#24,'Body','MappedRepresentation',(#9772));
#9774=IFCPRODUCTDEFINITIONSHAPE($,$,(#9773));
#9775=IFCCARTESIANPOINT((52.8828872585529,32.840360904254,0.));
#9776=IFCAXIS2PLACEMENT3D(#9775,$,$);
#9777=IFCLOCALPLACEMENT(#41,#9776);
#9778=IFCGEOGRAPHICELEMENT('0l6LgP6Of3pBreuHFd6vWY',#18,'{$this("Description")}',$,'Boom',#9777,#9774,'1433905',.USERDEFINED.);
#9779=IFCMATERIALCONSTITUENT('ntb_stam_ntb',$,#9558,$,'Miscellaneous');
#9780=IFCMATERIALCONSTITUENT('ntb_boom_ntb',$,#9559,$,'Miscellaneous');
#9781=IFCMATERIALCONSTITUENTSET($,$,(#9779,#9780));
#9782=IFCPROPERTYSET('0FKniFGsN00IgC6a44$xF7',#18,'Pset_EnvironmentalImpactIndicators',$,(#9577));
#9783=IFCRELDEFINESBYPROPERTIES('2RIcl3PSmnWhJNIIDm5EJk',#18,$,$,(#9778),#9782);
#9784=IFCMAPPEDITEM(#9556,#191);
#9785=IFCSHAPEREPRESENTATION(#24,'Body','MappedRepresentation',(#9784));
#9786=IFCPRODUCTDEFINITIONSHAPE($,$,(#9785));
#9787=IFCCARTESIANPOINT((64.70676340056,30.897327251641,0.));
#9788=IFCAXIS2PLACEMENT3D(#9787,$,$);
#9789=IFCLOCALPLACEMENT(#41,#9788);
#9790=IFCGEOGRAPHICELEMENT('0l6LgP6Of3pBreuHFd6vWg',#18,'{$this("Description")}',$,'Boom',#9789,#9786,'1433913',.USERDEFINED.);
#9791=IFCMATERIALCONSTITUENT('ntb_stam_ntb',$,#9558,$,'Miscellaneous');
#9792=IFCMATERIALCONSTITUENT('ntb_boom_ntb',$,#9559,$,'Miscellaneous');
#9793=IFCMATERIALCONSTITUENTSET($,$,(#9791,#9792));
#9794=IFCPROPERTYSET('3TM5OqqByYAHlTMOaVKOHl',#18,'Pset_EnvironmentalImpactIndicators',$,(#9577));
#9795=IFCRELDEFINESBYPROPERTIES('0_zlxKawlY1HM$UpAM6hBd',#18,$,$,(#9790),#9794);
#9796=IFCMAPPEDITEM(#9556,#191);
#9797=IFCSHAPEREPRESENTATION(#24,'Body','MappedRepresentation',(#9796));
#9798=IFCPRODUCTDEFINITIONSHAPE($,$,(#9797));
#9799=IFCCARTESIANPOINT((76.4693551778712,36.6148377330061,0.));
#9800=IFCAXIS2PLACEMENT3D(#9799,$,$);
#9801=IFCLOCALPLACEMENT(#41,#9800);
#9802=IFCGEOGRAPHICELEMENT('0l6LgP6Of3pBreuHFd6vXG',#18,'{$this("Description")}',$,'Boom',#9801,#9798,'1433923',.USERDEFINED.);
#9803=IFCMATERIALCONSTITUENT('ntb_stam_ntb',$,#9558,$,'Miscellaneous');
#9804=IFCMATERIALCONSTITUENT('ntb_boom_ntb',$,#9559,$,'Miscellaneous');
#9805=IFCMATERIALCONSTITUENTSET($,$,(#9803,#9804));
#9806=IFCPROPERTYSET('0pmiYHa6KSRuziVGCEmSqm',#18,'Pset_EnvironmentalImpactIndicators',$,(#9577));
#9807=IFCRELDEFINESBYPROPERTIES('0ckDVN4SL2wbsuhPLhBTGQ',#18,$,$,(#9802),#9806);
#9808=IFCMAPPEDITEM(#9556,#191);
#9809=IFCSHAPEREPRESENTATION(#24,'Body','MappedRepresentation',(#9808));
#9810=IFCPRODUCTDEFINITIONSHAPE($,$,(#9809));
#9811=IFCCARTESIANPOINT((74.592810115437,32.458917215608,0.));
#9812=IFCAXIS2PLACEMENT3D(#9811,$,$);
#9813=IFCLOCALPLACEMENT(#41,#9812);
#9814=IFCGEOGRAPHICELEMENT('0l6LgP6Of3pBreuHFd6vX0',#18,'{$this("Description")}',$,'Boom',#9813,#9810,'1433939',.USERDEFINED.);
#9815=IFCMATERIALCONSTITUENT('ntb_stam_ntb',$,#9558,$,'Miscellaneous');
#9816=IFCMATERIALCONSTITUENT('ntb_boom_ntb',$,#9559,$,'Miscellaneous');
#9817=IFCMATERIALCONSTITUENTSET($,$,(#9815,#9816));
#9818=IFCPROPERTYSET('2zD$tXPi6BSY8mYNZoTn7d',#18,'Pset_EnvironmentalImpactIndicators',$,(#9577));
#9819=IFCRELDEFINESBYPROPERTIES('1dGNdj9aqOYSMJznAPWWhL',#18,$,$,(#9814),#9818);
#9820=IFCMAPPEDITEM(#9556,#191);
#9821=IFCSHAPEREPRESENTATION(#24,'Body','MappedRepresentation',(#9820));
#9822=IFCPRODUCTDEFINITIONSHAPE($,$,(#9821));
#9823=IFCCARTESIANPOINT((51.0818163514288,44.0997381385201,0.));
#9824=IFCAXIS2PLACEMENT3D(#9823,$,$);
#9825=IFCLOCALPLACEMENT(#41,#9824);
#9826=IFCGEOGRAPHICELEMENT('0l6LgP6Of3pBreuHFd6vXo',#18,'{$this("Description")}',$,'Boom',#9825,#9822,'1433953',.USERDEFINED.);
#9827=IFCMATERIALCONSTITUENT('ntb_stam_ntb',$,#9558,$,'Miscellaneous');
#9828=IFCMATERIALCONSTITUENT('ntb_boom_ntb',$,#9559,$,'Miscellaneous');
#9829=IFCMATERIALCONSTITUENTSET($,$,(#9827,#9828));
#9830=IFCPROPERTYSET('2tStzo6YucF7egsPPdu_re',#18,'Pset_EnvironmentalImpactIndicators',$,(#9577));
#9831=IFCRELDEFINESBYPROPERTIES('2Gy92E_a_DB8nuMZ2l1epG',#18,$,$,(#9826),#9830);
#9832=IFCMAPPEDITEM(#9556,#191);
#9833=IFCSHAPEREPRESENTATION(#24,'Body','MappedRepresentation',(#9832));
#9834=IFCPRODUCTDEFINITIONSHAPE($,$,(#9833));
#9835=IFCCARTESIANPOINT((110.680056039632,53.635838136102,0.));
#9836=IFCAXIS2PLACEMENT3D(#9835,$,$);
#9837=IFCLOCALPLACEMENT(#41,#9836);
#9838=IFCGEOGRAPHICELEMENT('0l6LgP6Of3pBreuHFd6vX_',#18,'{$this("Description")}',$,'Boom',#9837,#9834,'1433965',.USERDEFINED.);
#9839=IFCMATERIALCONSTITUENT('ntb_stam_ntb',$,#9558,$,'Miscellaneous');
#9840=IFCMATERIALCONSTITUENT('ntb_boom_ntb',$,#9559,$,'Miscellaneous');
#9841=IFCMATERIALCONSTITUENTSET($,$,(#9839,#9840));
#9842=IFCPROPERTYSET('0TnrSTEY_l5k6_g8jWyvTv',#18,'Pset_EnvironmentalImpactIndicators',$,(#9577));
#9843=IFCRELDEFINESBYPROPERTIES('3K1FVVMiapryrn2paWdc8K',#18,$,$,(#9838),#9842);
#9844=IFCMAPPEDITEM(#9556,#191);
#9845=IFCSHAPEREPRESENTATION(#24,'Body','MappedRepresentation',(#9844));
#9846=IFCPRODUCTDEFINITIONSHAPE($,$,(#9845));
#9847=IFCCARTESIANPOINT((89.1937590418186,38.6509352546087,0.));
#9848=IFCAXIS2PLACEMENT3D(#9847,$,$);
#9849=IFCLOCALPLACEMENT(#41,#9848);
#9850=IFCGEOGRAPHICELEMENT('0l6LgP6Of3pBreuHFd6vXc',#18,'{$this("Description")}',$,'Boom',#9849,#9846,'1433973',.USERDEFINED.);
#9851=IFCMATERIALCONSTITUENT('ntb_stam_ntb',$,#9558,$,'Miscellaneous');
#9852=IFCMATERIALCONSTITUENT('ntb_boom_ntb',$,#9559,$,'Miscellaneous');
#9853=IFCMATERIALCONSTITUENTSET($,$,(#9851,#9852));
#9854=IFCPROPERTYSET('2aBpHhJbtMSEPdSBW5GGMv',#18,'Pset_EnvironmentalImpactIndicators',$,(#9577));
#9855=IFCRELDEFINESBYPROPERTIES('17GrETP8dbTnS8uqAePV_g',#18,$,$,(#9850),#9854);
#9856=IFCMAPPEDITEM(#9556,#191);
#9857=IFCSHAPEREPRESENTATION(#24,'Body','MappedRepresentation',(#9856));
#9858=IFCPRODUCTDEFINITIONSHAPE($,$,(#9857));
#9859=IFCCARTESIANPOINT((92.6850304933416,35.429172933476,0.));
#9860=IFCAXIS2PLACEMENT3D(#9859,$,$);
#9861=IFCLOCALPLACEMENT(#41,#9860);
#9862=IFCGEOGRAPHICELEMENT('0l6LgP6Of3pBreuHFd6vXk',#18,'{$this("Description")}',$,'Boom',#9861,#9858,'1433981',.USERDEFINED.);
#9863=IFCMATERIALCONSTITUENT('ntb_stam_ntb',$,#9558,$,'Miscellaneous');
#9864=IFCMATERIALCONSTITUENT('ntb_boom_ntb',$,#9559,$,'Miscellaneous');
#9865=IFCMATERIALCONSTITUENTSET($,$,(#9863,#9864));
#9866=IFCPROPERTYSET('1CHslrDBUD5e_wZLVaJnEy',#18,'Pset_EnvironmentalImpactIndicators',$,(#9577));
#9867=IFCRELDEFINESBYPROPERTIES('2Nw9k3YHCeKQA2MSANg6qS',#18,$,$,(#9862),#9866);
#9868=IFCMAPPEDITEM(#9556,#191);
#9869=IFCSHAPEREPRESENTATION(#24,'Body','MappedRepresentation',(#9868));
#9870=IFCPRODUCTDEFINITIONSHAPE($,$,(#9869));
#9871=IFCCARTESIANPOINT((102.524210096812,36.9855219177221,0.));
#9872=IFCAXIS2PLACEMENT3D(#9871,$,$);
#9873=IFCLOCALPLACEMENT(#41,#9872);
#9874=IFCGEOGRAPHICELEMENT('0l6LgP6Of3pBreuHFd6vYM',#18,'{$this("Description")}',$,'Boom',#9873,#9870,'1433989',.USERDEFINED.);
#9875=IFCMATERIALCONSTITUENT('ntb_stam_ntb',$,#9558,$,'Miscellaneous');
#9876=IFCMATERIALCONSTITUENT('ntb_boom_ntb',$,#9559,$,'Miscellaneous');
#9877=IFCMATERIALCONSTITUENTSET($,$,(#9875,#9876));
#9878=IFCPROPERTYSET('0uv9lq2YDlLWeNCHP$uGDN',#18,'Pset_EnvironmentalImpactIndicators',$,(#9577));
#9879=IFCRELDEFINESBYPROPERTIES('3mdvpmDBuJGcnYX8of7xgG',#18,$,$,(#9874),#9878);
#9880=IFCMAPPEDITEM(#9556,#191);
#9881=IFCSHAPEREPRESENTATION(#24,'Body','MappedRepresentation',(#9880));
#9882=IFCPRODUCTDEFINITIONSHAPE($,$,(#9881));
#9883=IFCCARTESIANPOINT((112.480545024193,42.3773784363544,0.));
#9884=IFCAXIS2PLACEMENT3D(#9883,$,$);
#9885=IFCLOCALPLACEMENT(#41,#9884);
#9886=IFCGEOGRAPHICELEMENT('0l6LgP6Of3pBreuHFd6vYS',#18,'{$this("Description")}',$,'Boom',#9885,#9882,'1433999',.USERDEFINED.);
#9887=IFCMATERIALCONSTITUENT('ntb_stam_ntb',$,#9558,$,'Miscellaneous');
#9888=IFCMATERIALCONSTITUENT('ntb_boom_ntb',$,#9559,$,'Miscellaneous');
#9889=IFCMATERIALCONSTITUENTSET($,$,(#9887,#9888));
#9890=IFCPROPERTYSET('0BkqXFTm24Wm6Pt$$0O8kQ',#18,'Pset_EnvironmentalImpactIndicators',$,(#9577));
#9891=IFCRELDEFINESBYPROPERTIES('1k_OvaZq$zBAFY9ryecfwI',#18,$,$,(#9886),#9890);
#9892=IFCMAPPEDITEM(#9556,#191);
#9893=IFCSHAPEREPRESENTATION(#24,'Body','MappedRepresentation',(#9892));
#9894=IFCPRODUCTDEFINITIONSHAPE($,$,(#9893));
#9895=IFCCARTESIANPOINT((112.410095900976,38.5458910892736,0.));
#9896=IFCAXIS2PLACEMENT3D(#9895,$,$);
#9897=IFCLOCALPLACEMENT(#41,#9896);
#9898=IFCGEOGRAPHICELEMENT('0l6LgP6Of3pBreuHFd6vY4',#18,'{$this("Description")}',$,'Boom',#9897,#9894,'1434007',.USERDEFINED.);
#9899=IFCMATERIALCONSTITUENT('ntb_stam_ntb',$,#9558,$,'Miscellaneous');
#9900=IFCMATERIALCONSTITUENT('ntb_boom_ntb',$,#9559,$,'Miscellaneous');
#9901=IFCMATERIALCONSTITUENTSET($,$,(#9899,#9900));
#9902=IFCPROPERTYSET('03NYP2kkntN03E5Kl3KMPs',#18,'Pset_EnvironmentalImpactIndicators',$,(#9577));
#9903=IFCRELDEFINESBYPROPERTIES('27qiyhGQX7RhVwS_vwH3rd',#18,$,$,(#9898),#9902);
#9904=IFCMAPPEDITEM(#9556,#191);
#9905=IFCSHAPEREPRESENTATION(#24,'Body','MappedRepresentation',(#9904));
#9906=IFCPRODUCTDEFINITIONSHAPE($,$,(#9905));
#9907=IFCCARTESIANPOINT((122.330849934379,40.1148149713659,0.));
#9908=IFCAXIS2PLACEMENT3D(#9907,$,$);
#9909=IFCLOCALPLACEMENT(#41,#9908);
#9910=IFCGEOGRAPHICELEMENT('0l6LgP6Of3pBreuHFd6vYC',#18,'{$this("Description")}',$,'Boom',#9909,#9906,'1434015',.USERDEFINED.);
#9911=IFCMATERIALCONSTITUENT('ntb_stam_ntb',$,#9558,$,'Miscellaneous');
#9912=IFCMATERIALCONSTITUENT('ntb_boom_ntb',$,#9559,$,'Miscellaneous');
#9913=IFCMATERIALCONSTITUENTSET($,$,(#9911,#9912));
#9914=IFCPROPERTYSET('3v4pw$upTSVolAyvTkEL$y',#18,'Pset_EnvironmentalImpactIndicators',$,(#9577));
#9915=IFCRELDEFINESBYPROPERTIES('1AwWiVZJwvypZGM0gd$jf8',#18,$,$,(#9910),#9914);
#9916=IFCMAPPEDITEM(#9556,#191);
#9917=IFCSHAPEREPRESENTATION(#24,'Body','MappedRepresentation',(#9916));
#9918=IFCPRODUCTDEFINITIONSHAPE($,$,(#9917));
#9919=IFCCARTESIANPOINT((132.217390839282,41.6768472032523,0.));
#9920=IFCAXIS2PLACEMENT3D(#9919,$,$);
#9921=IFCLOCALPLACEMENT(#41,#9920);
#9922=IFCGEOGRAPHICELEMENT('0l6LgP6Of3pBreuHFd6vYq',#18,'{$this("Description")}',$,'Boom',#9921,#9918,'1434023',.USERDEFINED.);
#9923=IFCMATERIALCONSTITUENT('ntb_stam_ntb',$,#9558,$,'Miscellaneous');
#9924=IFCMATERIALCONSTITUENT('ntb_boom_ntb',$,#9559,$,'Miscellaneous');
#9925=IFCMATERIALCONSTITUENTSET($,$,(#9923,#9924));
#9926=IFCPROPERTYSET('0RX901AwqXmzRLOiwzzA1z',#18,'Pset_EnvironmentalImpactIndicators',$,(#9577));
#9927=IFCRELDEFINESBYPROPERTIES('0vPWGyHgjC$z0U32PBEHr3',#18,$,$,(#9922),#9926);
#9928=IFCMAPPEDITEM(#9556,#191);
#9929=IFCSHAPEREPRESENTATION(#24,'Body','MappedRepresentation',(#9928));
#9930=IFCPRODUCTDEFINITIONSHAPE($,$,(#9929));
#9931=IFCCARTESIANPOINT((135.303071006938,46.0261851120409,0.));
#9932=IFCAXIS2PLACEMENT3D(#9931,$,$);
#9933=IFCLOCALPLACEMENT(#41,#9932);
#9934=IFCGEOGRAPHICELEMENT('0l6LgP6Of3pBreuHFd6vYY',#18,'{$this("Description")}',$,'Boom',#9933,#9930,'1434033',.USERDEFINED.);
#9935=IFCMATERIALCONSTITUENT('ntb_stam_ntb',$,#9558,$,'Miscellaneous');
#9936=IFCMATERIALCONSTITUENT('ntb_boom_ntb',$,#9559,$,'Miscellaneous');
#9937=IFCMATERIALCONSTITUENTSET($,$,(#9935,#9936));
#9938=IFCPROPERTYSET('3BzpUzpSSKu_OGedkX1p2X',#18,'Pset_EnvironmentalImpactIndicators',$,(#9577));
#9939=IFCRELDEFINESBYPROPERTIES('3WZYGM7YUZCc4X5Ldndr_H',#18,$,$,(#9934),#9938);
#9940=IFCMAPPEDITEM(#9556,#191);
#9941=IFCSHAPEREPRESENTATION(#24,'Body','MappedRepresentation',(#9940));
#9942=IFCPRODUCTDEFINITIONSHAPE($,$,(#9941));
#9943=IFCCARTESIANPOINT((148.463572414252,47.0956501879515,0.));
#9944=IFCAXIS2PLACEMENT3D(#9943,$,$);
#9945=IFCLOCALPLACEMENT(#41,#9944);
#9946=IFCGEOGRAPHICELEMENT('0l6LgP6Of3pBreuHFd6vYg',#18,'{$this("Description")}',$,'Boom',#9945,#9942,'1434041',.USERDEFINED.);
#9947=IFCMATERIALCONSTITUENT('ntb_stam_ntb',$,#9558,$,'Miscellaneous');
#9948=IFCMATERIALCONSTITUENT('ntb_boom_ntb',$,#9559,$,'Miscellaneous');
#9949=IFCMATERIALCONSTITUENTSET($,$,(#9947,#9948));
#9950=IFCPROPERTYSET('2f8olNIMDx1Cv68gv0KpBj',#18,'Pset_EnvironmentalImpactIndicators',$,(#9577));
#9951=IFCRELDEFINESBYPROPERTIES('3ea7CnQ2icPx5v2Gx53cHG',#18,$,$,(#9946),#9950);
#9952=IFCMAPPEDITEM(#9556,#191);
#9953=IFCSHAPEREPRESENTATION(#24,'Body','MappedRepresentation',(#9952));
#9954=IFCPRODUCTDEFINITIONSHAPE($,$,(#9953));
#9955=IFCCARTESIANPOINT((18.2140629694133,55.9082941847406,-1.));
#9956=IFCAXIS2PLACEMENT3D(#9955,$,$);
#9957=IFCLOCALPLACEMENT(#41,#9956);
#9958=IFCGEOGRAPHICELEMENT('0l6LgP6Of3pBreuHFd6vZM',#18,'{$this("Description")}',$,'Boom',#9957,#9954,'1434053',.USERDEFINED.);
#9959=IFCMATERIALCONSTITUENT('ntb_stam_ntb',$,#9558,$,'Miscellaneous');
#9960=IFCMATERIALCONSTITUENT('ntb_boom_ntb',$,#9559,$,'Miscellaneous');
#9961=IFCMATERIALCONSTITUENTSET($,$,(#9959,#9960));
#9962=IFCPROPERTYSET('1ZAVTARa7smbOboStXumEy',#18,'Pset_EnvironmentalImpactIndicators',$,(#9577));
#9963=IFCRELDEFINESBYPROPERTIES('2FKnfDxfcbScGCfZInKhVu',#18,$,$,(#9958),#9962);
#9964=IFCMAPPEDITEM(#9556,#191);
#9965=IFCSHAPEREPRESENTATION(#24,'Body','MappedRepresentation',(#9964));
#9966=IFCPRODUCTDEFINITIONSHAPE($,$,(#9965));
#9967=IFCCARTESIANPOINT((18.0294280674809,64.2509770721914,-1.));
#9968=IFCAXIS2PLACEMENT3D(#9967,$,$);
#9969=IFCLOCALPLACEMENT(#41,#9968);
#9970=IFCGEOGRAPHICELEMENT('0l6LgP6Of3pBreuHFd6vZU',#18,'{$this("Description")}',$,'Boom',#9969,#9966,'1434061',.USERDEFINED.);
#9971=IFCMATERIALCONSTITUENT('ntb_stam_ntb',$,#9558,$,'Miscellaneous');
#9972=IFCMATERIALCONSTITUENT('ntb_boom_ntb',$,#9559,$,'Miscellaneous');
#9973=IFCMATERIALCONSTITUENTSET($,$,(#9971,#9972));
#9974=IFCPROPERTYSET('3sUZVactJ0xn6APySDnqf0',#18,'Pset_EnvironmentalImpactIndicators',$,(#9577));
#9975=IFCRELDEFINESBYPROPERTIES('04Pabj$SQOF9mUp5J5zTCk',#18,$,$,(#9970),#9974);
#9976=IFCMAPPEDITEM(#9556,#191);
#9977=IFCSHAPEREPRESENTATION(#24,'Body','MappedRepresentation',(#9976));
#9978=IFCPRODUCTDEFINITIONSHAPE($,$,(#9977));
#9979=IFCCARTESIANPOINT((18.2140629694133,88.4676142033673,-1.));
#9980=IFCAXIS2PLACEMENT3D(#9979,$,$);
#9981=IFCLOCALPLACEMENT(#41,#9980);
#9982=IFCGEOGRAPHICELEMENT('0l6LgP6Of3pBreuHFd6vZ6',#18,'{$this("Description")}',$,'Boom',#9981,#9978,'1434069',.USERDEFINED.);
#9983=IFCMATERIALCONSTITUENT('ntb_stam_ntb',$,#9558,$,'Miscellaneous');
#9984=IFCMATERIALCONSTITUENT('ntb_boom_ntb',$,#9559,$,'Miscellaneous');
#9985=IFCMATERIALCONSTITUENTSET($,$,(#9983,#9984));
#9986=IFCPROPERTYSET('0BPVQfveEyG14lR_qZq26N',#18,'Pset_EnvironmentalImpactIndicators',$,(#9577));
#9987=IFCRELDEFINESBYPROPERTIES('1AjarvjMcNzcG2VmJ7eAfa',#18,$,$,(#9982),#9986);
#9988=IFCMAPPEDITEM(#9556,#191);
#9989=IFCSHAPEREPRESENTATION(#24,'Body','MappedRepresentation',(#9988));
#9990=IFCPRODUCTDEFINITIONSHAPE($,$,(#9989));
#9991=IFCCARTESIANPOINT((15.8347160487412,95.6037990764267,-1.));
#9992=IFCAXIS2PLACEMENT3D(#9991,$,$);
#9993=IFCLOCALPLACEMENT(#41,#9992);
#9994=IFCGEOGRAPHICELEMENT('0l6LgP6Of3pBreuHFd6vZE',#18,'{$this("Description")}',$,'Boom',#9993,#9990,'1434077',.USERDEFINED.);
#9995=IFCMATERIALCONSTITUENT('ntb_stam_ntb',$,#9558,$,'Miscellaneous');
#9996=IFCMATERIALCONSTITUENT('ntb_boom_ntb',$,#9559,$,'Miscellaneous');
#9997=IFCMATERIALCONSTITUENTSET($,$,(#9995,#9996));
#9998=IFCPROPERTYSET('3LWMy7a88mHNPDfxxl3pbP',#18,'Pset_EnvironmentalImpactIndicators',$,(#9577));
#9999=IFCRELDEFINESBYPROPERTIES('2tEMNJswEexNX_41qbBUlg',#18,$,$,(#9994),#9998);
#10000=IFCMAPPEDITEM(#9556,#191);
#10001=IFCSHAPEREPRESENTATION(#24,'Body','MappedRepresentation',(#10000));
#10002=IFCPRODUCTDEFINITIONSHAPE($,$,(#10001));
#10003=IFCCARTESIANPOINT((16.9648590283852,112.233473326337,-1.));
#10004=IFCAXIS2PLACEMENT3D(#10003,$,$);
#10005=IFCLOCALPLACEMENT(#41,#10004);
#10006=IFCGEOGRAPHICELEMENT('0l6LgP6Of3pBreuHFd6vZq',#18,'{$this("Description")}',$,'Boom',#10005,#10002,'1434087',.USERDEFINED.);
#10007=IFCMATERIALCONSTITUENT('ntb_stam_ntb',$,#9558,$,'Miscellaneous');
#10008=IFCMATERIALCONSTITUENT('ntb_boom_ntb',$,#9559,$,'Miscellaneous');
#10009=IFCMATERIALCONSTITUENTSET($,$,(#10007,#10008));
#10010=IFCPROPERTYSET('0iE4_DDc2QqCY4yDugNzpo',#18,'Pset_EnvironmentalImpactIndicators',$,(#9577));
#10011=IFCRELDEFINESBYPROPERTIES('0Rc7ks9jeshOyZbR0HHqql',#18,$,$,(#10006),#10010);
#10012=IFCMAPPEDITEM(#9556,#191);
#10013=IFCSHAPEREPRESENTATION(#24,'Body','MappedRepresentation',(#10012));
#10014=IFCPRODUCTDEFINITIONSHAPE($,$,(#10013));
#10015=IFCCARTESIANPOINT((16.62854466271,127.403539230839,-1.));
#10016=IFCAXIS2PLACEMENT3D(#10015,$,$);
#10017=IFCLOCALPLACEMENT(#41,#10016);
#10018=IFCGEOGRAPHICELEMENT('0l6LgP6Of3pBreuHFd6vZc',#18,'{$this("Description")}',$,'Boom',#10017,#10014,'1434101',.USERDEFINED.);
#10019=IFCMATERIALCONSTITUENT('ntb_stam_ntb',$,#9558,$,'Miscellaneous');
#10020=IFCMATERIALCONSTITUENT('ntb_boom_ntb',$,#9559,$,'Miscellaneous');
#10021=IFCMATERIALCONSTITUENTSET($,$,(#10019,#10020));
#10022=IFCPROPERTYSET('3lJWiBCGuLxdp85AxR_aMG',#18,'Pset_EnvironmentalImpactIndicators',$,(#9577));
#10023=IFCRELDEFINESBYPROPERTIES('3eKv2Nx3lxZhRf_lyjBJQX',#18,$,$,(#10018),#10022);
#10024=IFCMAPPEDITEM(#9556,#191);
#10025=IFCSHAPEREPRESENTATION(#24,'Body','MappedRepresentation',(#10024));
#10026=IFCPRODUCTDEFINITIONSHAPE($,$,(#10025));
#10027=IFCCARTESIANPOINT((16.4606729660975,134.963696318122,-1.));
#10028=IFCAXIS2PLACEMENT3D(#10027,$,$);
#10029=IFCLOCALPLACEMENT(#41,#10028);
#10030=IFCGEOGRAPHICELEMENT('0l6LgP6Of3pBreuHFd6vZi',#18,'{$this("Description")}',$,'Boom',#10029,#10026,'1434111',.USERDEFINED.);
#10031=IFCMATERIALCONSTITUENT('ntb_stam_ntb',$,#9558,$,'Miscellaneous');
#10032=IFCMATERIALCONSTITUENT('ntb_boom_ntb',$,#9559,$,'Miscellaneous');
#10033=IFCMATERIALCONSTITUENTSET($,$,(#10031,#10032));
#10034=IFCPROPERTYSET('3NSvUscdKwFl2s2woxG3Oq',#18,'Pset_EnvironmentalImpactIndicators',$,(#9577));
#10035=IFCRELDEFINESBYPROPERTIES('1fo97IRQtlKnG86xfNEq9u',#18,$,$,(#10030),#10034);
#10036=IFCMAPPEDITEM(#9556,#191);
#10037=IFCSHAPEREPRESENTATION(#24,'Body','MappedRepresentation',(#10036));
#10038=IFCPRODUCTDEFINITIONSHAPE($,$,(#10037));
#10039=IFCCARTESIANPOINT((15.9789521096193,156.663379767236,-1.));
#10040=IFCAXIS2PLACEMENT3D(#10039,$,$);
#10041=IFCLOCALPLACEMENT(#41,#10040);
#10042=IFCGEOGRAPHICELEMENT('0l6LgP6Of3pBreuHFd6viQ',#18,'{$this("Description")}',$,'Boom',#10041,#10038,'1434121',.USERDEFINED.);
#10043=IFCMATERIALCONSTITUENT('ntb_stam_ntb',$,#9558,$,'Miscellaneous');
#10044=IFCMATERIALCONSTITUENT('ntb_boom_ntb',$,#9559,$,'Miscellaneous');
#10045=IFCMATERIALCONSTITUENTSET($,$,(#10043,#10044));
#10046=IFCPROPERTYSET('3iAXTMnG2AB6WNKpvf_nU7',#18,'Pset_EnvironmentalImpactIndicators',$,(#9577));
#10047=IFCRELDEFINESBYPROPERTIES('0snibYYP_8bmlAkrR5_2R9',#18,$,$,(#10042),#10046);
#10048=IFCMAPPEDITEM(#9556,#191);
#10049=IFCSHAPEREPRESENTATION(#24,'Body','MappedRepresentation',(#10048));
#10050=IFCPRODUCTDEFINITIONSHAPE($,$,(#10049));
#10051=IFCCARTESIANPOINT((15.4917737514281,178.641567507318,-1.));
#10052=IFCAXIS2PLACEMENT3D(#10051,$,$);
#10053=IFCLOCALPLACEMENT(#41,#10052);
#10054=IFCGEOGRAPHICELEMENT('0l6LgP6Of3pBreuHFd6vi2',#18,'{$this("Description")}',$,'Boom',#10053,#10050,'1434129',.USERDEFINED.);
#10055=IFCMATERIALCONSTITUENT('ntb_stam_ntb',$,#9558,$,'Miscellaneous');
#10056=IFCMATERIALCONSTITUENT('ntb_boom_ntb',$,#9559,$,'Miscellaneous');
#10057=IFCMATERIALCONSTITUENTSET($,$,(#10055,#10056));
#10058=IFCPROPERTYSET('0oDL9V$SmbZ6gqM9twbTXo',#18,'Pset_EnvironmentalImpactIndicators',$,(#9577));
#10059=IFCRELDEFINESBYPROPERTIES('2YvrDJcIHfUof2u8ZwsJSX',#18,$,$,(#10054),#10058);
#10060=IFCMAPPEDITEM(#9556,#191);
#10061=IFCSHAPEREPRESENTATION(#24,'Body','MappedRepresentation',(#10060));
#10062=IFCPRODUCTDEFINITIONSHAPE($,$,(#10061));
#10063=IFCCARTESIANPOINT((15.1833103924384,192.55930907468,-1.));
#10064=IFCAXIS2PLACEMENT3D(#10063,$,$);
#10065=IFCLOCALPLACEMENT(#41,#10064);
#10066=IFCGEOGRAPHICELEMENT('0l6LgP6Of3pBreuHFd6viA',#18,'{$this("Description")}',$,'Boom',#10065,#10062,'1434137',.USERDEFINED.);
#10067=IFCMATERIALCONSTITUENT('ntb_stam_ntb',$,#9558,$,'Miscellaneous');
#10068=IFCMATERIALCONSTITUENT('ntb_boom_ntb',$,#9559,$,'Miscellaneous');
#10069=IFCMATERIALCONSTITUENTSET($,$,(#10067,#10068));
#10070=IFCPROPERTYSET('0BdUoqk8zlDKGkFtVwPGL$',#18,'Pset_EnvironmentalImpactIndicators',$,(#9577));
#10071=IFCRELDEFINESBYPROPERTIES('0GEI6GLniamSlkWg3fvB$W',#18,$,$,(#10066),#10070);
#10072=IFCMAPPEDITEM(#9556,#191);
#10073=IFCSHAPEREPRESENTATION(#24,'Body','MappedRepresentation',(#10072));
#10074=IFCPRODUCTDEFINITIONSHAPE($,$,(#10073));
#10075=IFCCARTESIANPOINT((26.2425118066405,193.367065482449,0.));
#10076=IFCAXIS2PLACEMENT3D(#10075,$,$);
#10077=IFCLOCALPLACEMENT(#41,#10076);
#10078=IFCGEOGRAPHICELEMENT('0l6LgP6Of3pBreuHFd6vim',#18,'{$this("Description")}',$,'Boom',#10077,#10074,'1434147',.USERDEFINED.);
#10079=IFCMATERIALCONSTITUENT('ntb_stam_ntb',$,#9558,$,'Miscellaneous');
#10080=IFCMATERIALCONSTITUENT('ntb_boom_ntb',$,#9559,$,'Miscellaneous');
#10081=IFCMATERIALCONSTITUENTSET($,$,(#10079,#10080));
#10082=IFCPROPERTYSET('2zWmrfZ8M0A2lf13GFFrfw',#18,'Pset_EnvironmentalImpactIndicators',$,(#9577));
#10083=IFCRELDEFINESBYPROPERTIES('1y0_kbYY$M5tTvnJqSeGr_',#18,$,$,(#10078),#10082);
#10084=IFCMAPPEDITEM(#9556,#191);
#10085=IFCSHAPEREPRESENTATION(#24,'Body','MappedRepresentation',(#10084));
#10086=IFCPRODUCTDEFINITIONSHAPE($,$,(#10085));
#10087=IFCCARTESIANPOINT((18.2140629694133,212.330363539305,0.));
#10088=IFCAXIS2PLACEMENT3D(#10087,$,$);
#10089=IFCLOCALPLACEMENT(#41,#10088);
#10090=IFCGEOGRAPHICELEMENT('0l6LgP6Of3pBreuHFd6vi_',#18,'{$this("Description")}',$,'Boom',#10089,#10086,'1434157',.USERDEFINED.);
#10091=IFCMATERIALCONSTITUENT('ntb_stam_ntb',$,#9558,$,'Miscellaneous');
#10092=IFCMATERIALCONSTITUENT('ntb_boom_ntb',$,#9559,$,'Miscellaneous');
#10093=IFCMATERIALCONSTITUENTSET($,$,(#10091,#10092));
#10094=IFCPROPERTYSET('0nPC6Wi7K0hj5CzB5OT3zL',#18,'Pset_EnvironmentalImpactIndicators',$,(#9577));
#10095=IFCRELDEFINESBYPROPERTIES('3XDmgwNXKIeDT7ZfLtPplK',#18,$,$,(#10090),#10094);
#10096=IFCMAPPEDITEM(#9556,#191);
#10097=IFCSHAPEREPRESENTATION(#24,'Body','MappedRepresentation',(#10096));
#10098=IFCPRODUCTDEFINITIONSHAPE($,$,(#10097));
#10099=IFCCARTESIANPOINT((14.2843952145579,233.080903679623,-1.));
#10100=IFCAXIS2PLACEMENT3D(#10099,$,$);
#10101=IFCLOCALPLACEMENT(#41,#10100);
#10102=IFCGEOGRAPHICELEMENT('0l6LgP6Of3pBreuHFd6vic',#18,'{$this("Description")}',$,'Boom',#10101,#10098,'1434165',.USERDEFINED.);
#10103=IFCMATERIALCONSTITUENT('ntb_stam_ntb',$,#9558,$,'Miscellaneous');
#10104=IFCMATERIALCONSTITUENT('ntb_boom_ntb',$,#9559,$,'Miscellaneous');
#10105=IFCMATERIALCONSTITUENTSET($,$,(#10103,#10104));
#10106=IFCPROPERTYSET('0406ww6a10dsQq9jDlj0qX',#18,'Pset_EnvironmentalImpactIndicators',$,(#9577));
#10107=IFCRELDEFINESBYPROPERTIES('0HCH1hg2whfdwqZ3Ae07it',#18,$,$,(#10102),#10106);
#10108=IFCMAPPEDITEM(#9556,#191);
#10109=IFCSHAPEREPRESENTATION(#24,'Body','MappedRepresentation',(#10108));
#10110=IFCPRODUCTDEFINITIONSHAPE($,$,(#10109));
#10111=IFCCARTESIANPOINT((79.9989846222254,226.441694121484,0.));
#10112=IFCAXIS2PLACEMENT3D(#10111,$,$);
#10113=IFCLOCALPLACEMENT(#41,#10112);
#10114=IFCGEOGRAPHICELEMENT('0l6LgP6Of3pBreuHFd6vik',#18,'{$this("Description")}',$,'Boom',#10113,#10110,'1434173',.USERDEFINED.);
#10115=IFCMATERIALCONSTITUENT('ntb_stam_ntb',$,#9558,$,'Miscellaneous');
#10116=IFCMATERIALCONSTITUENT('ntb_boom_ntb',$,#9559,$,'Miscellaneous');
#10117=IFCMATERIALCONSTITUENTSET($,$,(#10115,#10116));
#10118=IFCPROPERTYSET('1GrFteakz3lC3S7H8_6PaJ',#18,'Pset_EnvironmentalImpactIndicators',$,(#9577));
#10119=IFCRELDEFINESBYPROPERTIES('2qf3tW$C2FYrhmqkIO0oxd',#18,$,$,(#10114),#10118);
#10120=IFCMAPPEDITEM(#9556,#191);
#10121=IFCSHAPEREPRESENTATION(#24,'Body','MappedRepresentation',(#10120));
#10122=IFCPRODUCTDEFINITIONSHAPE($,$,(#10121));
#10123=IFCCARTESIANPOINT((81.7407413136773,205.325517066256,0.));
#10124=IFCAXIS2PLACEMENT3D(#10123,$,$);
#10125=IFCLOCALPLACEMENT(#41,#10124);
#10126=IFCGEOGRAPHICELEMENT('0l6LgP6Of3pBreuHFd6vjM',#18,'{$this("Description")}',$,'Boom',#10125,#10122,'1434181',.USERDEFINED.);
#10127=IFCMATERIALCONSTITUENT('ntb_stam_ntb',$,#9558,$,'Miscellaneous');
#10128=IFCMATERIALCONSTITUENT('ntb_boom_ntb',$,#9559,$,'Miscellaneous');
#10129=IFCMATERIALCONSTITUENTSET($,$,(#10127,#10128));
#10130=IFCPROPERTYSET('2JsA8fnx75InT6nG4U4ORM',#18,'Pset_EnvironmentalImpactIndicators',$,(#9577));
#10131=IFCRELDEFINESBYPROPERTIES('2Nkft8xq2$msJkNYsEGccR',#18,$,$,(#10126),#10130);
#10132=IFCMAPPEDITEM(#9556,#191);
#10133=IFCSHAPEREPRESENTATION(#24,'Body','MappedRepresentation',(#10132));
#10134=IFCPRODUCTDEFINITIONSHAPE($,$,(#10133));
#10135=IFCCARTESIANPOINT((72.2691150037956,193.933357678262,0.));
#10136=IFCAXIS2PLACEMENT3D(#10135,$,$);
#10137=IFCLOCALPLACEMENT(#41,#10136);
#10138=IFCGEOGRAPHICELEMENT('0l6LgP6Of3pBreuHFd6vjU',#18,'{$this("Description")}',$,'Boom',#10137,#10134,'1434189',.USERDEFINED.);
#10139=IFCMATERIALCONSTITUENT('ntb_stam_ntb',$,#9558,$,'Miscellaneous');
#10140=IFCMATERIALCONSTITUENT('ntb_boom_ntb',$,#9559,$,'Miscellaneous');
#10141=IFCMATERIALCONSTITUENTSET($,$,(#10139,#10140));
#10142=IFCPROPERTYSET('2BN0NXVT$5ARjY2ND97Aal',#18,'Pset_EnvironmentalImpactIndicators',$,(#9577));
#10143=IFCRELDEFINESBYPROPERTIES('21M0XNL04Gfh9Cer8ghGlb',#18,$,$,(#10138),#10142);
#10144=IFCMAPPEDITEM(#9556,#191);
#10145=IFCSHAPEREPRESENTATION(#24,'Body','MappedRepresentation',(#10144));
#10146=IFCPRODUCTDEFINITIONSHAPE($,$,(#10145));
#10147=IFCCARTESIANPOINT((81.7407413137064,181.432604755533,0.));
#10148=IFCAXIS2PLACEMENT3D(#10147,$,$);
#10149=IFCLOCALPLACEMENT(#41,#10148);
#10150=IFCGEOGRAPHICELEMENT('0l6LgP6Of3pBreuHFd6vj6',#18,'{$this("Description")}',$,'Boom',#10149,#10146,'1434197',.USERDEFINED.);
#10151=IFCMATERIALCONSTITUENT('ntb_stam_ntb',$,#9558,$,'Miscellaneous');
#10152=IFCMATERIALCONSTITUENT('ntb_boom_ntb',$,#9559,$,'Miscellaneous');
#10153=IFCMATERIALCONSTITUENTSET($,$,(#10151,#10152));
#10154=IFCPROPERTYSET('0gDVOqtH1uh7I$zuvqjzU$',#18,'Pset_EnvironmentalImpactIndicators',$,(#9577));
#10155=IFCRELDEFINESBYPROPERTIES('0qGrD1BeKSaBKdPpcDQ27N',#18,$,$,(#10150),#10154);
#10156=IFCMAPPEDITEM(#9556,#191);
#10157=IFCSHAPEREPRESENTATION(#24,'Body','MappedRepresentation',(#10156));
#10158=IFCPRODUCTDEFINITIONSHAPE($,$,(#10157));
#10159=IFCCARTESIANPOINT((50.5804696850048,152.117770773326,0.));
#10160=IFCAXIS2PLACEMENT3D(#10159,$,$);
#10161=IFCLOCALPLACEMENT(#41,#10160);
#10162=IFCGEOGRAPHICELEMENT('0l6LgP6Of3pBreuHFd6vjE',#18,'{$this("Description")}',$,'Boom',#10161,#10158,'1434205',.USERDEFINED.);
#10163=IFCMATERIALCONSTITUENT('ntb_stam_ntb',$,#9558,$,'Miscellaneous');
#10164=IFCMATERIALCONSTITUENT('ntb_boom_ntb',$,#9559,$,'Miscellaneous');
#10165=IFCMATERIALCONSTITUENTSET($,$,(#10163,#10164));
#10166=IFCPROPERTYSET('2ezzJYE2BEiQs7LoBhsL2C',#18,'Pset_EnvironmentalImpactIndicators',$,(#9577));
#10167=IFCRELDEFINESBYPROPERTIES('1rtO7oPIyxMp6IzMMNLXdc',#18,$,$,(#10162),#10166);
#10168=IFCMAPPEDITEM(#9556,#191);
#10169=IFCSHAPEREPRESENTATION(#24,'Body','MappedRepresentation',(#10168));
#10170=IFCPRODUCTDEFINITIONSHAPE($,$,(#10169));
#10171=IFCCARTESIANPOINT((62.0616108790075,152.312902679284,0.));
#10172=IFCAXIS2PLACEMENT3D(#10171,$,$);
#10173=IFCLOCALPLACEMENT(#41,#10172);
#10174=IFCGEOGRAPHICELEMENT('0l6LgP6Of3pBreuHFd6vjw',#18,'{$this("Description")}',$,'Boom',#10173,#10170,'1434217',.USERDEFINED.);
#10175=IFCMATERIALCONSTITUENT('ntb_stam_ntb',$,#9558,$,'Miscellaneous');
#10176=IFCMATERIALCONSTITUENT('ntb_boom_ntb',$,#9559,$,'Miscellaneous');
#10177=IFCMATERIALCONSTITUENTSET($,$,(#10175,#10176));
#10178=IFCPROPERTYSET('2LVcUjwFG04ZbNM74iZGbi',#18,'Pset_EnvironmentalImpactIndicators',$,(#9577));
#10179=IFCRELDEFINESBYPROPERTIES('01umCsT9IS_gKS00sYk7Pn',#18,$,$,(#10174),#10178);
#10180=IFCMAPPEDITEM(#9556,#191);
#10181=IFCSHAPEREPRESENTATION(#24,'Body','MappedRepresentation',(#10180));
#10182=IFCPRODUCTDEFINITIONSHAPE($,$,(#10181));
#10183=IFCCARTESIANPOINT((73.7932345041865,152.516595656019,0.));
#10184=IFCAXIS2PLACEMENT3D(#10183,$,$);
#10185=IFCLOCALPLACEMENT(#41,#10184);
#10186=IFCGEOGRAPHICELEMENT('0l6LgP6Of3pBreuHFd6vjY',#18,'{$this("Description")}',$,'Boom',#10185,#10182,'1434225',.USERDEFINED.);
#10187=IFCMATERIALCONSTITUENT('ntb_stam_ntb',$,#9558,$,'Miscellaneous');
#10188=IFCMATERIALCONSTITUENT('ntb_boom_ntb',$,#9559,$,'Miscellaneous');
#10189=IFCMATERIALCONSTITUENTSET($,$,(#10187,#10188));
#10190=IFCPROPERTYSET('0gGmbEbLKf6cwK3HfvcfBN',#18,'Pset_EnvironmentalImpactIndicators',$,(#9577));
#10191=IFCRELDEFINESBYPROPERTIES('3QMR3LCqQeRgD8iNie6J04',#18,$,$,(#10186),#10190);
#10192=IFCMAPPEDITEM(#9556,#191);
#10193=IFCSHAPEREPRESENTATION(#24,'Body','MappedRepresentation',(#10192));
#10194=IFCPRODUCTDEFINITIONSHAPE($,$,(#10193));
#10195=IFCCARTESIANPOINT((83.1475284187565,154.534457272526,0.));
#10196=IFCAXIS2PLACEMENT3D(#10195,$,$);
#10197=IFCLOCALPLACEMENT(#41,#10196);
#10198=IFCGEOGRAPHICELEMENT('0l6LgP6Of3pBreuHFd6vje',#18,'{$this("Description")}',$,'Boom',#10197,#10194,'1434235',.USERDEFINED.);
#10199=IFCMATERIALCONSTITUENT('ntb_stam_ntb',$,#9558,$,'Miscellaneous');
#10200=IFCMATERIALCONSTITUENT('ntb_boom_ntb',$,#9559,$,'Miscellaneous');
#10201=IFCMATERIALCONSTITUENTSET($,$,(#10199,#10200));
#10202=IFCPROPERTYSET('1lJrGXoLdhmF0T85RXXv0G',#18,'Pset_EnvironmentalImpactIndicators',$,(#9577));
#10203=IFCRELDEFINESBYPROPERTIES('1gulstCn1ioKyD79tO2BDu',#18,$,$,(#10198),#10202);
#10204=IFCMAPPEDITEM(#9556,#191);
#10205=IFCSHAPEREPRESENTATION(#24,'Body','MappedRepresentation',(#10204));
#10206=IFCPRODUCTDEFINITIONSHAPE($,$,(#10205));
#10207=IFCCARTESIANPOINT((50.7697866137116,141.00386213863,0.));
#10208=IFCAXIS2PLACEMENT3D(#10207,$,$);
#10209=IFCLOCALPLACEMENT(#41,#10208);
#10210=IFCGEOGRAPHICELEMENT('0l6LgP6Of3pBreuHFd6vkU',#18,'{$this("Description")}',$,'Boom',#10209,#10206,'1434253',.USERDEFINED.);
#10211=IFCMATERIALCONSTITUENT('ntb_stam_ntb',$,#9558,$,'Miscellaneous');
#10212=IFCMATERIALCONSTITUENT('ntb_boom_ntb',$,#9559,$,'Miscellaneous');
#10213=IFCMATERIALCONSTITUENTSET($,$,(#10211,#10212));
#10214=IFCPROPERTYSET('3vHI5wfoBnv1tfisW6hHW4',#18,'Pset_EnvironmentalImpactIndicators',$,(#9577));
#10215=IFCRELDEFINESBYPROPERTIES('0ddr5OCU$4QHKt75EhjlsX',#18,$,$,(#10210),#10214);
#10216=IFCMAPPEDITEM(#9556,#191);
#10217=IFCSHAPEREPRESENTATION(#24,'Body','MappedRepresentation',(#10216));
#10218=IFCPRODUCTDEFINITIONSHAPE($,$,(#10217));
#10219=IFCCARTESIANPOINT((62.2522739507351,141.201423745045,0.));
#10220=IFCAXIS2PLACEMENT3D(#10219,$,$);
#10221=IFCLOCALPLACEMENT(#41,#10220);
#10222=IFCGEOGRAPHICELEMENT('0l6LgP6Of3pBreuHFd6vkA',#18,'{$this("Description")}',$,'Boom',#10221,#10218,'1434265',.USERDEFINED.);
#10223=IFCMATERIALCONSTITUENT('ntb_stam_ntb',$,#9558,$,'Miscellaneous');
#10224=IFCMATERIALCONSTITUENT('ntb_boom_ntb',$,#9559,$,'Miscellaneous');
#10225=IFCMATERIALCONSTITUENTSET($,$,(#10223,#10224));
#10226=IFCPROPERTYSET('0Uk9BB2OBAZKFhZK16T4D3',#18,'Pset_EnvironmentalImpactIndicators',$,(#9577));
#10227=IFCRELDEFINESBYPROPERTIES('0rbiwzg_YDNhjRPw$CNKVq',#18,$,$,(#10222),#10226);
#10228=IFCMAPPEDITEM(#9556,#191);
#10229=IFCSHAPEREPRESENTATION(#24,'Body','MappedRepresentation',(#10228));
#10230=IFCPRODUCTDEFINITIONSHAPE($,$,(#10229));
#10231=IFCCARTESIANPOINT((73.9837299666635,141.401310649784,0.));
#10232=IFCAXIS2PLACEMENT3D(#10231,$,$);
#10233=IFCLOCALPLACEMENT(#41,#10232);
#10234=IFCGEOGRAPHICELEMENT('0l6LgP6Of3pBreuHFd6vko',#18,'{$this("Description")}',$,'Boom',#10233,#10230,'1434273',.USERDEFINED.);
#10235=IFCMATERIALCONSTITUENT('ntb_stam_ntb',$,#9558,$,'Miscellaneous');
#10236=IFCMATERIALCONSTITUENT('ntb_boom_ntb',$,#9559,$,'Miscellaneous');
#10237=IFCMATERIALCONSTITUENTSET($,$,(#10235,#10236));
#10238=IFCPROPERTYSET('1vf1zQpr9jUy4SbiAR1xRn',#18,'Pset_EnvironmentalImpactIndicators',$,(#9577));
#10239=IFCRELDEFINESBYPROPERTIES('1wSp2pyIbJPCrDk5azzGhw',#18,$,$,(#10234),#10238);
#10240=IFCMAPPEDITEM(#9556,#191);
#10241=IFCSHAPEREPRESENTATION(#24,'Body','MappedRepresentation',(#10240));
#10242=IFCPRODUCTDEFINITIONSHAPE($,$,(#10241));
#10243=IFCCARTESIANPOINT((85.2151701485656,127.067228356227,0.));
#10244=IFCAXIS2PLACEMENT3D(#10243,$,$);
#10245=IFCLOCALPLACEMENT(#41,#10244);
#10246=IFCGEOGRAPHICELEMENT('0l6LgP6Of3pBreuHFd6vkY',#18,'{$this("Description")}',$,'Boom',#10245,#10242,'1434289',.USERDEFINED.);
#10247=IFCMATERIALCONSTITUENT('ntb_stam_ntb',$,#9558,$,'Miscellaneous');
#10248=IFCMATERIALCONSTITUENT('ntb_boom_ntb',$,#9559,$,'Miscellaneous');
#10249=IFCMATERIALCONSTITUENTSET($,$,(#10247,#10248));
#10250=IFCPROPERTYSET('3178Yiz27_IoVMdvft9XmK',#18,'Pset_EnvironmentalImpactIndicators',$,(#9577));
#10251=IFCRELDEFINESBYPROPERTIES('1gafn_gcWzlQXlQxbz7cTJ',#18,$,$,(#10246),#10250);
#10252=IFCMAPPEDITEM(#9556,#191);
#10253=IFCSHAPEREPRESENTATION(#24,'Body','MappedRepresentation',(#10252));
#10254=IFCPRODUCTDEFINITIONSHAPE($,$,(#10253));
#10255=IFCCARTESIANPOINT((85.2151701485656,110.849471382531,0.));
#10256=IFCAXIS2PLACEMENT3D(#10255,$,$);
#10257=IFCLOCALPLACEMENT(#41,#10256);
#10258=IFCGEOGRAPHICELEMENT('0l6LgP6Of3pBreuHFd6vke',#18,'{$this("Description")}',$,'Boom',#10257,#10254,'1434299',.USERDEFINED.);
#10259=IFCMATERIALCONSTITUENT('ntb_stam_ntb',$,#9558,$,'Miscellaneous');
#10260=IFCMATERIALCONSTITUENT('ntb_boom_ntb',$,#9559,$,'Miscellaneous');
#10261=IFCMATERIALCONSTITUENTSET($,$,(#10259,#10260));
#10262=IFCPROPERTYSET('1XlL64UTZfJRjPtn89fcfM',#18,'Pset_EnvironmentalImpactIndicators',$,(#9577));
#10263=IFCRELDEFINESBYPROPERTIES('2gjqThRmWsZJ8285Db2BUw',#18,$,$,(#10258),#10262);
#10264=IFCMAPPEDITEM(#9556,#191);
#10265=IFCSHAPEREPRESENTATION(#24,'Body','MappedRepresentation',(#10264));
#10266=IFCPRODUCTDEFINITIONSHAPE($,$,(#10265));
#10267=IFCCARTESIANPOINT((85.2151701485656,94.8600347543503,0.));
#10268=IFCAXIS2PLACEMENT3D(#10267,$,$);
#10269=IFCLOCALPLACEMENT(#41,#10268);
#10270=IFCGEOGRAPHICELEMENT('0l6LgP6Of3pBreuHFd6vlG',#18,'{$this("Description")}',$,'Boom',#10269,#10266,'1434307',.USERDEFINED.);
#10271=IFCMATERIALCONSTITUENT('ntb_stam_ntb',$,#9558,$,'Miscellaneous');
#10272=IFCMATERIALCONSTITUENT('ntb_boom_ntb',$,#9559,$,'Miscellaneous');
#10273=IFCMATERIALCONSTITUENTSET($,$,(#10271,#10272));
#10274=IFCPROPERTYSET('22v$LfHSdrXv4ZYAKXck7V',#18,'Pset_EnvironmentalImpactIndicators',$,(#9577));
#10275=IFCRELDEFINESBYPROPERTIES('2Y8EDxbY0GkYDRD848qryq',#18,$,$,(#10270),#10274);
#10276=IFCMAPPEDITEM(#9556,#191);
#10277=IFCSHAPEREPRESENTATION(#24,'Body','MappedRepresentation',(#10276));
#10278=IFCPRODUCTDEFINITIONSHAPE($,$,(#10277));
#10279=IFCCARTESIANPOINT((85.2348465016496,75.0122841336084,0.));
#10280=IFCAXIS2PLACEMENT3D(#10279,$,$);
#10281=IFCLOCALPLACEMENT(#41,#10280);
#10282=IFCGEOGRAPHICELEMENT('0l6LgP6Of3pBreuHFd6vlO',#18,'{$this("Description")}',$,'Boom',#10281,#10278,'1434315',.USERDEFINED.);
#10283=IFCMATERIALCONSTITUENT('ntb_stam_ntb',$,#9558,$,'Miscellaneous');
#10284=IFCMATERIALCONSTITUENT('ntb_boom_ntb',$,#9559,$,'Miscellaneous');
#10285=IFCMATERIALCONSTITUENTSET($,$,(#10283,#10284));
#10286=IFCPROPERTYSET('3U2plGSinZTAgj6Nd5guIK',#18,'Pset_EnvironmentalImpactIndicators',$,(#9577));
#10287=IFCRELDEFINESBYPROPERTIES('05kH$Llpnakb0vpNk0Liw5',#18,$,$,(#10282),#10286);
#10288=IFCMAPPEDITEM(#9556,#191);
#10289=IFCSHAPEREPRESENTATION(#24,'Body','MappedRepresentation',(#10288));
#10290=IFCPRODUCTDEFINITIONSHAPE($,$,(#10289));
#10291=IFCCARTESIANPOINT((85.3520620500296,68.8901333274803,0.));
#10292=IFCAXIS2PLACEMENT3D(#10291,$,$);
#10293=IFCLOCALPLACEMENT(#41,#10292);
#10294=IFCGEOGRAPHICELEMENT('0l6LgP6Of3pBreuHFd6vl0',#18,'{$this("Description")}',$,'Boom',#10293,#10290,'1434323',.USERDEFINED.);
#10295=IFCMATERIALCONSTITUENT('ntb_stam_ntb',$,#9558,$,'Miscellaneous');
#10296=IFCMATERIALCONSTITUENT('ntb_boom_ntb',$,#9559,$,'Miscellaneous');
#10297=IFCMATERIALCONSTITUENTSET($,$,(#10295,#10296));
#10298=IFCPROPERTYSET('2sHcbZb2$$WW5gfGVzZ9ki',#18,'Pset_EnvironmentalImpactIndicators',$,(#9577));
#10299=IFCRELDEFINESBYPROPERTIES('0tpuo20xYrD7ImQgeONJ67',#18,$,$,(#10294),#10298);
#10300=IFCMAPPEDITEM(#9556,#191);
#10301=IFCSHAPEREPRESENTATION(#24,'Body','MappedRepresentation',(#10300));
#10302=IFCPRODUCTDEFINITIONSHAPE($,$,(#10301));
#10303=IFCCARTESIANPOINT((177.321823235465,55.6256709038531,-1.));
#10304=IFCAXIS2PLACEMENT3D(#10303,$,$);
#10305=IFCLOCALPLACEMENT(#41,#10304);
#10306=IFCGEOGRAPHICELEMENT('0l6LgP6Of3pBreuHFd6vlC',#18,'{$this("Description")}',$,'Boom',#10305,#10302,'1434335',.USERDEFINED.);
#10307=IFCMATERIALCONSTITUENT('ntb_stam_ntb',$,#9558,$,'Miscellaneous');
#10308=IFCMATERIALCONSTITUENT('ntb_boom_ntb',$,#9559,$,'Miscellaneous');
#10309=IFCMATERIALCONSTITUENTSET($,$,(#10307,#10308));
#10310=IFCPROPERTYSET('1uIf_604n8ZoHvLlMA9TPl',#18,'Pset_EnvironmentalImpactIndicators',$,(#9577));
#10311=IFCRELDEFINESBYPROPERTIES('2LnwlEgvQkCd6s$OJPhlzY',#18,$,$,(#10306),#10310);
#10312=IFCMAPPEDITEM(#9556,#191);
#10313=IFCSHAPEREPRESENTATION(#24,'Body','MappedRepresentation',(#10312));
#10314=IFCPRODUCTDEFINITIONSHAPE($,$,(#10313));
#10315=IFCCARTESIANPOINT((178.25442170894,60.7317948777014,-1.));
#10316=IFCAXIS2PLACEMENT3D(#10315,$,$);
#10317=IFCLOCALPLACEMENT(#41,#10316);
#10318=IFCGEOGRAPHICELEMENT('0l6LgP6Of3pBreuHFd6vlq',#18,'{$this("Description")}',$,'Boom',#10317,#10314,'1434343',.USERDEFINED.);
#10319=IFCMATERIALCONSTITUENT('ntb_stam_ntb',$,#9558,$,'Miscellaneous');
#10320=IFCMATERIALCONSTITUENT('ntb_boom_ntb',$,#9559,$,'Miscellaneous');
#10321=IFCMATERIALCONSTITUENTSET($,$,(#10319,#10320));
#10322=IFCPROPERTYSET('1dL30K9izYIHFStXHQZxHz',#18,'Pset_EnvironmentalImpactIndicators',$,(#9577));
#10323=IFCRELDEFINESBYPROPERTIES('16xenAlJObNItrTugtdrTz',#18,$,$,(#10318),#10322);
#10324=IFCMAPPEDITEM(#9556,#191);
#10325=IFCSHAPEREPRESENTATION(#24,'Body','MappedRepresentation',(#10324));
#10326=IFCPRODUCTDEFINITIONSHAPE($,$,(#10325));
#10327=IFCCARTESIANPOINT((180.069061503407,72.188979628605,-1.));
#10328=IFCAXIS2PLACEMENT3D(#10327,$,$);
#10329=IFCLOCALPLACEMENT(#41,#10328);
#10330=IFCGEOGRAPHICELEMENT('0l6LgP6Of3pBreuHFd6vlY',#18,'{$this("Description")}',$,'Boom',#10329,#10326,'1434353',.USERDEFINED.);
#10331=IFCMATERIALCONSTITUENT('ntb_stam_ntb',$,#9558,$,'Miscellaneous');
#10332=IFCMATERIALCONSTITUENT('ntb_boom_ntb',$,#9559,$,'Miscellaneous');
#10333=IFCMATERIALCONSTITUENTSET($,$,(#10331,#10332));
#10334=IFCPROPERTYSET('1E4L8h5$cLC$2csxhi5F$n',#18,'Pset_EnvironmentalImpactIndicators',$,(#9577));
#10335=IFCRELDEFINESBYPROPERTIES('25R2RLaAHIFbf3Zq4iCggO',#18,$,$,(#10330),#10334);
#10336=IFCMAPPEDITEM(#9556,#191);
#10337=IFCSHAPEREPRESENTATION(#24,'Body','MappedRepresentation',(#10336));
#10338=IFCPRODUCTDEFINITIONSHAPE($,$,(#10337));
#10339=IFCCARTESIANPOINT((178.254421708911,76.5061999091082,-1.));
#10340=IFCAXIS2PLACEMENT3D(#10339,$,$);
#10341=IFCLOCALPLACEMENT(#41,#10340);
#10342=IFCGEOGRAPHICELEMENT('0l6LgP6Of3pBreuHFd6veI',#18,'{$this("Description")}',$,'Boom',#10341,#10338,'1434369',.USERDEFINED.);
#10343=IFCMATERIALCONSTITUENT('ntb_stam_ntb',$,#9558,$,'Miscellaneous');
#10344=IFCMATERIALCONSTITUENT('ntb_boom_ntb',$,#9559,$,'Miscellaneous');
#10345=IFCMATERIALCONSTITUENTSET($,$,(#10343,#10344));
#10346=IFCPROPERTYSET('2wtoUGszxP7zptqrZrHY5D',#18,'Pset_EnvironmentalImpactIndicators',$,(#9577));
#10347=IFCRELDEFINESBYPROPERTIES('387aDEZYZoM7XLzWUDNfDU',#18,$,$,(#10342),#10346);
#10348=IFCMAPPEDITEM(#9556,#191);
#10349=IFCSHAPEREPRESENTATION(#24,'Body','MappedRepresentation',(#10348));
#10350=IFCPRODUCTDEFINITIONSHAPE($,$,(#10349));
#10351=IFCCARTESIANPOINT((178.254855485526,88.0970032809087,-1.));
#10352=IFCAXIS2PLACEMENT3D(#10351,$,$);
#10353=IFCLOCALPLACEMENT(#41,#10352);
#10354=IFCGEOGRAPHICELEMENT('0l6LgP6Of3pBreuHFd6ve0',#18,'{$this("Description")}',$,'Boom',#10353,#10350,'1434387',.USERDEFINED.);
#10355=IFCMATERIALCONSTITUENT('ntb_stam_ntb',$,#9558,$,'Miscellaneous');
#10356=IFCMATERIALCONSTITUENT('ntb_boom_ntb',$,#9559,$,'Miscellaneous');
#10357=IFCMATERIALCONSTITUENTSET($,$,(#10355,#10356));
#10358=IFCPROPERTYSET('3ET_d3GaqOIgg29Mvr$fUc',#18,'Pset_EnvironmentalImpactIndicators',$,(#9577));
#10359=IFCRELDEFINESBYPROPERTIES('1bfesyHoDWp$2BOTVyWIGx',#18,$,$,(#10354),#10358);
#10360=IFCMAPPEDITEM(#9556,#191);
#10361=IFCSHAPEREPRESENTATION(#24,'Body','MappedRepresentation',(#10360));
#10362=IFCPRODUCTDEFINITIONSHAPE($,$,(#10361));
#10363=IFCCARTESIANPOINT((165.281011772148,104.591424309557,0.));
#10364=IFCAXIS2PLACEMENT3D(#10363,$,$);
#10365=IFCLOCALPLACEMENT(#41,#10364);
#10366=IFCGEOGRAPHICELEMENT('0l6LgP6Of3pBreuHFd6vev',#18,'{$this("Description")}',$,'Boom',#10365,#10362,'1434410',.USERDEFINED.);
#10367=IFCMATERIALCONSTITUENT('ntb_stam_ntb',$,#9558,$,'Miscellaneous');
#10368=IFCMATERIALCONSTITUENT('ntb_boom_ntb',$,#9559,$,'Miscellaneous');
#10369=IFCMATERIALCONSTITUENTSET($,$,(#10367,#10368));
#10370=IFCPROPERTYSET('0gs_CZa9DEkex4KC8nMNjr',#18,'Pset_EnvironmentalImpactIndicators',$,(#9577));
#10371=IFCRELDEFINESBYPROPERTIES('1CltEoWD2nGsrG6THurU3r',#18,$,$,(#10366),#10370);
#10372=IFCMAPPEDITEM(#9556,#191);
#10373=IFCSHAPEREPRESENTATION(#24,'Body','MappedRepresentation',(#10372));
#10374=IFCPRODUCTDEFINITIONSHAPE($,$,(#10373));
#10375=IFCCARTESIANPOINT((176.943375841578,111.279414802582,-1.));
#10376=IFCAXIS2PLACEMENT3D(#10375,$,$);
#10377=IFCLOCALPLACEMENT(#41,#10376);
#10378=IFCGEOGRAPHICELEMENT('0l6LgP6Of3pBreuHFd6veb',#18,'{$this("Description")}',$,'Boom',#10377,#10374,'1434422',.USERDEFINED.);
#10379=IFCMATERIALCONSTITUENT('ntb_stam_ntb',$,#9558,$,'Miscellaneous');
#10380=IFCMATERIALCONSTITUENT('ntb_boom_ntb',$,#9559,$,'Miscellaneous');
#10381=IFCMATERIALCONSTITUENTSET($,$,(#10379,#10380));
#10382=IFCPROPERTYSET('1qUKNkX78h4KnWtH3qJzD8',#18,'Pset_EnvironmentalImpactIndicators',$,(#9577));
#10383=IFCRELDEFINESBYPROPERTIES('2OXgxpGLOtaqNRgui4yIG9',#18,$,$,(#10378),#10382);
#10384=IFCMAPPEDITEM(#9556,#191);
#10385=IFCSHAPEREPRESENTATION(#24,'Body','MappedRepresentation',(#10384));
#10386=IFCPRODUCTDEFINITIONSHAPE($,$,(#10385));
#10387=IFCCARTESIANPOINT((176.943375841578,118.749646208914,-1.));
#10388=IFCAXIS2PLACEMENT3D(#10387,$,$);
#10389=IFCLOCALPLACEMENT(#41,#10388);
#10390=IFCGEOGRAPHICELEMENT('0l6LgP6Of3pBreuHFd6vej',#18,'{$this("Description")}',$,'Boom',#10389,#10386,'1434430',.USERDEFINED.);
#10391=IFCMATERIALCONSTITUENT('ntb_stam_ntb',$,#9558,$,'Miscellaneous');
#10392=IFCMATERIALCONSTITUENT('ntb_boom_ntb',$,#9559,$,'Miscellaneous');
#10393=IFCMATERIALCONSTITUENTSET($,$,(#10391,#10392));
#10394=IFCPROPERTYSET('1rYOJDTDWxcPWB8dAmm4ws',#18,'Pset_EnvironmentalImpactIndicators',$,(#9577));
#10395=IFCRELDEFINESBYPROPERTIES('2CCbQaH_QBe$MWH6Jrje5g',#18,$,$,(#10390),#10394);
#10396=IFCMAPPEDITEM(#9556,#191);
#10397=IFCSHAPEREPRESENTATION(#24,'Body','MappedRepresentation',(#10396));
#10398=IFCPRODUCTDEFINITIONSHAPE($,$,(#10397));
#10399=IFCCARTESIANPOINT((172.246988705456,130.734668837129,-1.));
#10400=IFCAXIS2PLACEMENT3D(#10399,$,$);
#10401=IFCLOCALPLACEMENT(#41,#10400);
#10402=IFCGEOGRAPHICELEMENT('0l6LgP6Of3pBreuHFd6vfL',#18,'{$this("Description")}',$,'Boom',#10401,#10398,'1434438',.USERDEFINED.);
#10403=IFCMATERIALCONSTITUENT('ntb_stam_ntb',$,#9558,$,'Miscellaneous');
#10404=IFCMATERIALCONSTITUENT('ntb_boom_ntb',$,#9559,$,'Miscellaneous');
#10405=IFCMATERIALCONSTITUENTSET($,$,(#10403,#10404));
#10406=IFCPROPERTYSET('3IPGEEGhnTIwCG9wm$nVdZ',#18,'Pset_EnvironmentalImpactIndicators',$,(#9577));
#10407=IFCRELDEFINESBYPROPERTIES('2YqvZHS2arC$J2aZQoumLU',#18,$,$,(#10402),#10406);
#10408=IFCMAPPEDITEM(#9556,#191);
#10409=IFCSHAPEREPRESENTATION(#24,'Body','MappedRepresentation',(#10408));
#10410=IFCPRODUCTDEFINITIONSHAPE($,$,(#10409));
#10411=IFCCARTESIANPOINT((167.647222609967,128.096046282993,-1.));
#10412=IFCAXIS2PLACEMENT3D(#10411,$,$);
#10413=IFCLOCALPLACEMENT(#41,#10412);
#10414=IFCGEOGRAPHICELEMENT('0l6LgP6Of3pBreuHFd6vfT',#18,'{$this("Description")}',$,'Boom',#10413,#10410,'1434446',.USERDEFINED.);
#10415=IFCMATERIALCONSTITUENT('ntb_stam_ntb',$,#9558,$,'Miscellaneous');
#10416=IFCMATERIALCONSTITUENT('ntb_boom_ntb',$,#9559,$,'Miscellaneous');
#10417=IFCMATERIALCONSTITUENTSET($,$,(#10415,#10416));
#10418=IFCPROPERTYSET('34RKLWPCR2qaTQT46yqGWG',#18,'Pset_EnvironmentalImpactIndicators',$,(#9577));
#10419=IFCRELDEFINESBYPROPERTIES('2_TmpSgMj$$SLroqfEA$Xs',#18,$,$,(#10414),#10418);
#10420=IFCMAPPEDITEM(#9556,#191);
#10421=IFCSHAPEREPRESENTATION(#24,'Body','MappedRepresentation',(#10420));
#10422=IFCPRODUCTDEFINITIONSHAPE($,$,(#10421));
#10423=IFCCARTESIANPOINT((148.968879633709,128.149611852564,-1.));
#10424=IFCAXIS2PLACEMENT3D(#10423,$,$);
#10425=IFCLOCALPLACEMENT(#41,#10424);
#10426=IFCGEOGRAPHICELEMENT('0l6LgP6Of3pBreuHFd6vf5',#18,'{$this("Description")}',$,'Boom',#10425,#10422,'1434454',.USERDEFINED.);
#10427=IFCMATERIALCONSTITUENT('ntb_stam_ntb',$,#9558,$,'Miscellaneous');
#10428=IFCMATERIALCONSTITUENT('ntb_boom_ntb',$,#9559,$,'Miscellaneous');
#10429=IFCMATERIALCONSTITUENTSET($,$,(#10427,#10428));
#10430=IFCPROPERTYSET('3pk_TcWmqaofLO_RRdxa1f',#18,'Pset_EnvironmentalImpactIndicators',$,(#9577));
#10431=IFCRELDEFINESBYPROPERTIES('091sGhiZY6ql9DBRcFU1$Q',#18,$,$,(#10426),#10430);
#10432=IFCMAPPEDITEM(#9556,#191);
#10433=IFCSHAPEREPRESENTATION(#24,'Body','MappedRepresentation',(#10432));
#10434=IFCPRODUCTDEFINITIONSHAPE($,$,(#10433));
#10435=IFCCARTESIANPOINT((130.597916422799,127.860825823063,-1.));
#10436=IFCAXIS2PLACEMENT3D(#10435,$,$);
#10437=IFCLOCALPLACEMENT(#41,#10436);
#10438=IFCGEOGRAPHICELEMENT('0l6LgP6Of3pBreuHFd6vfD',#18,'{$this("Description")}',$,'Boom',#10437,#10434,'1434462',.USERDEFINED.);
#10439=IFCMATERIALCONSTITUENT('ntb_stam_ntb',$,#9558,$,'Miscellaneous');
#10440=IFCMATERIALCONSTITUENT('ntb_boom_ntb',$,#9559,$,'Miscellaneous');
#10441=IFCMATERIALCONSTITUENTSET($,$,(#10439,#10440));
#10442=IFCPROPERTYSET('2VNajs1xynO7bFEOIUgGdB',#18,'Pset_EnvironmentalImpactIndicators',$,(#9577));
#10443=IFCRELDEFINESBYPROPERTIES('3U3mr4$b7VP1BmIa$7wIhe',#18,$,$,(#10438),#10442);
#10444=IFCMAPPEDITEM(#9556,#191);
#10445=IFCSHAPEREPRESENTATION(#24,'Body','MappedRepresentation',(#10444));
#10446=IFCPRODUCTDEFINITIONSHAPE($,$,(#10445));
#10447=IFCCARTESIANPOINT((124.906784670582,127.295861557093,-1.));
#10448=IFCAXIS2PLACEMENT3D(#10447,$,$);
#10449=IFCLOCALPLACEMENT(#41,#10448);
#10450=IFCGEOGRAPHICELEMENT('0l6LgP6Of3pBreuHFd6vfr',#18,'{$this("Description")}',$,'Boom',#10449,#10446,'1434470',.USERDEFINED.);
#10451=IFCMATERIALCONSTITUENT('ntb_stam_ntb',$,#9558,$,'Miscellaneous');
#10452=IFCMATERIALCONSTITUENT('ntb_boom_ntb',$,#9559,$,'Miscellaneous');
#10453=IFCMATERIALCONSTITUENTSET($,$,(#10451,#10452));
#10454=IFCPROPERTYSET('2pJ3brWsABd0vNePIdbpJg',#18,'Pset_EnvironmentalImpactIndicators',$,(#9577));
#10455=IFCRELDEFINESBYPROPERTIES('1mexmNmkOovMLt2sm$inT$',#18,$,$,(#10450),#10454);
#10456=IFCPROPERTYSINGLEVALUE('Reference',$,IFCIDENTIFIER('PD_level bouwniveau (PBP)'),$);
#10457=IFCPROPERTYSINGLEVALUE('EntranceLevel',$,IFCBOOLEAN(.F.),$);
#10458=IFCPROPERTYSINGLEVALUE('AboveGround',$,IFCLOGICAL(.F.),$);
#10459=IFCPROPERTYSET('2hYC7J6IWuJF$B9V6L1PDP',#18,'Pset_BuildingStoreyCommon',$,(#10456,#10457,#10458));
#10460=IFCRELDEFINESBYPROPERTIES('0Z56$EqaYO70JVIPL3JGDh',#18,$,$,(#38),#10459);
#10461=IFCPROPERTYSINGLEVALUE('EntranceLevel',$,IFCBOOLEAN(.T.),$);
#10462=IFCPROPERTYSINGLEVALUE('AboveGround',$,IFCLOGICAL(.T.),$);
#10463=IFCPROPERTYSET('1_7moBygRSa20cfM1ZPHht',#18,'Pset_BuildingStoreyCommon',$,(#10456,#10461,#10462));
#10464=IFCRELDEFINESBYPROPERTIES('0A_SCcO4H$XBxOVs2Mr63K',#18,$,$,(#45),#10463);
#10465=IFCRELCONTAINEDINSPATIALSTRUCTURE('1nR_ye5Ir23BMRElRJLC7Q',#18,$,$,(#197),#45);
#10466=IFCPROPERTYSINGLEVALUE('Reference',$,IFCIDENTIFIER('PD_level referentieniveau (SP)'),$);
#10467=IFCPROPERTYSET('1Nij0_bJTcbd8WiF9Lo9F1',#18,'Pset_BuildingStoreyCommon',$,(#10457,#10458,#10466));
#10468=IFCRELDEFINESBYPROPERTIES('3ZanWwB64nxtu04dhMrkAV',#18,$,$,(#42),#10467);
#10469=IFCRELCONTAINEDINSPATIALSTRUCTURE('1oNviq8sDDUfmq0OJy65n8',#18,$,$,(#234,#268,#297,#325,#351,#379,#405,#434,#463,#488,#517,#549,#578,#607,#636,#665,#694,#723,#752,#781,#810,#839,#868,#897,#926,#955,#984,#1013,#1042,#1071,#1100,#1129,#1158,#1187,#1216,#1245,#1274,#1303,#1332,#1361,#1390,#1419,#1448,#1477,#1506,#1535,#1564,#1593,#1622,#1651,#1680,#1709,#1738,#1767,#1796,#1825,#1854,#1883,#1912,#1941,#1970,#1999,#2028,#2057,#2086,#2115,#2144,#2172,#2198,#2227,#2259,#2288,#2344,#2383,#2415,#2438,#2472,#2496,#2522,#2548,#2576,#2602,#2628,#2654,#2680,#2706,#2735,#2763,#2789,#2815,#2843,#2869,#2895,#2921,#2947,#2973,#2999,#3025,#3054,#3083,#3109,#3135,#3161,#3187,#3213,#3239,#3265,#3291,#3317,#3343,#3369,#3395,#3421,#3447,#3483,#3508,#3532,#3556,#3580,#3604,#3628,#3652,#3676,#3700,#3724,#3748,#3772,#3796,#3820,#3844,#3868,#3892,#3916,#3940,#3964,#3988,#4012,#4036,#4060,#4084,#4108,#4132,#4156,#4180,#4204,#4228,#4252,#4276,#4300,#4324,#4348,#4372,#4396,#4420,#4444,#4468,#4492,#4516,#4540,#4564,#4588,#4612,#4636,#4660,#4684,#4708,#4732,#4756,#4780,#4804,#4828,#4852,#4876,#4900,#4924,#4948,#4972,#4996,#5020,#5044,#5068,#5092,#5116,#5140,#5164,#5188,#5212,#5236,#5260,#5284,#5308,#5332,#5356,#5380,#5404,#5428,#5452,#5476,#5500,#5524,#5548,#5572,#5596,#5620,#5644,#5668,#5692,#5716,#5740,#5764,#5801,#5827,#5852,#5877,#5902,#5927,#5952,#5977,#6002,#6027,#6052,#6077,#6102,#6127,#6152,#6177,#6202,#6227,#6252,#6277,#6302,#6327,#6352,#6390,#6417,#6443,#6469,#6495,#6521,#6547,#6586,#6613,#6639,#6665,#6691,#6717,#6743,#6769,#6795,#6821,#6847,#6873,#6899,#6925,#6951,#6977,#7003,#7029,#7055,#7081,#7107,#7133,#7159,#7185,#7224,#7251,#7277,#7303,#7329,#7355,#7381,#7407,#7433,#7459,#7485,#7511,#7550,#7577,#7603,#7629,#7655,#7681,#7707,#7733,#7759,#7785,#7811,#7837,#9573,#9586,#9598,#9610,#9622,#9634,#9646,#9658,#9670,#9682,#9694,#9706,#9718,#9730,#9742,#9754,#9766,#9778,#9790,#9802,#9814,#9826,#9838,#9850,#9862,#9874,#9886,#9898,#9910,#9922,#9934,#9946,#9958,#9970,#9982,#9994,#10006,#10018,#10030,#10042,#10054,#10066,#10078,#10090,#10102,#10114,#10126,#10138,#10150,#10162,#10174,#10186,#10198,#10210,#10222,#10234,#10246,#10258,#10270,#10282,#10294,#10306,#10318,#10330,#10342,#10354,#10366,#10378,#10390,#10402,#10414,#10426,#10438,#10450),#42);
#10470=IFCPROPERTYSET('0l_ju0lUAUs6s_KNzvcOXO',#18,'Pset_BuildingStoreyCommon',$,(#10456,#10457,#10462));
#10471=IFCRELDEFINESBYPROPERTIES('28O16rZiVfC7T_6uAfn6MT',#18,$,$,(#49),#10470);
#10472=IFCPROPERTYSET('16TOolAE5zcANInd81YeIV',#18,'Pset_BuildingStoreyCommon',$,(#10456,#10457,#10462));
#10473=IFCRELDEFINESBYPROPERTIES('0sCGTBfMzbhWRgfgQgoZ1v',#18,$,$,(#53),#10472);
#10474=IFCPROPERTYSET('28HiEdRPsKmqHh0NXkIRkq',#18,'Pset_BuildingStoreyCommon',$,(#10456,#10457,#10462));
#10475=IFCRELDEFINESBYPROPERTIES('2KuBFtSFsiRGzaffySWsPW',#18,$,$,(#57),#10474);
#10476=IFCPROPERTYSET('3dPiWCojurOFE3M2fN1WEs',#18,'Pset_BuildingStoreyCommon',$,(#10456,#10457,#10462));
#10477=IFCRELDEFINESBYPROPERTIES('113rYAu$eHJGPCE9jpK0km',#18,$,$,(#61),#10476);
#10478=IFCPROPERTYSET('32JhC4VC8YXCQlJyN6on30',#18,'Pset_BuildingStoreyCommon',$,(#10456,#10457,#10462));
#10479=IFCRELDEFINESBYPROPERTIES('3kN8Ub5uI6AyI5fsDJ55sH',#18,$,$,(#65),#10478);
#10480=IFCPROPERTYSET('0rC2f0QjK2atozfYPT86Tg',#18,'Pset_BuildingStoreyCommon',$,(#10456,#10457,#10462));
#10481=IFCRELDEFINESBYPROPERTIES('12dOfU_03EUfYzrBo60gpH',#18,$,$,(#69),#10480);
#10482=IFCPROPERTYSET('2ifHA0vbwSJ$1D_wyseCGx',#18,'Pset_BuildingStoreyCommon',$,(#10456,#10457,#10462));
#10483=IFCRELDEFINESBYPROPERTIES('3yTcoF9GZYRUJIMgq2G7OW',#18,$,$,(#73),#10482);
#10484=IFCPROPERTYSET('3XK84oOpeXX2waVeV3njI8',#18,'Pset_BuildingStoreyCommon',$,(#10456,#10457,#10462));
#10485=IFCRELDEFINESBYPROPERTIES('2E2rA3M80kOKJ33x3XYs8X',#18,$,$,(#77),#10484);
#10486=IFCPROPERTYSET('3WymCKylILxK$bYDV7IAZq',#18,'Pset_BuildingStoreyCommon',$,(#10456,#10457,#10462));
#10487=IFCRELDEFINESBYPROPERTIES('1gxXawZlBYtrmHOXlLH0wG',#18,$,$,(#81),#10486);
#10488=IFCPROPERTYSET('1vhGtn7OfbgkSJUiKcLgUY',#18,'Pset_BuildingStoreyCommon',$,(#10456,#10457,#10462));
#10489=IFCRELDEFINESBYPROPERTIES('3GFMnCCKccrTysnge2Z4Om',#18,$,$,(#85),#10488);
#10490=IFCRELAGGREGATES('2rdIHD0ghGlP9018VYWuMq',#18,$,$,#30,(#88));
#10491=IFCRELAGGREGATES('3$5CF2GXN2zDyuZHaPP_Y4',#18,$,$,#88,(#34));
#10492=IFCRELAGGREGATES('1Sps1bgmr0zeLndh898P8w',#18,$,$,#34,(#38,#42,#45,#49,#53,#57,#61,#65,#69,#73,#77,#81,#85));
#10493=IFCPROPERTYSINGLEVALUE('NumberOfStoreys',$,IFCINTEGER(2),$);
#10494=IFCPROPERTYSINGLEVALUE('IsLandmarked',$,IFCLOGICAL(.F.),$);
#10495=IFCPROPERTYSET('0o9OI4ZgpYbBldr7fd5iSw',#18,'Pset_BuildingCommon',$,(#89,#10493,#10494));
#10496=IFCPROPERTYSET('0Ki02kzhVZuKQEyaLsvRNc',#18,'Pset_BuildingElementProxyCommon',$,(#89,#238));
#10497=IFCPROPERTYSINGLEVALUE('AboveGround',$,IFCLOGICAL(.F.),$);
#10498=IFCPROPERTYSET('2sMVysOuJcADtmhHQzDrvg',#18,'Pset_BuildingStoreyCommon',$,(#89,#10497));
#10499=IFCPROPERTYSET('1FbeQ8xLKNkIfkIC768EE0',#18,'Pset_BuildingSystemCommon',$,(#89));
#10500=IFCRELDEFINESBYPROPERTIES('0ULaZnVQ7UT2_YTXqKdVf7',#18,$,$,(#34),#10495);
#10501=IFCRELDEFINESBYPROPERTIES('0UEAFBgU0oRap$pj2SwyHK',#18,$,$,(#34),#10496);
#10502=IFCRELDEFINESBYPROPERTIES('0ro5mpLxW89U6nILruG76J',#18,$,$,(#34),#10498);
#10503=IFCRELDEFINESBYPROPERTIES('03$DFMs_usa5OesspB03Ud',#18,$,$,(#34),#10499);
#10504=IFCRELASSOCIATESMATERIAL('14j6Wij4Fj2gy8OAaHHf1A',#18,$,$,(#197),#206);
#10505=IFCRELASSOCIATESMATERIAL('1ZhjQSpLYZ6RNwA4revqQJ',#18,$,$,(#9557),#9566);
#10506=IFCRELASSOCIATESMATERIAL('0FD9kPW2$8nlik6JYBm$G5',#18,$,$,(#9573),#9576);
#10507=IFCRELASSOCIATESMATERIAL('3wBXR3gqTfPonTNnYVjN_S',#18,$,$,(#9586),#9589);
#10508=IFCRELASSOCIATESMATERIAL('16FMf45OuJIHTLpwgrTnS1',#18,$,$,(#9598),#9601);
#10509=IFCRELASSOCIATESMATERIAL('2mSDHQnLEvVYCW$Chr3Ghp',#18,$,$,(#9610),#9613);
#10510=IFCRELASSOCIATESMATERIAL('0ZHqYehm72n1swMIPZgcwN',#18,$,$,(#9622),#9625);
#10511=IFCRELASSOCIATESMATERIAL('1PvSTNXw6Nx8UpBraZT$j6',#18,$,$,(#9634),#9637);
#10512=IFCRELASSOCIATESMATERIAL('1kBFgiMf32ScrZ0OhaX7Hi',#18,$,$,(#9646),#9649);
#10513=IFCRELASSOCIATESMATERIAL('0JPd3EpFRzM3kbqThcTGzW',#18,$,$,(#9658),#9661);
#10514=IFCRELASSOCIATESMATERIAL('3qJx9B97ijdx3AGf6Vy1d6',#18,$,$,(#9670),#9673);
#10515=IFCRELASSOCIATESMATERIAL('2fM7Vyul$c1fcVljz3MHs_',#18,$,$,(#9682),#9685);
#10516=IFCRELASSOCIATESMATERIAL('0S0eDwgHYgd_jweJwTo9DJ',#18,$,$,(#9694),#9697);
#10517=IFCRELASSOCIATESMATERIAL('3$293bZb6yzV5FyVp1C8k3',#18,$,$,(#9706),#9709);
#10518=IFCRELASSOCIATESMATERIAL('1OFVfUn5oesAKToFBZ6iTr',#18,$,$,(#9718),#9721);
#10519=IFCRELASSOCIATESMATERIAL('0Vg9FKzzATS3Zer_pPZI4v',#18,$,$,(#9730),#9733);
#10520=IFCRELASSOCIATESMATERIAL('0XOZXCAFoU6vHttiz4ajVH',#18,$,$,(#9742),#9745);
#10521=IFCRELASSOCIATESMATERIAL('12xYyY6B$6hrkii4Wt9vrr',#18,$,$,(#9754),#9757);
#10522=IFCRELASSOCIATESMATERIAL('2pq4WJXTd$lGvPGtgZzbqM',#18,$,$,(#9766),#9769);
#10523=IFCRELASSOCIATESMATERIAL('0gpf4x7NS7RChr9l6oMSnv',#18,$,$,(#9778),#9781);
#10524=IFCRELASSOCIATESMATERIAL('3cRSVhtz6EKyeE79Qd0dsL',#18,$,$,(#9790),#9793);
#10525=IFCRELASSOCIATESMATERIAL('14V_V4b8UldM5AYbG1VTEI',#18,$,$,(#9802),#9805);
#10526=IFCRELASSOCIATESMATERIAL('0$brbK8XsKMfHJk0e_hbbB',#18,$,$,(#9814),#9817);
#10527=IFCRELASSOCIATESMATERIAL('0awyPMOpI4bSwfpBQewiTc',#18,$,$,(#9826),#9829);
#10528=IFCRELASSOCIATESMATERIAL('2dludzJc$8SkA$fLlBN7mD',#18,$,$,(#9838),#9841);
#10529=IFCRELASSOCIATESMATERIAL('3bqHpxA6I9fJQYy7cVaZtS',#18,$,$,(#9850),#9853);
#10530=IFCRELASSOCIATESMATERIAL('0GSRRBSsvDJbyLBGfDR3AT',#18,$,$,(#9862),#9865);
#10531=IFCRELASSOCIATESMATERIAL('3lz32hbbmJ0DEHWK5d2iG0',#18,$,$,(#9874),#9877);
#10532=IFCRELASSOCIATESMATERIAL('2bmLKVrOcnSARVuNnF$fSb',#18,$,$,(#9886),#9889);
#10533=IFCRELASSOCIATESMATERIAL('0nN8uxGw$PInB91pbB1dUw',#18,$,$,(#9898),#9901);
#10534=IFCRELASSOCIATESMATERIAL('3pf3BilRYDPHY4OJluMS6V',#18,$,$,(#9910),#9913);
#10535=IFCRELASSOCIATESMATERIAL('2aneOB_RTV6Gu9r1qAsEem',#18,$,$,(#9922),#9925);
#10536=IFCRELASSOCIATESMATERIAL('3Tcg5zHjsGU4tIRWq3UckK',#18,$,$,(#9934),#9937);
#10537=IFCRELASSOCIATESMATERIAL('3r6uLTdQdK7zv5Mtpkj1Ot',#18,$,$,(#9946),#9949);
#10538=IFCRELASSOCIATESMATERIAL('0moIOMcpuzbdN3ySYBPubb',#18,$,$,(#9958),#9961);
#10539=IFCRELASSOCIATESMATERIAL('2EqMeC8IvMpsrYK51RYSzu',#18,$,$,(#9970),#9973);
#10540=IFCRELASSOCIATESMATERIAL('2RX7j9vG$CongDwf_N93wO',#18,$,$,(#9982),#9985);
#10541=IFCRELASSOCIATESMATERIAL('0R4emdoa0JdjkH1f9CBaMd',#18,$,$,(#9994),#9997);
#10542=IFCRELASSOCIATESMATERIAL('2yURORZbEFs7zQM1kP8iQM',#18,$,$,(#10006),#10009);
#10543=IFCRELASSOCIATESMATERIAL('0hTcxbtpEDIQYlcsSpMzzB',#18,$,$,(#10018),#10021);
#10544=IFCRELASSOCIATESMATERIAL('1xcpmS7DSCRuy3Rdx8ur1n',#18,$,$,(#10030),#10033);
#10545=IFCRELASSOCIATESMATERIAL('21fwxwrte5vTtC6jC54jpq',#18,$,$,(#10042),#10045);
#10546=IFCRELASSOCIATESMATERIAL('07X1BQFrDZO7LMm3duVmNv',#18,$,$,(#10054),#10057);
#10547=IFCRELASSOCIATESMATERIAL('0LZ1hTb60620ifbhlagv2n',#18,$,$,(#10066),#10069);
#10548=IFCRELASSOCIATESMATERIAL('33WUp4n0OLD26eBv0zhj78',#18,$,$,(#10078),#10081);
#10549=IFCRELASSOCIATESMATERIAL('3$8NAeYxAYiByPkrc9HSut',#18,$,$,(#10090),#10093);
#10550=IFCRELASSOCIATESMATERIAL('2m1s1JJu1XeYKVRi9E$SsC',#18,$,$,(#10102),#10105);
#10551=IFCRELASSOCIATESMATERIAL('1b4so1C_GmAOE7cj9dF_0R',#18,$,$,(#10114),#10117);
#10552=IFCRELASSOCIATESMATERIAL('2bMwEfvhBYHpa0B$Rx7vme',#18,$,$,(#10126),#10129);
#10553=IFCRELASSOCIATESMATERIAL('1cYocXQnPqy8D_PbN7EZKY',#18,$,$,(#10138),#10141);
#10554=IFCRELASSOCIATESMATERIAL('3fQLbeSJBA9nXKosDawrba',#18,$,$,(#10150),#10153);
#10555=IFCRELASSOCIATESMATERIAL('3mDy$NGX0jpc_V6gHPlcNa',#18,$,$,(#10162),#10165);
#10556=IFCRELASSOCIATESMATERIAL('1XkU1v$2fk$VXS0vaUe$xa',#18,$,$,(#10174),#10177);
#10557=IFCRELASSOCIATESMATERIAL('1PLAjO94LCVUxs7H7eI3Of',#18,$,$,(#10186),#10189);
#10558=IFCRELASSOCIATESMATERIAL('36ACJdAFQSbY6PheN6sJxx',#18,$,$,(#10198),#10201);
#10559=IFCRELASSOCIATESMATERIAL('0NOxM7kF8VdmipTjn4papU',#18,$,$,(#10210),#10213);
#10560=IFCRELASSOCIATESMATERIAL('1kn5EaPId0dzBig_4GbT$T',#18,$,$,(#10222),#10225);
#10561=IFCRELASSOCIATESMATERIAL('0haC1dEXQVab9NPv_6HwYg',#18,$,$,(#10234),#10237);
#10562=IFCRELASSOCIATESMATERIAL('0q1W8EqlTvEGz14SWYLxQR',#18,$,$,(#10246),#10249);
#10563=IFCRELASSOCIATESMATERIAL('2LLrLrvYUFT$x1JxLmAARN',#18,$,$,(#10258),#10261);
#10564=IFCRELASSOCIATESMATERIAL('09IIqmN$Vwt5n6DMLTd$MJ',#18,$,$,(#10270),#10273);
#10565=IFCRELASSOCIATESMATERIAL('05ca3SVBnBY97qMyzfmVzz',#18,$,$,(#10282),#10285);
#10566=IFCRELASSOCIATESMATERIAL('0CmLbb8X596Q8Xz8DuFy11',#18,$,$,(#10294),#10297);
#10567=IFCRELASSOCIATESMATERIAL('30dNiTIgONRA3hsqWqfn5U',#18,$,$,(#10306),#10309);
#10568=IFCRELASSOCIATESMATERIAL('1_t3bnxQRwCsVok2XZQtYP',#18,$,$,(#10318),#10321);
#10569=IFCRELASSOCIATESMATERIAL('2EmTXWHn$zGoNbd94FIt3M',#18,$,$,(#10330),#10333);
#10570=IFCRELASSOCIATESMATERIAL('3r$B05daPMzyVj2VL$cRHG',#18,$,$,(#10342),#10345);
#10571=IFCRELASSOCIATESMATERIAL('2Rx74tF8Y70K$17wJOGW0a',#18,$,$,(#10354),#10357);
#10572=IFCRELASSOCIATESMATERIAL('2R_Jix0w_rUP$71BtaCWdN',#18,$,$,(#10366),#10369);
#10573=IFCRELASSOCIATESMATERIAL('0DGkbPAF2GyGGrXbJUjh9c',#18,$,$,(#10378),#10381);
#10574=IFCRELASSOCIATESMATERIAL('1k48Z_oslnCbACdpS5$6Cn',#18,$,$,(#10390),#10393);
#10575=IFCRELASSOCIATESMATERIAL('0cIKsIJvG0b_LD7qo0d5p3',#18,$,$,(#10402),#10405);
#10576=IFCRELASSOCIATESMATERIAL('2XKU1FA2m32nXWmHT_eLi8',#18,$,$,(#10414),#10417);
#10577=IFCRELASSOCIATESMATERIAL('2X4jaXSe4qhaNCCDFfGaiD',#18,$,$,(#10426),#10429);
#10578=IFCRELASSOCIATESMATERIAL('2_CSCjnGqqxg$DdtmflsYQ',#18,$,$,(#10438),#10441);
#10579=IFCRELASSOCIATESMATERIAL('24$DjU7D1gCG7AuRMr_VXw',#18,$,$,(#10450),#10453);
#10580=IFCRELASSOCIATESMATERIAL('3FafKJCquG3jMfz67jXtMw',#18,$,$,(#6382,#6390,#6417,#6443,#6469,#6495,#6521,#6547,#6578,#6586,#6613,#6639,#6665,#6691,#6717,#6743,#6769,#6795,#6821,#6847,#6873,#6899,#6925,#6951,#6977,#7003,#7029,#7055,#7081,#7107,#7133,#7159,#7185,#7216,#7224,#7251,#7277,#7303,#7329,#7355,#7381,#7407,#7433,#7459,#7485,#7511,#7542,#7550,#7577,#7603,#7629,#7655,#7681,#7707,#7733,#7759,#7785,#7811,#7837),#198);
#10581=IFCRELASSOCIATESMATERIAL('28gnHJM7IT3rW5Kb3z9IY1',#18,$,$,(#234,#235,#2548,#2549,#2576,#2602,#2628,#3473,#3483,#3508,#3532,#3556,#3580,#3604,#3628,#3652,#3676,#3700,#3724,#3748,#3772,#3796,#3820,#3844,#3868,#3892,#3916,#3940,#3964,#3988,#4012,#4036,#4060,#4084,#4108,#4132,#4156,#4180,#4204,#4228,#4252,#4276,#4300,#4324,#4348,#4372,#4396,#4420,#4444,#4468,#4492,#4516,#4540,#4564,#4588,#4612,#4636,#4660,#4684,#4708,#4732,#4756,#4780,#4804,#4828,#4852,#4876,#4900,#4924,#4948,#4972,#4996,#5020,#5044,#5068,#5092,#5116,#5140,#5164,#5188,#5212,#5236,#5260,#5284,#5308,#5332,#5356,#5380,#5404,#5428,#5452,#5476,#5500,#5524,#5548,#5572,#5596,#5620,#5644,#5668,#5692,#5716,#5740,#5764,#5793,#5801,#5827,#5852,#5877,#5902,#5927,#5952,#5977,#6002,#6027,#6052,#6077,#6102,#6127,#6152,#6177,#6202,#6227,#6252,#6277,#6302,#6327,#6352),#236);
#10582=IFCRELASSOCIATESMATERIAL('14do6uyBFfAcVRE0KAQPyu',#18,$,$,(#268,#269,#297,#325,#351,#379,#405,#2144,#2145,#2172,#2198,#2438,#2496,#2522,#2815,#2816,#2843,#2869,#2895,#2921,#2947,#2973,#2999,#3025),#270);
#10583=IFCRELASSOCIATESMATERIAL('02dX7FpyRgIuR9P61su133',#18,$,$,(#434,#435,#463,#488),#436);
#10584=IFCRELASSOCIATESMATERIAL('1PYSpHXGykuQ9tsIJWxGOa',#18,$,$,(#517,#518,#549,#578,#607,#636,#665,#694,#723,#752,#781,#810,#839,#868,#897,#926,#955,#984,#1013,#1042,#1071,#1100,#1129,#1158,#1187,#1216,#1245,#1274,#1303,#1332,#1361,#1390,#1419,#1448,#1477,#1506,#1535,#1564,#1593,#1622,#1651,#1680,#1709,#1738,#1767,#1796,#1825,#1854,#1883,#1912,#1941,#1970,#1999,#2028,#2057,#2086,#2115),#519);
#10585=IFCRELASSOCIATESMATERIAL('1dsojgAohrsfKCCpI$4IbL',#18,$,$,(#2227,#2228),#2229);
#10586=IFCRELASSOCIATESMATERIAL('2RfTHtHV1SKJeBy5qgMMVI',#18,$,$,(#2259,#2260,#2288,#2289,#2344,#2383,#2415,#2472,#2654,#2680,#2706),#2261);
#10587=IFCRELASSOCIATESMATERIAL('2CnFsn2EhTdMS59cdOlXWV',#18,$,$,(#2735,#2736,#2763,#2789),#2737);
#10588=IFCRELASSOCIATESMATERIAL('3umFsKT_v2tpj9RX1TpMOM',#18,$,$,(#3054,#3055,#3083,#3109,#3135,#3161,#3187,#3213,#3239,#3265,#3291,#3317,#3343,#3369,#3395,#3421,#3447),#3056);
#10589=IFCRELDEFINESBYTYPE('3HxN28L645CkQe25x094j0',#18,$,$,(#234),#235);
#10590=IFCRELDEFINESBYTYPE('10lBtI2pvoHNu1Q8dZEtC5',#18,$,$,(#268,#297,#325,#351,#379,#405,#2438,#2496,#2522,#2999,#3025),#269);
#10591=IFCRELDEFINESBYTYPE('3CM3cUEsJG3tWDkdA26KyH',#18,$,$,(#434,#463,#488),#435);
#10592=IFCRELDEFINESBYTYPE('2t8wbrerEDpBeGrNOCYDi_',#18,$,$,(#517,#549,#578,#607,#636,#665,#694,#723,#752,#781,#810,#839,#868,#897,#926,#955,#984,#1013,#1042,#1071,#1100,#1129,#1158,#1187,#1216,#1245,#1274,#1303,#1332,#1361,#1390,#1419,#1448,#1477,#1506,#1535,#1564,#1593,#1622,#1651,#1680,#1709,#1738,#1767,#1796,#1825,#1854,#1883,#1912,#1941,#1970,#1999,#2028,#2057,#2086,#2115),#518);
#10593=IFCRELDEFINESBYTYPE('1$bybtTmWkvLTOmlvMhOjG',#18,$,$,(#2144,#2172,#2198),#2145);
#10594=IFCRELDEFINESBYTYPE('05Ibug$SETjbay4DeZoAaX',#18,$,$,(#2227),#2228);
#10595=IFCRELDEFINESBYTYPE('3ST5NlvSFDf7nwp9TFwEQp',#18,$,$,(#2259,#2344,#2383,#2415,#2472),#2260);
#10596=IFCRELDEFINESBYTYPE('3fgcnFaFQJ$pgXK_uviM3b',#18,$,$,(#2288,#2654,#2680,#2706),#2289);
#10597=IFCRELDEFINESBYTYPE('2SqXcc2aCrUs_q1_XGM4Dn',#18,$,$,(#2548,#2576,#2602,#2628),#2549);
#10598=IFCRELDEFINESBYTYPE('20O_Wpi7Y3QqR2oCrsGtHr',#18,$,$,(#2735,#2763,#2789),#2736);
#10599=IFCRELDEFINESBYTYPE('3ZffNgSqeEtwn6Xr912Eu_',#18,$,$,(#2815,#2843,#2869,#2895,#2921,#2947,#2973),#2816);
#10600=IFCRELDEFINESBYTYPE('21bi34VfMeAGkU1zLYtv$Q',#18,$,$,(#3054,#3083,#3109,#3135,#3161,#3187,#3213,#3239,#3265,#3291,#3317,#3343,#3369,#3395,#3421,#3447),#3055);
#10601=IFCRELDEFINESBYTYPE('1XZ7jqioxNX5KZRgh$KV5T',#18,$,$,(#3483,#3508,#3532,#3556,#3580,#3604,#3628,#3652,#3676,#3700,#3724,#3748,#3772,#3796,#3820,#3844,#3868,#3892,#3916,#3940,#3964,#3988,#4012,#4036,#4060,#4084,#4108,#4132,#4156,#4180,#4204,#4228,#4252,#4276,#4300,#4324,#4348,#4372,#4396,#4420,#4444,#4468,#4492,#4516,#4540,#4564,#4588,#4612,#4636,#4660,#4684,#4708,#4732,#4756,#4780,#4804,#4828,#4852,#4876,#4900,#4924,#4948,#4972,#4996,#5020,#5044,#5068,#5092,#5116,#5140,#5164,#5188,#5212,#5236,#5260,#5284,#5308,#5332,#5356,#5380,#5404,#5428,#5452,#5476,#5500,#5524,#5548,#5572,#5596,#5620,#5644,#5668,#5692,#5716,#5740,#5764),#3473);
#10602=IFCRELDEFINESBYTYPE('1YMgweCSx0dutjqBg08_cl',#18,$,$,(#5801,#5827,#5852,#5877,#5902,#5927,#5952,#5977,#6002,#6027,#6052,#6077,#6102,#6127,#6152,#6177,#6202,#6227,#6252,#6277,#6302,#6327,#6352),#5793);
#10603=IFCRELDEFINESBYTYPE('09S49trJWoc_OraeGlH4Of',#18,$,$,(#6390,#6417,#6443,#6469,#6495,#6521,#6547,#6639,#6691,#6717,#6743,#6769,#6795,#6821,#6873,#6925,#6951,#6977,#7003,#7055,#7107,#7133,#7159),#6382);
#10604=IFCRELDEFINESBYTYPE('1loFNUFIc8RCBXB_thxKjP',#18,$,$,(#6586,#6613,#6665,#6847,#6899,#7029,#7081,#7185),#6578);
#10605=IFCRELDEFINESBYTYPE('1wikZ2ZvIaDdX$WNwA4W9c',#18,$,$,(#7224,#7251,#7277,#7303,#7329,#7355,#7381,#7407,#7433,#7459,#7485,#7511),#7216);
#10606=IFCRELDEFINESBYTYPE('2sOuyNjPhwVBEGaKsK5h_J',#18,$,$,(#7550,#7577,#7603,#7629,#7655,#7681,#7707,#7733,#7759,#7785,#7811,#7837),#7542);
#10607=IFCRELDEFINESBYTYPE('2u_YknfzBUVzr$nxf1sLL4',#18,$,$,(#9573,#9586,#9598,#9610,#9622,#9634,#9646,#9658,#9670,#9682,#9694,#9706,#9718,#9730,#9742,#9754,#9766,#9778,#9790,#9802,#9814,#9826,#9838,#9850,#9862,#9874,#9886,#9898,#9910,#9922,#9934,#9946,#9958,#9970,#9982,#9994,#10006,#10018,#10030,#10042,#10054,#10066,#10078,#10090,#10102,#10114,#10126,#10138,#10150,#10162,#10174,#10186,#10198,#10210,#10222,#10234,#10246,#10258,#10270,#10282,#10294,#10306,#10318,#10330,#10342,#10354,#10366,#10378,#10390,#10402,#10414,#10426,#10438,#10450),#9557);
#10608=IFCPRESENTATIONLAYERASSIGNMENT('L-SITE-____-OTLN',$,(#188,#193,#201,#204),$);
#10609=IFCPRESENTATIONLAYERASSIGNMENT('C-TOPO-____-OTLN',$,(#232,#266,#295,#323,#349,#377,#403,#432,#461,#486,#515,#547,#576,#605,#634,#663,#692,#721,#750,#779,#808,#837,#866,#895,#924,#953,#982,#1011,#1040,#1069,#1098,#1127,#1156,#1185,#1214,#1243,#1272,#1301,#1330,#1359,#1388,#1417,#1446,#1475,#1504,#1533,#1562,#1591,#1620,#1649,#1678,#1707,#1736,#1765,#1794,#1823,#1852,#1881,#1910,#1939,#1968,#1997,#2026,#2055,#2084,#2113,#2142,#2170,#2196,#2225,#2257,#2286,#2342,#2381,#2413,#2436,#2470,#2494,#2520,#2546,#2574,#2600,#2626,#2652,#2678,#2704,#2733,#2761,#2787,#2813,#2841,#2867,#2893,#2919,#2945,#2971,#2997,#3023,#3052,#3081,#3107,#3133,#3159,#3185,#3211,#3237,#3263,#3289,#3315,#3341,#3367,#3393,#3419,#3445),$);
#10610=IFCPRESENTATIONLAYERASSIGNMENT('C-PRKG-____-OTLN',$,(#3470,#3477,#3502,#3526,#3550,#3574,#3598,#3622,#3646,#3670,#3694,#3718,#3742,#3766,#3790,#3814,#3838,#3862,#3886,#3910,#3934,#3958,#3982,#4006,#4030,#4054,#4078,#4102,#4126,#4150,#4174,#4198,#4222,#4246,#4270,#4294,#4318,#4342,#4366,#4390,#4414,#4438,#4462,#4486,#4510,#4534,#4558,#4582,#4606,#4630,#4654,#4678,#4702,#4726,#4750,#4774,#4798,#4822,#4846,#4870,#4894,#4918,#4942,#4966,#4990,#5014,#5038,#5062,#5086,#5110,#5134,#5158,#5182,#5206,#5230,#5254,#5278,#5302,#5326,#5350,#5374,#5398,#5422,#5446,#5470,#5494,#5518,#5542,#5566,#5590,#5614,#5638,#5662,#5686,#5710,#5734,#5758,#5790,#5795,#5821,#5846,#5871,#5896,#5921,#5946,#5971,#5996,#6021,#6046,#6071,#6096,#6121,#6146,#6171,#6196,#6221,#6246,#6271,#6296,#6321,#6346),$);
#10611=IFCPRESENTATIONLAYERASSIGNMENT('A-GENM-____-OTLN',$,(#6379,#6384,#6411,#6437,#6463,#6489,#6515,#6541,#6575,#6580,#6607,#6633,#6659,#6685,#6711,#6737,#6763,#6789,#6815,#6841,#6867,#6893,#6919,#6945,#6971,#6997,#7023,#7049,#7075,#7101,#7127,#7153,#7179,#7213,#7218,#7245,#7271,#7297,#7323,#7349,#7375,#7401,#7427,#7453,#7479,#7505,#7539,#7544,#7571,#7597,#7623,#7649,#7675,#7701,#7727,#7753,#7779,#7805,#7831,#9554,#9561,#9564,#9568,#9581,#9593,#9605,#9617,#9629,#9641,#9653,#9665,#9677,#9689,#9701,#9713,#9725,#9737,#9749,#9761,#9773,#9785,#9797,#9809,#9821,#9833,#9845,#9857,#9869,#9881,#9893,#9905,#9917,#9929,#9941,#9953,#9965,#9977,#9989,#10001,#10013,#10025,#10037,#10049,#10061,#10073,#10085,#10097,#10109,#10121,#10133,#10145,#10157,#10169,#10181,#10193,#10205,#10217,#10229,#10241,#10253,#10265,#10277,#10289,#10301,#10313,#10325,#10337,#10349,#10361,#10373,#10385,#10397,#10409,#10421,#10433,#10445),$);
#10612=IFCRELASSOCIATESCLASSIFICATION('1ezml7We2iH1kBI6yNIFYl',#18,'vaste verkeersvoorzieningen; standaard, algemeen (verzamelniveau)','vaste verkeersvoorzieningen; standaard, algemeen (verzamelniveau):71.10',(#3473,#3483,#3508,#3532,#3556,#3580,#3604,#3628,#3652,#3676,#3700,#3724,#3748,#3772,#3796,#3820,#3844,#3868,#3892,#3916,#3940,#3964,#3988,#4012,#4036,#4060,#4084,#4108,#4132,#4156,#4180,#4204,#4228,#4252,#4276,#4300,#4324,#4348,#4372,#4396,#4420,#4444,#4468,#4492,#4516,#4540,#4564,#4588,#4612,#4636,#4660,#4684,#4708,#4732,#4756,#4780,#4804,#4828,#4852,#4876,#4900,#4924,#4948,#4972,#4996,#5020,#5044,#5068,#5092,#5116,#5140,#5164,#5188,#5212,#5236,#5260,#5284,#5308,#5332,#5356,#5380,#5404,#5428,#5452,#5476,#5500,#5524,#5548,#5572,#5596,#5620,#5644,#5668,#5692,#5716,#5740,#5764),#3475);
#10613=IFCUNITASSIGNMENT((#19,#92,#227,#248));
#10614=IFCQUANTITYLENGTH('FinishCeilingHeight',$,$,1.5,$);
#10615=IFCQUANTITYLENGTH('FinishFloorHeight',$,$,0.,$);
#10616=IFCQUANTITYLENGTH('GrossPerimeter',$,$,244.604302726736,$);
#10617=IFCQUANTITYLENGTH('Height',$,$,1.5,$);
#10618=IFCQUANTITYAREA('NetCeilingArea',$,$,0.,$);
#10619=IFCQUANTITYAREA('NetFloorArea',$,$,403.725804328918,$);
#10620=IFCQUANTITYLENGTH('FinishCeilingHeight',$,$,1.5,$);
#10621=IFCQUANTITYLENGTH('FinishFloorHeight',$,$,0.,$);
#10622=IFCQUANTITYAREA('GrossFloorArea',$,$,923.148364067078,$);
#10623=IFCQUANTITYLENGTH('GrossPerimeter',$,$,339.071463517908,$);
#10624=IFCQUANTITYVOLUME('GrossVolume',$,$,960.418078889983,$);
#10625=IFCQUANTITYLENGTH('Height',$,$,1.5,$);
#10626=IFCQUANTITYAREA('NetCeilingArea',$,$,942.978440284729,$);
#10627=IFCQUANTITYAREA('NetFloorArea',$,$,923.148364067078,$);
#10628=IFCQUANTITYLENGTH('FinishCeilingHeight',$,$,1.5,$);
#10629=IFCQUANTITYLENGTH('FinishFloorHeight',$,$,0.,$);
#10630=IFCQUANTITYAREA('GrossFloorArea',$,$,567.917022705078,$);
#10631=IFCQUANTITYLENGTH('GrossPerimeter',$,$,206.417254465263,$);
#10632=IFCQUANTITYVOLUME('GrossVolume',$,$,585.930885983318,$);
#10633=IFCQUANTITYLENGTH('Height',$,$,1.5,$);
#10634=IFCQUANTITYAREA('NetCeilingArea',$,$,576.281694412231,$);
#10635=IFCQUANTITYAREA('NetFloorArea',$,$,567.917022705078,$);
#10636=IFCQUANTITYLENGTH('FinishCeilingHeight',$,$,1.5,$);
#10637=IFCQUANTITYLENGTH('FinishFloorHeight',$,$,0.,$);
#10638=IFCQUANTITYAREA('GrossFloorArea',$,$,750.889241218567,$);
#10639=IFCQUANTITYLENGTH('GrossPerimeter',$,$,255.158871912708,$);
#10640=IFCQUANTITYVOLUME('GrossVolume',$,$,736.263001110864,$);
#10641=IFCQUANTITYLENGTH('Height',$,$,1.5,$);
#10642=IFCQUANTITYAREA('NetCeilingArea',$,$,760.556255698204,$);
#10643=IFCQUANTITYAREA('NetFloorArea',$,$,750.889241218567,$);
#10644=IFCQUANTITYLENGTH('FinishCeilingHeight',$,$,1.5,$);
#10645=IFCQUANTITYLENGTH('FinishFloorHeight',$,$,0.,$);
#10646=IFCQUANTITYAREA('GrossFloorArea',$,$,595.501141309738,$);
#10647=IFCQUANTITYLENGTH('GrossPerimeter',$,$,343.870285168548,$);
#10648=IFCQUANTITYVOLUME('GrossVolume',$,$,579.517991707534,$);
#10649=IFCQUANTITYLENGTH('Height',$,$,1.5,$);
#10650=IFCQUANTITYAREA('NetCeilingArea',$,$,619.431995868683,$);
#10651=IFCQUANTITYAREA('NetFloorArea',$,$,595.501141309738,$);
ENDSEC;
END-ISO-10303-21;
